Email,Password,Phone,DOB,LoginID
Imelda_Glover@delilah.org,Dickens,002-288-0036 x25180,5/10/2004,Dudley
Lillian_Kub@preston.name,Denesik,1-118-329-4659 x96043,7/12/1981,Frieda
Karlie_Beahan@ulices.org,Lebsack,1-564-953-1045 x2477,11/13/2004,Colby.Keebler
Montana.Huels@amelie.info,O'Connell,(831)345-6592 x1961,10/19/2008,Mathilde.Schaefer
Alf@trystan.info,Davis,719.399.1762 x848,5/1/1985,Rahul
Camryn@rodger.tv,Nienow,694.791.7859 x7525,5/26/1987,Rowland
Johann@ryan.tv,Lebsack,959.856.7057 x5373,7/3/2001,Angelina
Angelica@kane.info,Stroman,(236)028-2279,7/9/1988,Jaida_Fadel
Genesis_Steuber@arden.com,Bruen,1-386-639-2986,5/20/1998,Immanuel.Hahn
Arnold@odessa.net,Schneider,004.416.2656,1/27/1983,Marcellus
Ervin_DAmore@christian.ca,Spinka,1-527-898-1150,12/5/1992,Scotty_Ryan
Chris@kaleb.io,Maggio,934.520.5248,5/13/2004,Devin
Hester_DuBuque@doug.com,Nader,715-220-5432 x3382,10/14/2011,Cordell
Arnulfo.Bruen@faye.net,Pfannerstill,(022)252-4780 x4664,9/1/2008,Jana_Wolf
Skylar@newell.co.uk,Ernser,(138)100-6854 x82100,4/23/1986,Thaddeus_Toy
Manuela.Marvin@nova.co.uk,Waters,1-581-475-4314 x5330,6/27/2009,Vida_Thiel
Hassie@jeanette.us,Klocko,(033)830-2438,6/8/1980,Abigale_O'Hara
Brooke@eduardo.me,Conn,024.548.4534,6/8/1997,Elouise
Brett@rogers.tv,Gusikowski,586-702-0576,7/26/2003,Teresa
Darius.Miller@neva.info,Rutherford,1-346-528-8587 x47447,1/11/2002,Nova.VonRueden
Cordell@lou.co.uk,Fisher,140.553.6587 x33475,9/9/2002,Enrico.Beier
Kasandra@annabel.co.uk,Klocko,921.776.1278,1/4/2005,Nyah_Bednar
Rollin_Pacocha@orpha.com,Lindgren,941-086-0043 x242,1/3/1988,Reanna
Tiara.Weber@alfonso.tv,Runolfsson,604-798-3493 x665,7/28/1993,Freeman
Leon@greg.ca,Luettgen,1-115-871-1327 x5695,1/31/2002,Annamarie
Wilfrid@clementina.biz,Swaniawski,585.475.5917,1/29/1982,Eliane_O'Kon
Alysa_Stanton@rosina.org,Murphy,536.058.6070 x6881,2/13/1987,Griffin
Eldred.Will@elwyn.net,Kuphal,684-505-2270,12/16/1995,Tremaine_Farrell
Jalon@madison.info,Denesik,1-692-621-6152 x71368,3/29/2004,Vergie_Reichel
Nia.Tillman@esteban.io,Senger,1-111-597-1361 x91526,9/3/1995,Coy_Wisozk
Enoch.Oberbrunner@neil.co.uk,Batz,(608)046-5254 x28894,5/13/1987,Ethel_Nitzsche
Maximillian.Hand@emilie.tv,O'Keefe,1-419-635-0423 x7599,5/8/1996,Miles_Purdy
Meggie@berry.me,Shanahan,(744)941-0856 x2973,3/12/2001,Alessia_Spencer
Katherine_Krajcik@grant.name,Hodkiewicz,1-741-144-0576 x70311,8/22/1985,Nicola
Collin_Connelly@sonny.ca,Ortiz,1-260-847-6623,7/28/1981,Tito
Mariana.Bednar@shannon.ca,Lemke,1-965-949-3222 x44497,12/3/1995,Torrey
Lionel@roman.io,Lockman,247-478-0685 x27861,8/12/1989,Opal.Welch
Lucius@mallie.name,Bednar,114.062.1451 x8524,2/22/1983,Christa
Alda_Schinner@dell.us,Marks,(098)020-9185,7/23/1990,Alexandra
Madilyn.Heidenreich@rose.tv,Bradtke,322.788.3405,6/9/1980,Buford_Schimmel
Jermain@jade.io,Gerhold,1-435-098-3049,1/9/1997,Rory.Morar
Anya@kitty.org,Herzog,831.973.2750 x3821,3/18/1998,Glen
Davonte@geo.com,Oberbrunner,105.764.6656 x5292,3/1/1988,Tina.Hermiston
Anibal@dominique.net,Heller,865.513.9187 x312,2/1/2003,Raphael
Eugene_Bradtke@jacynthe.name,Stamm,017-052-8812 x2001,1/15/1989,Madalyn_Hirthe
Odell@carey.info,Botsford,019-269-2559 x108,12/16/1984,Jon
Reba@joshua.ca,Jaskolski,(155)952-1777 x137,3/20/2004,Marcelino.Johnson
Chadrick_Crona@ralph.info,Collins,393-012-2416,3/31/2000,Margarete.Dooley
Arthur@adrianna.net,Zboncak,1-082-747-2558 x62495,8/11/2003,Hailie.O'Hara
Diana_Friesen@wilma.info,Hermiston,1-963-278-7855 x20426,12/12/2011,Alexandre
Leanne@alfonso.me,Frami,766-099-0818 x121,4/28/1986,Axel
Fleta@juana.com,Waelchi,(934)391-8477 x6932,1/3/2010,Emmet
Lavern.Marks@josue.co.uk,Marquardt,1-149-970-9058,6/26/1996,Braulio_Quitzon
Jackeline_Hamill@minnie.ca,Hamill,1-198-626-7021 x2871,7/13/2003,Rachelle
Enoch@brett.co.uk,Harªann,678-295-5774,10/13/2004,Jonatan.Lehner
Shyann.Runte@leslie.co.uk,Gerhold,193.414.5924,11/18/2004,Margaretta
Vernice@tracy.us,Flatley,(398)382-6707,11/24/1995,Fannie
Hettie_Boyer@taylor.name,Zemlak,(711)176-5765,6/23/1989,Merle.Kozey
Dina@bertram.org,Swift,(523)607-3136,2/21/2008,Laron
Bart.Smith@giles.io,Crona,(255)853-5540 x606,5/7/2007,Ozella_Cruickshank
Tremaine@reymundo.org,Funk,1-618-163-7848 x86564,2/27/1995,Isaiah.Kirlin
Margot.Robel@felton.info,Dare,133-371-3354 x6842,1/12/1980,Amya_Spinka
Major.Windler@selmer.biz,Lehner,320.436.4436 x547,12/17/2001,Dejon.Little
Kaela_Ledner@zane.biz,Batz,295.132.2575 x30134,10/26/2001,Norris.Gleichner
Hiram.Littel@libby.co.uk,Schiller,365.890.0462,12/20/1999,Mitchel_Luettgen
Louisa_Fahey@rosalinda.io,Parisian,606.584.8175 x6687,5/15/1992,Raoul
Jamey@ines.name,Kemmer,543-812-8428,4/1/1987,Carolanne.West
Frederik@dante.us,Mante,905-777-3677 x290,7/10/2004,Juanita
Madalyn@anissa.biz,Pfannerstill,666.378.1450,6/13/2004,Doyle_Bins
Melvin.Reynolds@cloyd.net,Hayes,(568)134-1649,11/22/2008,Assunta
Rae@elissa.name,O'Kon,(507)953-1951,3/6/2013,Melvina_Ledner
Clair@nola.net,Bergstrom,1-614-025-3413,9/25/1998,Mabel
Calista.Weimann@hobart.biz,Howe,1-098-124-4279 x70649,2/8/1992,Grant
Kaia_Pouros@nya.co.uk,Trantow,1-813-643-2626 x570,6/15/1985,Chesley
Domenick.Bartoletti@alfred.info,Gislason,(987)472-2866 x0457,8/17/2004,Sanford.Hintz
Dario_Herman@wilhelmine.me,Sipes,(814)251-5524 x9545,11/7/2000,Marina
Leatha.Borer@milford.name,Harvey,1-832-634-5584 x68538,3/29/1997,Kasandra
Joanne_Hackett@stephen.info,Baumbach,712.841.5727 x4816,12/16/2001,Erick
Sarah_Schmitt@arvid.tv,Breitenberg,069-829-7929 x90353,2/14/2001,Nolan
Zena@allene.io,Cassin,(254)811-9307,11/12/2002,Ransom_Feeney
Manuela.Lebsack@crystal.org,Ryan,263.133.0472,6/13/1992,Baby
Yessenia_Jast@ruby.com,Emmerich,(260)337-6864 x383,4/16/2011,Damaris.Grant
Zackary@jonas.us,Adams,844-708-3313 x665,4/12/1984,Kameron_Orn
Tracey@cyril.name,Wolff,265-292-2787 x845,2/28/1999,Lysanne
Jazmin@woodrow.net,Koepp,480-144-9728 x1499,1/24/1993,Daron_O'Reilly
Buster.Botsford@montana.co.uk,Kassulke,963.421.4859,10/4/1999,Zackary
Agustina@mariana.biz,Gorczany,844-794-3248 x15225,6/29/2003,Forest
Korey@creola.biz,Cassin,126.207.3348 x525,8/13/1996,Madie
Tracey.Mueller@dangelo.biz,Doyle,(831)139-3474 x4264,3/11/2010,Noemie
Emil@pauline.biz,Schiller,384-838-1872,2/2/1992,Genesis
Nick@delta.org,Lebsack,1-623-111-5261,6/21/2012,Raoul
Enos_Kuphal@royce.biz,Carroll,152-761-7502 x82217,6/22/2004,Rosella
Matteo@petra.com,Rodriguez,(169)526-5014 x165,6/15/2009,Lucio.Ferry
Maximo@samir.biz,Daugherty,406-637-4728 x35584,9/18/1993,Monty
Annetta@alvena.ca,Vandervort,1-910-793-1507,4/29/1983,Roma
Germaine@shanny.org,Balistreri,364-947-7506 x9681,11/22/1992,Valentin
Bill@devin.org,Carter,861.898.4672,6/19/2004,Elvera_Kutch
Haley@thad.io,Bayer,301-426-2686 x4948,3/3/1992,Harmon.O'Connell
Modesto@brant.name,Mosciski,179.230.4638 x4658,12/21/1982,Zackery.Swaniawski
Haven@clay.me,Hoppe,360.550.3462 x302,2/12/2005,Jaiden_Skiles
Ezekiel_Gleichner@emelie.ca,Hackett,844-394-5396 x692,1/13/1996,Molly.Prosacco
Viola@sebastian.biz,Durgan,556.985.8801 x013,10/25/2009,Sally_Blick
Jaylan@valentine.com,Welch,973.844.7132 x121,2/5/1998,Molly
Patience.Wisozk@maurice.biz,Quitzon,743-265-2403,1/28/2008,Dusty
Emerson@reina.biz,Zulauf,1-979-764-6719 x052,8/12/2011,Bert.Gorczany
Earnestine.Rogahn@jordan.me,Mitchell,828.073.3630 x63620,12/5/1988,Ellen.Heidenreich
Moses_Towne@crystal.net,Abernathy,416.610.3320,12/27/2006,Samara_Renner
Lina_Roberts@bernard.ca,Stroman,1-316-042-9330,9/28/2006,Robyn
Kayla@calista.us,Weissnat,1-477-961-1500 x213,9/11/1991,Santino.Pacocha
Emerald@leon.name,Klein,1-775-503-8794 x729,1/15/1985,Marcella
Bret_Schinner@keith.name,Bauch,767-487-2240 x99963,9/4/1990,Jovani
Walker_Rogahn@ora.co.uk,Gulgowski,1-291-218-6576 x74313,1/10/2001,Tristin
Haskell_Adams@noemy.us,Cummings,030.650.0388 x417,3/25/1986,Lexi_Davis
Francis.Collins@ashtyn.info,Senger,(301)055-2699,2/17/1981,Quinn.Reilly
Carli@schuyler.tv,Kertzmann,1-720-108-8038 x594,6/2/1980,Caterina_Williamson
Daija@annie.us,Marks,003-210-3791 x72042,1/17/1997,Neil
Selmer.Lockman@barton.ca,Bruen,344-048-0825 x86089,3/1/2010,Daren
Joshuah@hailee.net,Towne,(921)763-2279,11/12/1993,Daisha
Tristian@jodie.me,Quigley,1-209-244-1848 x56431,12/8/1980,Caterina_Bailey
Kayla.Nolan@stuart.org,Adams,1-056-602-5881,2/19/1984,Jeramy.O'Keefe
Uriel_Hackett@isaac.name,Waters,801.763.8723,9/24/1991,Una.Hegmann
Audra.Hand@jamaal.tv,Pfeffer,130-787-5524 x73330,6/3/1996,Monica_Batz
Maximillian.Spinka@taryn.net,Boyer,145-781-1082 x064,2/17/2006,Leatha
Citlalli.Lindgren@ronny.us,Schroeder,443-258-6906,5/6/1995,Iva
Felipe_Balistreri@kadin.tv,Goldner,876.484.4676,3/30/2013,Maureen
Yesenia@whitney.name,Rolfson,(825)290-2863 x510,10/7/2004,Terrance.Conroy
Carson@joana.io,Becker,(806)888-1667,9/25/1984,Elody.Olson
Gerry_Upton@joshua.net,Parker,(782)990-2068,12/22/2006,Sister
Emily_Larkin@abdullah.biz,Rohan,233.188.7163 x1266,5/8/1980,Cletus
Angeline@darrion.me,Gerlach,(547)107-9991,7/6/1995,Tillman_Kemmer
Cullen@rocio.com,Hilll,(748)585-2207 x519,1/22/1981,Piper.Ritchie
Paxton.Kutch@lew.com,Leannon,525.200.7688 x334,10/26/1983,Elsa
Aaliyah@arvilla.io,Reinger,1-056-291-3637,6/6/2000,Yesenia
Gaetano@dennis.co.uk,Langworth,(978)604-9933,12/17/2009,Mattie
Mireya@bret.me,Reichel,1-161-348-2539 x61540,10/10/1985,Madisen_Durgan
Eleazar.Koss@sister.biz,Ward,1-318-192-3333 x6584,8/17/2009,Aletha.Powlowski
Orlando.Gerlach@caterina.net,Hamill,(674)215-4479,2/6/1984,Tyrique.Champlin
Kristy_Mraz@aryanna.net,Emmerich,501-420-8702 x057,10/4/1987,Alejandra.McGlynn
Garrison@mckenzie.biz,Price,949-266-5022 x2083,7/6/1982,Ramona
Sheridan@cierra.co.uk,Lehner,1-645-219-8661 x395,11/4/1995,Kaleigh.Nitzsche
Abbie@elsa.biz,Smith,(204)132-9530 x128,12/31/1986,Bulah
Carmella@anna.name,Morar,(096)481-5978 x259,12/15/1988,Rodrigo_Brekke
Verlie@sean.me,Greenholt,349-530-5032,8/7/2013,Herminia
Chester@ivah.biz,Dooley,457.587.4623,4/23/1989,Lucinda
Camila@nayeli.org,Stanton,973-476-9183 x4027,6/11/2004,Daisha.Stroman
Jamir@cayla.com,Strosin,796-790-8432 x9189,6/26/1983,Addie
Cullen@brayan.biz,Ondricka,1-600-331-9639 x29477,1/31/2004,Rhea_Torphy
Cesar_Weissnat@brennon.org,Monahan,430.467.3941,4/11/1989,Madyson_Stehr
Janelle@demarcus.biz,Dicki,1-810-854-0279 x394,10/11/2000,Lavina
Genevieve.Hoppe@candice.ca,Durgan,509.206.1786 x981,4/11/1999,Makenna.Stanton
Maria_Rohan@weston.tv,Johnston,559-687-1371 x95065,12/20/2008,Emery.Heidenreich
Elfrieda@jaquelin.info,Kuvalis,(129)868-0473,5/9/1986,Cordelia_Feeney
Mafalda@adan.name,Kilback,1-855-873-0138 x78149,9/1/1983,Aubree.Cummerata
Foster.Schaefer@chelsea.me,Dietrich,803-294-6655 x4214,9/23/1980,Gladyce
Roselyn.Wilkinson@brayan.biz,Gleichner,1-052-683-1680 x2827,9/1/1998,Brook_Schmeler
Marilie@kayden.info,Block,(469)388-8823 x71134,9/20/1992,Rusty
Fae.Hermiston@elyssa.net,Flatley,342-069-1403 x51598,3/16/1994,Kaycee
Elmira_Cole@linnie.us,Homenick,699-621-3973 x0664,12/6/2009,Alexys_Quitzon
Carli.Buckridge@lavonne.biz,Feil,(774)224-3347 x7506,1/29/1991,Chelsey
Veronica_Schumm@amalia.org,Wunsch,1-702-906-6050 x43785,12/31/2008,Russell.Gaylord
Vince_DAmore@chadrick.co.uk,Wyman,406-890-7103,12/1/2004,Lew.Windler
Jade_Predovic@ethelyn.tv,Harber,666-358-4128 x40859,7/29/1993,Marjory.Volkman
Bernie@kathlyn.org,Stoltenberg,995-542-1689 x59713,8/24/1994,Kayley
Ronaldo.Leuschke@lenore.biz,Pacocha,931.515.2150,8/2/2005,Alison.Prosacco
Haven.Langosh@may.ca,Kertzmann,312-603-5997 x7717,7/1/2000,Celine_Kuhic
Salma.Weissnat@elinor.us,Becker,1-907-489-4899,7/1/2002,Whitney
Clement@johanna.org,Carroll,675.756.9163 x1496,7/11/2011,Unique
Jocelyn@damion.us,Walker,529.854.7842 x10685,2/1/1982,Aditya_Lubowitz
Edwardo@marco.me,Pouros,(761)083-2381,8/4/1983,Celestine_Sawayn
Augusta_Bradtke@monty.co.uk,Wunsch,230.884.3070,1/9/2012,John
Corrine@rodrick.me,Smitham,1-253-204-6749,11/14/1982,Maiya
Jacques@katrina.biz,Nienow,1-375-340-6411 x81068,3/4/2009,Adriel
Laverna_Hermiston@dena.tv,Jaskolski,700-344-8135,3/20/1988,Louisa_Padberg
Jedidiah.Olson@liza.name,Emard,629.834.4697 x652,9/17/1988,Emilio_Bergnaum
Veda.Wolff@roderick.com,Weimann,605-263-5130 x0962,10/28/1993,Ariel_Cronin
Suzanne@linnie.me,Grady,999-761-5038,5/24/1984,Myrtie_Sporer
Jasmin@quinton.us,Mayert,655.332.0901,11/5/2004,Ellie_Kshlerin
Abelardo.Willms@erling.tv,O'Reilly,(001)877-6204 x208,9/2/1987,Susanna.Cruickshank
Myrtie_Schmidt@trey.me,Dare,862.366.4874,3/31/2008,Murl.Cronin
Cali.Zemlak@kathryn.info,Will,(542)600-6419 x53957,3/20/1998,Wilfredo.Zboncak
Aracely@cloyd.io,Conn,663.513.3651 x062,11/20/1998,Ibrahim_Kozey
Deion_Rowe@shayna.info,Bernier,1-912-931-2629 x2569,10/10/1990,Oda
Lloyd_Stamm@rodolfo.com,Thompson,294.375.9120,3/20/2011,Aurelio
Ciara.Cruickshank@zoie.me,Wisoky,1-333-606-6270 x99987,6/5/1994,Nella.Stracke
Clovis.Legros@zetta.us,Powlowski,(447)434-7354,6/18/2002,Godfrey
Austin_Mosciski@gregorio.name,Kihn,(958)516-0341 x40902,1/25/2001,Florida.Heaney
Ova.Maggio@rafael.ca,Lueilwitz,916.417.9601 x3971,2/27/1981,Coy_Jenkins
Felton@diego.biz,Beier,(732)183-5378,7/1/1987,Teagan.Walsh
Holly@christopher.tv,Torphy,067.685.9445 x7652,8/13/1982,Daphnee_Kiehn
Angel@newell.org,Waters,1-538-047-4102 x9886,10/28/1999,Elbert
Lloyd_Heathcote@anissa.biz,Wisozk,407-618-2484 x10177,9/9/1990,Celia
Lamont@lavern.me,Champlin,(734)129-1428 x5417,9/16/1992,Albina
Sophie@arnaldo.com,Goodwin,(162)411-5107,11/18/2007,Jackeline
Pattie@helene.io,Stamm,(629)771-7306,2/1/1984,Princess
Addison@mary.io,Breitenberg,(613)946-3473,4/22/2006,Molly
Amiya.Daniel@merritt.me,Bogisich,1-411-761-2427 x35320,4/11/1996,Delia.O'Conner
Danika_Yundt@alta.us,Conn,(547)079-6669,12/7/1990,Chaim
Delbert_Watsica@rodger.net,Ferry,1-846-626-7060 x2549,10/2/2011,Bill
Wallace_Bogan@tavares.biz,Carroll,1-150-551-7008 x24658,6/3/2009,Greyson_Marks
Nikko@alycia.info,Kuhlman,1-713-335-2938 x064,4/6/2005,Alfred
Eleanora.Ortiz@jamil.biz,Greenholt,(239)665-0710 x34858,5/27/2003,Jaida_McCullough
Jayde@johnson.me,Sipes,320-364-6773 x143,5/22/1992,Niko_Wolf
Kenna_Block@jarret.co.uk,Bernhard,(694)981-1192 x5056,11/2/1995,Frederique.DuBuque
Alec.Emard@patsy.biz,Beahan,863-849-9624 x71679,1/12/2000,Myah
Angel_Reichert@tremayne.co.uk,DuBuque,(406)064-6177,9/7/1997,Devan_Veum
Noble.Volkman@bernard.biz,Luettgen,1-487-315-4174 x1755,4/2/1994,Jaleel
Marianne_McDermott@dagmar.io,Kovacek,238.101.0490 x2838,4/19/1992,Jaunita
Magdalena@sadye.co.uk,McCullough,603.395.9692 x73254,2/7/1997,Garret
Orlo@alba.name,Kris,(409)389-1447 x273,9/13/1995,Eloisa.Lubowitz
Shayne_Lind@andres.ca,Sawayn,(748)065-2586 x8690,4/28/1999,Nikko.Kutch
Alexandro@adelbert.com,Ullrich,736-772-2556 x2345,11/11/1987,Liam_Jacobi
Cornelius.Mayert@austen.com,Lowe,468-223-3935 x3613,5/27/2013,Earl
Brandi@milford.name,Wuckert,197.780.2291,12/30/1987,Brittany
Jannie@jessie.info,Ledner,(827)223-2645,8/30/1991,Arlene_Will
Gerhard@athena.biz,DuBuque,968-081-6703 x58263,12/6/2004,Hilma.West
Antonette@nayeli.us,Dickinson,1-762-606-2912,6/25/1994,Aurelio.Labadie
Foster.Waters@sarai.biz,Barton,648.939.7699 x816,7/27/2008,Alycia.Schaefer
Agustina.Greenholt@brian.biz,Mann,1-062-510-8382,9/18/1981,Stephon
Luella.Lockman@delbert.org,Crooks,(565)606-3595,10/7/2008,Tod_Bahringer
Stanley@roderick.net,Murazik,(955)563-3051,5/5/2008,Alice_Maggio
Georgiana_Anderson@lane.biz,Ward,1-615-614-9502,9/20/1990,Macy.Zulauf
Arlo@sheldon.name,Emmerich,1-930-680-3940 x3773,5/28/2006,Kevin_Moen
Aric.Ledner@kira.io,Brakus,1-238-953-8951,2/3/1987,Roscoe
Ova.Lehner@jairo.biz,McCullough,733-833-1668 x48474,9/3/1998,Lorenzo.Davis
Carson@felix.name,Klocko,1-427-817-7014 x56171,11/15/1999,Johathan_Kihn
Eldridge.Ondricka@brionna.name,Fadel,446-437-1711 x9844,8/6/1996,Kiara
Marcelle_Ledner@conrad.ca,O'Connell,751-425-7634 x93165,3/15/1997,Maryjane.Roob
Frank_Schmitt@barry.info,O'Keefe,721.702.8134 x38654,11/18/2007,Brad
Cathryn@madalyn.org,Smitham,074-864-6359,2/18/2004,Brendon.Rau
Gabe_Beahan@davion.biz,Metz,871.970.8087,8/29/1990,Sidney
Moses@blake.co.uk,Murray,(255)631-6163,1/26/1990,Clovis.Grimes
Helga@rico.net,Robel,(709)440-5683 x517,11/17/1999,Emilia
Myrtle_Oberbrunner@catherine.ca,Schumm,587.741.3687,1/4/2007,Juana.Farrell
Keaton@jerome.name,Boehm,457.688.4758,9/17/2002,Kaitlin
Vaughn@garland.name,Conn,591-414-1014 x53545,7/5/1993,Rosemary_Larkin
Gerald_Sauer@margarett.biz,Price,240.384.7542,12/2/2012,Pamela_Gibson
Rosalyn@quinn.ca,Hickle,(973)646-0316 x7020,3/17/1980,Laura.Gusikowski
Savannah.Price@lenora.name,Lebsack,(815)726-9056,1/28/1986,Cecile.Rogahn
Lee@claudia.us,Romaguera,1-944-738-9152,8/31/1984,Nelle.Lindgren
Adrien_Jacobi@adeline.us,Krajcik,939-352-5611,11/29/2003,Kiarra.Windler
Marlene@estell.info,Grant,446.565.4790 x333,6/12/2009,Santos
Jaleel.Mills@korbin.info,Muller,972-309-2459,10/3/2004,Rossie.Stehr
Maia_Sporer@johathan.net,Botsford,752.454.9922 x6393,8/15/1985,Elijah
Dedric@jamel.tv,Satterfield,335-185-5687 x80620,12/16/1996,Claire.Vandervort
Abbey.Koch@elise.biz,Brakus,(216)803-6834,12/20/1993,Candace
Karolann.Heaney@sabina.tv,Jenkins,942-995-6560 x47861,9/22/1997,Opal
Palma@rebeca.biz,Gutkowski,799.594.4117 x66687,5/3/1982,Buck_Walker
Cathrine@damian.me,O'Reilly,852.872.9427,3/27/2008,Reyna
Jeanne_Bednar@demarcus.ca,Bogan,1-472-070-5491,1/3/1994,Deon_Greenfelder
Berta@cade.info,Abshire,(228)750-4379,5/27/1999,Virginie.Krajcik
Luis.Mayert@lura.net,Schaefer,1-244-551-4896 x295,10/22/1993,Catharine.Denesik
Virginia_Thompson@kelli.co.uk,Adams,918-132-9479 x57679,6/5/1981,Pauline_Nader
Major@maudie.ca,McClure,187.858.3694,4/13/1982,Connie
Wilton@willa.io,Emmerich,329.820.8499,2/24/2002,Viviane.Gulgowski
Billie_Waters@karen.me,Monahan,401.974.9018,12/8/1984,Eloy
Germaine.Pfannerstill@janie.ca,Russel,443.531.8529 x1182,9/9/2004,Durward
Domingo@barney.io,Wunsch,(139)221-4209,9/8/1988,Demarcus
Michaela@liana.net,Cremin,162.107.4815,1/10/1989,Malachi
Leonora@jamie.io,Dickens,316.392.9026,9/18/1999,Stan
Camren_Bernier@elsie.biz,Wolff,372-651-0987 x06605,6/6/1995,Camren
Myrna_Gottlieb@deontae.io,Haag,667.002.7715 x812,5/10/1999,Caesar.Dooley
Jaron@timmothy.biz,Padberg,1-075-300-6817,5/8/1994,Adolf_Reynolds
Johnson.Hammes@melvin.us,Smitham,1-812-598-8872,1/29/2008,Lucinda
Jerod_Johnson@lola.io,Hilpert,891-732-5899,12/5/1984,Brandon
Madaline.Hammes@hermina.co.uk,Emmerich,(578)639-3203,4/11/1983,Palma
Alanis@dannie.name,Stroman,(522)027-2923 x1717,5/2/1994,Ola.O'Connell
Leonardo@johnpaul.com,Kling,881-510-1594,7/3/1993,Alexa
Stephany@elyssa.org,Rutherford,904.505.1124 x96661,6/18/2008,Fredrick
Jeromy_Lynch@francisco.tv,Tremblay,457-441-5082,4/14/1982,Anderson.Wintheiser
Jody@vernice.us,Boyer,207.974.3834 x5835,6/6/1999,Jedediah
Porter.Borer@humberto.com,Pfeffer,(071)796-0176,5/14/1985,Melany.Hyatt
Glenna_Bosco@naomie.name,Stanton,168.635.9673,3/2/2011,Rylee
Gonzalo_Keeling@eileen.ca,Waelchi,165.823.0931 x447,6/12/1989,Pablo.Wehner
Forrest@cassandre.us,Heller,1-709-258-1413 x621,10/9/1983,Jerod_Herzog
Maybell_Wilderman@rogers.us,Mraz,(120)152-8387 x37517,4/4/2000,Hunter
Caroline.OConner@xzavier.ca,Heaney,1-332-276-7361 x3009,4/30/1991,Mervin_Fadel
Carlos_Hermann@clyde.ca,Schamberger,291.675.6676 x62501,5/4/1988,Ariel
Noemy_Simonis@timmothy.ca,Conroy,700-205-0889 x624,3/16/2013,Elliott
Lulu@ray.biz,Langosh,1-789-268-7461 x3190,9/6/1990,Westley
Turner_Smitham@gerald.us,Rolfson,431.901.7917 x3030,12/19/1997,Eldora_Mohr
Kayley@mariane.me,Von,206.242.7671,8/7/2013,Karlie
Linnea@edmund.biz,Wilkinson,(835)988-1994,5/8/1995,Donna_Goyette
Jasen_Beahan@virginia.me,Rohan,615.650.0306,5/7/1991,Ervin_Rippin
Josh@margaretta.name,Cole,(181)959-5746,9/10/2003,Dwight
Lennie@jada.biz,Lubowitz,1-893-489-9604,5/25/2002,Rose
Christiana.Yost@natalia.biz,Zieme,1-846-319-0303,11/7/1980,Lorenz_Parker
Orie@laurence.name,Koch,(157)196-6681 x46315,5/24/1982,Elwyn
Shaylee@augustine.biz,Watsica,(888)556-2646 x1459,3/14/1994,Roxanne_Boehm
Alexander@maximo.tv,Roberts,279.418.6577 x04801,9/9/2010,Roy
Jermain_Lang@elijah.tv,Breitenberg,(887)231-6124,5/5/1986,Delpha
Christa@sylvan.us,Mitchell,114.055.1895,2/4/1997,Marjolaine
Cheyenne_Crist@nat.info,Windler,(493)740-7485,3/9/2003,Randall
Desiree@felicia.me,Schoen,641.573.5188,6/22/1997,Randall
Josue_Kunze@richie.tv,Von,331-151-0773 x7433,11/13/1984,Oleta
Kirsten_Beer@flavie.tv,Turcotte,(174)576-1557 x0376,3/30/1983,Camren.Kovacek
Monserrate.Johnson@ida.biz,McDermott,(621)044-2795,4/14/2010,Ericka_Marvin
Carleton@thurman.net,Bailey,1-536-872-4910 x8988,7/27/1994,Jovany
Sam_Wunsch@mariah.co.uk,Gorczany,1-083-009-3518 x61802,3/28/2008,Chelsie.Spencer
Zaria@earnest.io,Koch,122.076.5282,7/27/2008,Edmond
May@elva.biz,Keebler,(306)519-9951,10/12/2004,Harry
Kirstin@reuben.biz,Senger,437-955-8634,3/1/2011,Vesta
Arlene.Swaniawski@dangelo.info,Franecki,1-299-951-7543 x42944,9/30/2010,Alivia_O'Keefe
Alessandro_Stamm@verona.ca,Durgan,534.882.5192,12/10/1995,Coby
Augustus@dejuan.tv,Zemlak,1-219-768-3823 x44235,3/3/1981,Mervin
Rubye.Will@cathy.biz,Hackett,(224)475-2041,4/16/2006,Alexanne
Amos@lourdes.name,Frami,697.896.6965,12/10/1999,Alexie
Darion.Smith@hellen.me,Kihn,281.698.7866,2/7/2003,Brody_Parker
Rebeca_Gerlach@gwen.name,Gulgowski,669-871-6382,11/15/1996,Tomas.Ankunding
Meta@renee.biz,Grant,1-483-840-8612 x5433,2/25/1991,Mose
Marian_Orn@keaton.name,Marvin,1-375-165-8791 x5081,9/11/1990,Eloy
Anissa_Schmitt@mavis.net,Stiedemann,(231)382-0016 x9728,12/29/1999,Billie
Kitty@lavonne.me,Gusikowski,104-812-1287 x65658,1/2/2008,Amie.Bode
Cordelia_Ward@harmony.ca,Murazik,(691)116-3860,7/8/2002,Isobel
Roger@frederic.org,Nienow,557.651.7582,7/31/1984,Glenda
Chasity@fleta.io,Jewess,718-918-1516,2/16/2010,Ellie
Lydia_McLaughlin@marian.net,Harris,722.360.5189 x13705,7/2/2013,Geo.Stehr
Caesar.Green@dejon.net,Pagac,(943)415-9789,8/30/1990,Brain_Bauch
Ottis.Lakin@carli.co.uk,Haley,777.488.1840,11/22/2012,Brooklyn_Denesik
Hanna_Considine@drew.io,Bartell,(636)657-1149,11/10/1997,Barbara.Bednar
Candelario_Harber@sophia.io,Denesik,1-791-097-0895 x5590,1/19/1992,Jayden_Crona
Octavia_Kerluke@johan.com,Predovic,834.908.4079 x355,2/10/1989,Armando.Beahan
Tamia@lea.ca,Erdman,312-828-5168 x62452,8/4/1992,Hilda_Cruickshank
Lizzie@mariam.biz,Mertz,1-417-925-3742 x317,12/3/2009,Tracey
Tania@tyrel.us,Flatley,(973)269-5209 x6760,11/13/2003,Lacy.Spencer
Griffin.Medhurst@oliver.org,Hansen,(156)296-7957 x23425,1/2/1986,Kristina
Heaven.Rodriguez@faustino.biz,Kunze,590.696.4761,11/13/1998,Lexus.Boehm
Adrien@colby.co.uk,Nader,1-438-677-1187 x64331,11/2/1991,Mitchel.Durgan
Germaine.Gaylord@jasmin.biz,McClure,862.449.4495 x44641,1/5/1982,Arvilla
Audreanne_Gutkowski@jacinthe.co.uk,Little,612.103.7764 x32992,1/25/2008,Grant_Bednar
Marcellus_Schuster@preston.co.uk,Konopelski,(545)817-7328 x10943,4/9/1993,Giovani
Bartholome@keely.co.uk,Sauer,1-610-439-8076,2/8/1995,Skyla
Meda_Bartell@craig.biz,Rau,1-101-168-7864 x496,10/4/1998,Jovanny
Josephine@shawn.me,Hegmann,180-326-5183 x16903,1/20/2009,Abbey.Pfannerstill
Jordan.Lesch@makayla.com,Kling,(656)016-7833 x34574,10/20/1980,Nella.Weber
Fabiola@viviane.ca,Jaskolski,(023)788-8060,7/6/2006,Walter.Towne
Will.Torp@grady.com,Collins,1-487-466-6748 x37211,8/23/2013,Margarett
Erna@evans.io,Heathcote,1-713-243-2832,1/21/2000,Tressie
Aliza@keon.me,Aufderhar,1-757-599-7346,2/12/1994,Tressie.Bauch
Myah@kristina.net,Reichel,753.861.7316,5/9/1986,Clifford.Harªann
Giovanny_Hamill@trudie.ca,Johns,643-136-0101 x32310,2/14/2007,Antonette
Arvid.Grimes@kody.us,Brown,695-644-3648 x825,1/6/1993,Golda_Becker
Leone_Vandervort@crystel.biz,Veum,1-016-592-5786 x17137,3/19/1983,Tressie
Ethyl_McLaughlin@annamae.net,Gerhold,015-848-3118 x06873,1/24/1985,Karl.Kuhic
Beau@ola.biz,Johnston,(917)778-3893,1/3/1997,Stephanie
Fidel@theodora.info,Feeney,768.733.7950 x126,7/5/2000,Arlo
Sister@tyra.io,Rogahn,382-527-3933 x1378,3/30/1997,Kenny_Dare
Sheila@lysanne.me,Mraz,710.410.7182 x702,6/4/1989,Aglae.Beier
Kylee_Reichel@nina.name,Bauch,611-267-1314 x1608,12/13/2007,Iva.Volkman
Angela@madelyn.me,O'Keefe,668.560.8139,12/5/2007,Rigoberto_Volkman
Libbie@murl.info,Dibbert,489-646-8048,1/5/2003,Cornell
Barbara.Labadie@deanna.io,Jones,693.151.6277 x53097,11/30/1994,Arch.Jacobs
Mariam@donavon.us,Konopelski,1-175-920-5414 x30010,12/28/1982,Alejandrin_Gibson
Aaron@doug.biz,Hoeger,1-089-511-3459,10/20/2006,Sierra
Arlo_Veum@joel.com,Emard,053.645.0103 x58566,1/18/2000,Landen_Toy
Marques_Okuneva@tre.biz,Eichmann,844.393.0437,11/2/1990,Wava
John@reba.info,Walker,1-332-744-1910 x2812,9/20/2005,Cristobal
Rosalee.Casper@omer.co.uk,Hodkiewicz,466.601.5708 x46198,5/6/1981,Juanita_Schaden
Jewell.Goyette@modesto.info,Smitham,734-652-6858,2/26/2003,Dedrick_Cassin
Modesta_Bashirian@regan.biz,Bruen,1-398-535-5531 x56401,10/5/2011,Claudia
Santos@deontae.io,Wintheiser,705-960-3732 x395,10/16/1992,Kamren_Brekke
Weston_Kiehn@winona.biz,Kassulke,863.370.1775,10/8/1982,Adonis.Goldner
Jamison@saige.com,Rippin,1-307-896-7387 x4915,8/6/1990,Henry
Barbara@gonzalo.name,Thompson,837.643.3215 x80724,2/9/1995,Agustina_Rosenbaum
Paige_Beier@peggie.co.uk,Reinger,308-981-9961 x391,5/30/2004,Sheldon
Macey@hiram.io,Braun,468.028.2189 x4165,4/4/1995,Florence_Wilderman
Dolly@laurine.name,Beahan,293.083.8797 x3648,5/1/1989,Tomas
Harvey.Bergnaum@kiel.us,Kozey,903-938-5805 x3065,6/22/2009,Yasmin.Weissnat
Magnus@alicia.com,Tremblay,1-712-187-9823,4/21/2003,Danika
Daniella@ilene.net,Green,397.823.0136 x7504,1/2/1994,Hillard
Mertie@aniyah.info,Lebsack,179-704-2240 x99303,9/30/1987,Rita_Kihn
Nikolas.Olson@ressie.net,Cremin,750.273.9913,2/22/2006,Earnest.Bergstrom
Gay.Medhurst@rebecca.tv,Veum,233-660-7871 x710,4/2/1996,Jewel_Okuneva
Shemar@joanny.tv,Wiegand,034.430.7215 x431,10/2/1998,Devyn_Walker
Shemar@cristobal.biz,Brekke,1-755-884-3515 x20698,10/24/2012,Bennie.Lockman
Dora@timmothy.name,Bergstrom,555.610.3824,8/7/1995,Shayne_Larkin
Adrien@donnell.org,Ondricka,(357)591-5784,12/16/1984,Jermain
Rebecca@gunner.net,Sipes,(029)389-1561 x73775,10/24/1998,Brown
Owen@devyn.name,Wyman,126.884.4300 x6393,10/21/1994,Mayra.Williamson
Jeffrey.Bernhard@domenick.biz,Abshire,004-299-2831 x28712,1/4/2013,Michale_Bode
Earnestine_Hegmann@rita.biz,Batz,905.075.0156,6/7/1999,Albert
Lincoln_Sauer@amy.com,Lakin,1-866-915-2640 x79596,8/7/1996,Nicholaus
Laurianne@annette.org,Gislason,273-076-0160 x01697,3/16/1992,Charlotte
Nova@marcus.name,Harªann,(239)093-8654,8/10/2003,Lorena
Ansley@sarai.co.uk,Borer,(518)698-8802 x92085,12/2/1993,Tate
Annabell_Bahringer@erling.net,Hermann,(096)518-1642 x072,4/22/1983,Reyna
Derick@keeley.ca,Harber,511.990.5728,2/10/2012,Maximo_Schiller
Pinkie_McLaughlin@destin.tv,Smith,1-434-652-5015,12/5/1981,Anne_Stanton
Adaline_Nienow@barney.com,Donnelly,565-015-4286,8/10/1992,Keara.Conroy
Marta@garett.co.uk,Windler,1-098-341-7014,11/25/2008,Lucienne
Donnie.OKon@pattie.tv,Ortiz,1-178-181-5430,3/22/2008,Francisca_Rogahn
Cletus.Zboncak@jessika.info,Funk,(650)959-1662 x43635,1/19/2013,Blanche.Daniel
Lionel@norwood.biz,Hudson,072.547.9905 x8254,11/14/2001,Eldora
Susan_Jacobi@samson.info,Nolan,(619)742-4649 x67551,9/14/1993,Abbigail.Weissnat
Felicita.Kulas@colby.tv,Kuhn,(868)379-2201 x627,5/26/2000,Brendan
Carley@ethan.com,Witting,(869)464-2146,11/22/1982,Blanche.Bosco
Curtis@al.tv,Kunze,565.852.8050 x101,9/19/2010,Zul
Foster@shania.tv,Schultz,191.056.4311,3/28/1984,Durward_Morissette
Foster_Kilback@lambert.org,Kemmer,885-297-5136 x2961,8/18/1982,Ryley_Volkman
Alexis@anya.io,Sanford,1-369-466-3506 x932,8/29/1994,Dorothea
Ronny@aurelia.biz,Breitenberg,801.556.7113 x02646,3/18/2010,Adaline.Heidenreich
Kayden@sydni.io,Berge,637.211.6258,3/6/1987,Ben
Leilani@donnie.co.uk,Jewess,1-554-016-3723 x606,8/18/1991,Elvis.Olson
Leda@santino.com,Green,316-329-2698 x893,6/28/1983,Aaliyah
Enoch.Zemlak@darius.org,Wolff,1-812-876-8813 x209,4/25/1995,Randy.Dickens
Rosella.Kihn@jensen.org,Jacobson,122-151-6224 x140,10/10/2011,Lavina.Koelpin
Pinkie_Terry@lydia.co.uk,Lowe,691-409-3353 x58081,3/28/1982,Raphael_Keeling
Geovanni@liam.io,Koch,(534)145-0735,7/27/2001,Gertrude
Alvera_Hills@justice.net,Homenick,1-729-450-0479 x589,5/11/1995,Simeon
Emmalee@tyshawn.tv,Hane,234-703-8081,8/25/2003,Eliza_Brown
Marc@violet.tv,Gulgowski,269-147-3919 x985,6/19/2013,Marina_Osinski
Dax@domenic.biz,Paucek,318-860-7212 x0402,7/23/2000,Gertrude.Mraz
Damion.Hettinger@blanca.name,Kemmer,299.985.6474 x6608,10/30/2006,Tyree
Raymond_Lebsack@jessica.io,Reichert,1-608-741-1566,8/4/1993,Mikel
Christophe@ashlynn.us,Krajcik,(297)539-6572,2/15/2009,Green
Remington@florencio.biz,Powlowski,1-829-627-9486 x6854,10/18/1990,Kian.Daugherty
Eleazar.Labadie@courtney.io,Rodriguez,1-678-769-6035 x005,3/3/2013,Rosalyn_Wehner
Maximus.Rodriguez@jasmin.biz,Gleason,681-602-8107,6/18/1986,Maria_Osinski
Salvatore_Schmeler@theo.biz,Beahan,(656)207-3808 x66758,4/7/1980,Shea
Laron_Schmeler@eudora.tv,Batz,1-024-727-4227 x4254,2/17/2007,Annetta_Schmitt
Thalia@marlin.io,Waters,(864)265-5404,6/18/1989,Harold
Annamae_Stoltenberg@shirley.us,Rodriguez,026.902.9374,4/4/1988,Hollie_Rogahn
Sydnee.Gislason@dell.io,Spinka,(402)916-9510 x789,5/22/1994,Emmanuelle
Joesph_Fadel@tyrique.org,Effertz,168.372.6699 x30265,11/15/2000,Janelle.Luettgen
Bernhard.Rodriguez@hipolito.name,O'Connell,(214)823-4062,5/30/2013,Cody_Keebler
Jamison@sister.co.uk,Pagac,1-834-215-9072 x154,5/25/1991,Korey_Davis
Vito_Hirthe@elmira.net,Cruickshank,(134)413-9443 x276,2/19/1994,Constance
Cody@russ.org,Hirthe,760-045-6341,3/25/2000,Lura_Halvorson
Dejon@jeramie.me,Nikolaus,740-626-9478 x6341,10/2/1992,Houston_Crooks
Stanford.Daniel@providenci.us,Ryan,1-275-384-3232,11/29/1996,Carlie
Keyon_Runolfsdottir@kelley.biz,Kuphal,690-195-6494 x2888,3/4/1982,Abdul
Frances.Lakin@jaqueline.tv,Ledner,470-889-5221 x117,8/23/1984,Cordelia.Toy
Aurore.Thiel@terrance.org,Schumm,1-053-904-8997 x904,3/6/2003,Belle
Callie@jonatan.co.uk,Crooks,1-649-130-0897,3/1/1982,Ismael
Loren_Hermann@marcos.me,Homenick,783-962-3675 x1958,12/18/1987,Gudrun
Edwardo.Schaefer@madonna.name,O'Conner,1-940-335-6658 x4090,6/10/1985,Nikki
Trevor@santina.net,Waelchi,1-093-826-2685 x6840,2/10/1988,Mack
Edwin@sid.tv,Doyle,376-286-7604 x30215,1/2/2002,Maeve
Merlin_Graham@polly.info,Nienow,986-652-4017 x5389,7/24/1994,Rossie_Block
Maryjane.Steuber@zoila.me,Kunze,1-606-613-6114,2/24/1996,Myrtis_Luettgen
Arvel@roosevelt.net,Klocko,885-075-9214 x2621,10/31/2007,Lavina_Runolfsdottir
Macie_Greenholt@chris.info,Huel,(483)257-5560 x8192,9/1/1987,Dagmar_Lang
Carole_Mohr@joaquin.net,Hand,231-061-3581,4/5/1988,Deron.Prosacco
Winston@sven.ca,Lubowitz,(839)202-5087 x85114,7/25/1986,Lori
Ellen@rhoda.biz,Johns,1-650-755-5501,5/14/2013,Carmella_Kuhic
Frieda@carson.info,McDermott,416.997.9284 x137,1/29/2013,Jade
Domingo.Torp@elisha.net,Schiller,198.462.9057 x339,6/24/1999,Jayden_Johns
Sonny@maryjane.ca,Boyle,(542)456-5106 x7685,8/2/2000,Santino
Grace@etha.info,Schuppe,041.303.2999,4/8/1996,Linnie
Omari@zoe.net,Zboncak,1-817-895-2141,1/29/1996,Velva
Edwardo_Lynch@lewis.info,Goyette,891.826.5533,1/9/2010,Angelina
Karlee_Graham@ferne.me,Thompson,(547)691-8217 x759,8/31/2011,Jordan_Hilpert
Lulu_Blick@marianne.me,Kautzer,340.434.3189,11/19/2006,Delilah_Berge
Liliane@samanta.tv,Daugherty,392-716-5708,8/8/2002,Krystal_Gottlieb
Lelah@fay.name,King,(695)449-3012 x0152,9/12/2008,Zaria_McClure
Adrien@buck.info,Reichel,(582)795-8991,4/2/1997,Elvie_Kohler
Grover_Witting@brooks.me,Mohr,(454)711-9370,12/21/1993,Kieran_Monahan
Joyce_Zemlak@muriel.us,Gusikowski,1-936-877-3033,12/16/1980,Damian.Stark
Luis.Moen@tracey.biz,Lindgren,467-230-0928 x36819,10/22/1992,Twila.Collier
Jacquelyn@carol.info,Haley,507-062-9170 x2710,1/22/2006,Hellen_Borer
Deanna_Cole@kaylin.name,Mayert,1-080-898-2211 x96454,1/26/2001,Rickey_Crist
Napoleon@crystel.name,Runte,(854)487-2258 x80062,4/25/1983,Gussie.Gottlieb
Genevieve_Ward@henriette.tv,Cummings,614.971.8687 x8972,8/8/2008,Jon.Keeling
Leopoldo@laury.tv,Durgan,1-918-408-6307,12/10/2004,Dimitri_Williamson
Larue@avis.org,Waelchi,1-853-576-4416 x8021,5/12/1996,Mary.Beahan
Domenica.Erdman@hubert.name,Farrell,1-973-577-4347,4/23/1986,Magdalen.Johns
Jordy@rachael.io,Haley,228-625-5672 x606,1/9/1982,Luigi.Kuhlman
Xavier@declan.net,Koepp,807.654.8302,6/1/1997,Brycen_Russel
Catherine@marion.tv,Braun,697-063-3741 x162,10/18/1988,Keara_Osinski
Jermaine@patricia.co.uk,Flatley,972-823-1117,9/29/2009,Desiree
Eliezer@bessie.me,Rodriguez,1-440-078-8517 x517,11/16/2012,Amelia.Lubowitz
Kaleb_Considine@freeda.biz,McClure,706.355.3210 x3787,12/4/1990,Edward
Maximo_Dicki@daija.info,Thiel,(805)323-5610 x0408,6/8/2002,Theodore_Orn
Albertha.Wuckert@chelsea.info,Bayer,1-516-263-3978,4/19/1984,Anissa
Bernadine@ulises.us,Medhurst,163-494-9874 x2868,10/24/1980,Rex_Schoen
Xavier_King@june.name,Frami,(031)346-1705,1/12/2006,Odie
Cortez@green.org,Fahey,(693)138-3395,12/24/1997,Rosa_Will
Celia.Beier@freda.biz,Aufderhar,1-771-586-9592 x5231,3/30/1982,Lorna_Dibbert
Fanny@maria.com,Reichel,(917)217-2778,6/17/1988,Abdiel_Hickle
Dannie.McLaughlin@sigrid.us,Beatty,(565)837-8479 x014,4/22/1985,Madison_Heathcote
Moriah@eloise.name,Jones,(848)793-9519,4/14/1992,Damien
Garrick.Bernhard@cassandra.biz,Funk,(569)999-5837,1/14/2003,Viviane_Ratke
Anderson_Casper@zelda.name,Lockman,754-514-9048 x69013,1/6/1998,Ethan
Warren.Hagenes@zoie.net,Ondricka,957-089-5884 x9275,12/28/2000,Ludie_Yundt
Davonte_Wintheiser@madaline.io,Lowe,(799)431-7375 x97464,8/12/2008,Fern
Curtis.Goyette@jayden.co.uk,Rempel,303.334.3620,10/28/1987,Bill.Lynch
Maude.Wisozk@percival.net,Schroeder,959-348-2272 x4321,8/10/1980,Chaya_Thompson
Deondre.Koch@lavina.net,Sawayn,103.957.9244 x755,2/8/2003,Georgiana_Leffler
Tad@selmer.org,Herzog,1-270-571-8947,5/9/1989,Rosemarie.Johnston
Michele_Heller@catharine.org,Jewess,073.209.2337,7/31/1990,Candida_Wilkinson
Eudora.Kuphal@shakira.io,Beahan,(253)170-3739 x88717,3/20/1994,Wade
Hulda@ari.me,Stracke,513.360.9076 x48633,9/7/2001,Dereck
Otho@cornelius.org,Kshlerin,408.349.7515,10/30/1985,Trever
Wilburn@lonnie.biz,Lowe,816.187.4349 x31322,3/1/1990,Alyce
Rex@kurt.io,Weber,1-828-213-5493,4/18/1998,Barrett
Hermann_Spencer@sandrine.org,Skiles,360-968-3461,1/10/2011,Clotilde_Kub
Amber@bernadette.co.uk,Price,1-228-638-7024 x466,5/19/1998,Skyla_Zboncak
Jonatan.Bauch@giovanni.info,Howell,292-127-7434 x23940,12/8/1989,Will.Kautzer
Lyla.Wehner@nella.io,Schoen,431-266-6066,11/13/2000,Garnet.Wisozk
Amya.Kautzer@erik.io,Hilll,537.575.1787,4/20/1994,Jameson
Otto_Marvin@dangelo.org,Heidenreich,687.450.0779 x956,7/27/1992,Sienna.White
Camryn@maia.co.uk,Skiles,1-200-241-5336 x99055,3/1/1981,Jessica.Greenfelder
Claire@quinn.net,Bruen,167-736-0069 x27363,11/12/1986,Sofia
Cletus@amina.me,Jast,400.841.6642 x35722,5/2/1997,Deshawn
Alexander.Abernathy@josiah.ca,Abernathy,361.600.8295 x35500,10/8/2011,Elnora
Andreane_Lubowitz@tess.ca,Marks,192-403-0401 x3005,4/23/2012,Brad_Konopelski
Kristopher@joanny.io,Gibson,(981)925-3341,11/2/2011,Winifred
Leonie_Walter@janis.ca,Schimmel,199-535-5489 x731,12/13/2000,Jeff
Eloisa.Roob@ocie.com,Hagenes,456.339.5854 x50710,4/25/1986,Vada
Thaddeus.Stamm@yolanda.net,Marquardt,136-142-1197 x6658,10/26/1996,Alda
Marguerite_Carroll@liliana.org,Herman,1-460-954-6927 x82145,9/22/1981,Breanne.Tromp
Graham_Gutkowski@mason.tv,Fisher,(221)170-3285 x5583,5/17/2009,Pearl_Beer
Bill@jacky.co.uk,Schneider,(680)983-1748 x059,6/16/2004,Willow.Hansen
Christy@aylin.io,Kassulke,1-945-319-2388,4/17/1984,Deangelo_Thompson
Jewell@anya.info,Lesch,1-720-467-1549,1/20/1999,Annamae
Kiera.Brekke@dayna.name,Runte,946-958-2452,10/11/2003,Reva.Buckridge
Devante@frida.com,Kutch,(809)225-1526 x57526,5/18/1981,Catherine_Ernser
Edyth.Hintz@thurman.tv,Hoppe,522-663-1481 x575,7/26/1981,Kylie
Calista@sigmund.name,Roberts,283.913.2433,5/6/1997,Tamara_Koch
Evert.Little@sophia.io,McClure,1-939-680-1055 x68373,1/23/2010,Alycia
Noemi.Kihn@ibrahim.info,Rippin,1-987-855-3147,8/24/1996,Monserrat_Leffler
Stephan@loren.info,Kulas,313-335-6028,7/20/2003,Otis
Emery@verdie.ca,Okuneva,331.310.6887 x88596,8/5/2008,Brooke_Williamson
Regan@noel.us,Boehm,221-977-2239,4/18/1996,Luther
Kaia@claudia.biz,Smitham,(623)285-3761,11/29/1995,Amiya
Asia@noel.net,Vandervort,1-003-452-0084 x562,1/16/1989,Sally
Lacey.Dietrich@london.com,Ratke,474.539.7556 x7772,12/7/1981,Warren
Kyla@ottis.com,Lang,(235)962-8513 x02649,6/6/2010,Berenice
Seamus@kyler.biz,Johnston,1-540-845-6544,3/31/1995,Nona_Kutch
Eldon.Swaniawski@carmella.tv,Swift,118.285.3910,3/10/1984,Tierra_Hudson
Gillian@destany.info,Stehr,(631)496-6834,7/10/1998,Jaquan.Armstrong
Wade.Conn@verlie.org,Miller,048.018.0654 x237,12/3/1983,Sincere.Boyle
Tania@oral.me,Kirlin,(370)188-3969 x93395,9/30/2006,Jalen_Bosco
Lauren.Jacobs@tressie.us,Kautzer,943-814-1246,7/12/1992,Milo_Dietrich
Audie.Gerhold@lorena.me,O'Reilly,1-424-128-7611,8/13/2010,Berniece
Shyann@lola.co.uk,Johnson,(581)020-0869,4/12/1980,Molly.Hane
Korey@michele.biz,Walsh,835.501.7743 x65599,8/3/1982,Gilda
Loy_Lehner@vicenta.com,Hermiston,1-707-166-5185 x45389,7/30/1995,Ebba
Marilie@jett.me,Murphy,513-173-9398 x154,10/27/1980,Jarod_Hoeger
Hester@gerald.io,Marks,738.499.3852 x728,10/4/1994,Ella_Kuhic
Wiley.Muller@zack.us,Mitchell,(933)768-9828 x73155,8/30/1998,Estefania
Javon_Johnston@kyla.us,Stroman,(455)783-8541 x01349,5/14/2008,Carroll
Ubaldo.Raynor@georgette.ca,Lemke,579-167-1112 x36681,10/10/1986,Burnice_Littel
Francesco_Treutel@delphine.ca,Stroman,1-219-884-0333 x36996,11/2/1986,Stefan.Huel
Tyler@cheyenne.com,Rutherford,(642)536-7792,3/22/1990,Maxwell.Haley
Keira.Schimmel@reva.us,Dicki,544-452-2622 x86654,8/19/2003,Noble
Richard@oceane.biz,Runolfsson,400.193.3037 x24856,5/14/2006,Isidro_Nienow
Taya@jairo.name,Funk,1-123-530-7220,12/24/1992,Ruth_Koepp
Jazmyne_Lemke@timmothy.biz,Ratke,(537)183-3722 x8699,7/22/2002,Bria_Hackett
Bryce@kelvin.ca,Watsica,1-884-255-7655 x521,4/25/1999,Davion_Grady
Maybell@leta.net,Jerde,1-704-660-3898,5/31/1983,Edwardo
Terrill.Abernathy@lyric.ca,Gerlach,569.345.1122,10/19/1989,Jonas
Gloria@jettie.org,Kuvalis,945.923.3653 x838,5/8/2008,Wilhelm.Jakubowski
Dale@sydney.co.uk,Fadel,441.764.6815 x5036,2/6/1986,Pasquale_Crist
Nathan@albert.tv,Zboncak,420-657-7365 x4809,1/22/2007,Zoila_Cartwright
Bernhard.Toy@gregg.org,Auer,290-895-1860,12/11/2010,Talon_Schultz
Virgie@sandra.me,Strosin,1-968-618-1048,12/31/1991,Glenda
Nellie.Mann@benny.net,Heidenreich,319-354-8173 x58616,11/1/1986,Enos.Kozey
Daphney@vincent.co.uk,Borer,146-315-0069 x8501,5/19/2002,Florine_Bruen
Vernon.Tromp@josiane.org,Lueilwitz,689.077.0497,5/27/1984,Enoch.Ankunding
Moses@irving.org,Walsh,(451)548-8776 x0340,4/25/1982,Lowell
Kacey.Breitenberg@laurence.io,Frami,649-480-5177,4/26/2006,Bethel_Heidenreich
Annetta_Hackett@theodore.info,Bins,105.777.2776,10/13/1987,Linda
Elroy@kayleigh.tv,Donnelly,1-052-731-9025,7/27/1987,Marianna_Ortiz
Concepcion_Abshire@ernest.co.uk,Brown,(919)789-9328 x69508,6/9/2008,Jada
Micheal.Larson@dayna.name,Schiller,007-692-7581,11/15/1984,Otho
Darius@makenna.biz,Tremblay,1-693-379-7663 x5851,10/26/2010,Jewell
Clarissa.Kuphal@hilma.net,Doyle,1-508-294-5727,9/13/1987,Adella_Christiansen
Kimberly@alva.tv,Moen,418.649.9669,2/12/2006,Zola.Hermann
Odessa_Kunde@emory.co.uk,Rodriguez,1-896-442-5791,10/26/2005,Carlie_Wolff
Adella.Klocko@nya.ca,Gibson,1-157-057-0071 x26725,5/16/2009,Eldon.Grady
Gudrun@amos.co.uk,Turner,898-566-8028 x414,2/6/1993,Nona_Ortiz
Esmeralda.Bashirian@lamar.io,Welch,1-018-532-1741 x0950,12/17/1995,Francesca
Cassidy.Cassin@crawford.net,Runolfsdottir,1-375-073-7464 x67281,5/6/2013,Garnett
Donna.Abbott@cicero.tv,Moen,1-370-395-3085,3/14/2011,Gwen
Dangelo.Cartwright@eden.com,Hessel,751.068.7701,1/30/2007,Edgardo
Leonie.Ziemann@trystan.com,Strosin,455.643.4219 x12986,10/26/1982,Jaquelin.Zboncak
Cordie@maureen.ca,Schmeler,(844)612-7217,12/2/2008,Una.Mayer
Nathan@claire.ca,Stokes,1-678-157-2323,9/28/1995,Gus
Blair.Mann@aurore.biz,Rutherford,889.552.5831 x91198,1/5/1990,Eliane_Greenfelder
Marquise@keagan.tv,Nitzsche,402-319-2658 x84167,4/25/2010,Bella_Huels
Alfonzo_Parisian@chet.tv,Block,(430)386-4828 x734,7/3/1998,Dorthy_Schneider
Mireya@jasen.net,Kshlerin,1-334-324-7294 x421,10/1/2010,Beulah
Harley.Rippin@alexanne.biz,Welch,1-307-073-2690 x549,10/4/2005,Kaya_Kuvalis
Alia@hailie.com,Turner,723-194-9701,4/19/2005,Jimmy.Rohan
Angelo@ralph.info,Bashirian,011-050-9181 x643,5/23/2000,Chandler
Mac@estefania.ca,Roob,579.592.6353,8/16/1992,Avery.Lowe
Maverick@timothy.com,Schulist,(553)564-9685 x63025,10/18/2012,Wyatt
Flo@emil.me,Jerde,(782)621-5765 x30375,4/28/1982,Muriel
Lilian@hilario.us,Runte,1-771-097-3369 x6144,7/20/1997,Mariam
Adan@annamae.me,Fahey,(640)513-5054,2/24/1993,Melvin.Anderson
Audreanne_Pagac@nettie.info,Veum,1-934-376-1350 x2386,3/29/2010,Allene
Lelia.Senger@ellie.ca,Stanton,081-715-5319,5/29/1988,Theodore_Renner
Finn_Halvorson@waylon.me,Armstrong,679-365-3985 x14095,1/3/1992,Betty
Summer@jerald.com,Jakubowski,427.029.7239,12/17/1990,Candice.Huels
Wanda@layla.tv,Franecki,1-907-106-3813,6/19/2002,Jackie
Colten_Shanahan@hilario.name,Ebert,(109)434-4160 x58620,10/14/2013,Doyle
Violet@talon.name,Kling,1-250-330-7775,7/9/2008,Annabelle_Dietrich
Kyleigh.Halvorson@maye.org,Cremin,1-722-056-8565,9/22/1997,Elinore
Maida.Vandervort@ransom.co.uk,Lemke,1-378-298-1165,1/25/1998,Billie
Jazlyn@columbus.me,Walker,1-247-393-4165 x2313,1/10/1987,Lesly_Kihn
Monique.Schumm@carson.ca,Hickle,1-053-152-7866,9/4/1981,Esmeralda
Veronica.Spinka@kurtis.us,Bednar,157.944.6208 x98866,3/2/1987,Hubert_Senger
Marguerite.McClure@pamela.org,Stracke,774-662-3405,11/6/2004,Herminio.Nienow
Daniela_Fahey@jacey.us,Doyle,1-615-890-0505,6/7/2005,Onie.Upton
Fred@sean.net,King,700.003.1973,6/30/2002,Kathleen.Renner
Scot.Heaney@gavin.co.uk,Schuster,1-424-183-5318 x738,9/8/1986,Emilia.Mayert
Alec@jamaal.net,Lueilwitz,330-633-7937 x54032,8/18/2009,Dorcas
Frieda@rosalinda.ca,Kohler,1-118-216-0434 x7193,5/1/2002,Diana
Brielle@ted.ca,Marquardt,162.460.9961 x90998,6/28/1987,Alvis
Malcolm_Hodkiewicz@cory.org,Adams,859.151.2375,4/18/2005,Wilmer
Viva@troy.info,Leannon,735-719-2299 x008,3/1/1995,Leonie_Hansen
Duane_Bednar@willy.org,Greenholt,(597)499-6093 x9875,12/7/2004,Pearlie_Zemlak
Karlie.Mueller@brenna.net,Wunsch,549-412-6040 x5628,1/11/1983,Liam_Feil
Katherine@kenya.biz,Von,1-863-101-0874 x757,9/6/1980,Beverly
Sim.Goodwin@izaiah.biz,Brown,906-607-9032 x17220,9/4/1991,Melba
Tremaine@elvie.co.uk,Kuphal,1-275-973-1193,7/1/1988,Annette
Maybell.Koch@jacquelyn.net,Murazik,415.618.9076,12/12/1994,Aric_Strosin
Hosea@tyrique.org,Emard,(718)583-2164 x00346,11/12/1983,Hayley.Jerde
Hans.Gulgowski@carmine.io,Brekke,1-308-121-8088 x6528,7/31/1989,Quinn.Effertz
Chelsie@lia.biz,Bernhard,362.566.5443 x88262,1/18/2008,Helen_Walker
Prudence_Lebsack@ryleigh.biz,Frami,492-083-2025 x16321,9/20/1984,Ferne
Delphine@felipe.us,Schneider,1-890-199-8666 x279,9/10/1993,Humberto_Kreiger
Edd@leon.name,Kerluke,(795)239-7017,2/22/1992,George.Dickens
Jarret_Mann@anna.info,Robel,1-666-575-6151 x8870,4/5/1980,Jazmin.Luettgen
Kim_Nienow@pinkie.co.uk,Mohr,046.386.0684 x655,3/21/2003,Elnora.Hirthe
Marlee_Luettgen@shayne.biz,Murazik,122-425-6416 x2907,9/12/1999,Ransom_Schowalter
Delphia_Windler@mortimer.info,Feeney,747-252-2796,1/24/2013,Keith
Ardith@roxanne.info,Satterfield,1-127-589-6865 x37017,11/6/2006,Roberta_Kreiger
Mckenzie_Cole@alexanne.co.uk,Reilly,203.944.0922 x572,9/27/1984,Ebony
Dallas@demarcus.com,Beer,1-912-257-2384,11/13/1989,Kavon_Stehr
Laurie_Kerluke@jaden.me,Kuhlman,1-881-357-5329 x58250,4/16/2001,Karolann
Fay.Yundt@kelvin.com,Kuvalis,(485)006-0490,7/14/2006,Evangeline
Helmer@jovani.net,Skiles,(977)311-3717,3/17/1995,Kiara_Ritchie
Mariam@jarrell.org,Pagac,298.978.2260 x57948,12/27/2012,Maximus
Braxton.Schroeder@felicity.org,Simonis,395-152-5114,1/16/2012,Forest
Eliezer@jalen.io,Boyle,978-857-7756,12/5/1994,Rocky
Malachi_Adams@elinor.me,Crona,496-775-7202 x161,5/17/2002,Ramiro_Greenholt
Kyler@german.us,Bins,(814)329-0504 x9869,12/24/1988,Bailee
Lorine_Hammes@winona.io,Johns,1-440-129-4275,12/19/1993,Ima
Howard_Schiller@cooper.net,Howell,(129)173-2796,6/6/1999,Reggie
Celine_Windler@elton.tv,Cremin,1-775-146-5339 x138,3/6/2003,Conor
Kadin.Dickens@earline.tv,Kuvalis,466.268.9265 x27041,8/1/1997,Filiberto.Stehr
Hilda@hazle.me,Heidenreich,490.692.5678,3/5/2009,Demetrius
Golden@cicero.me,Lemke,665.104.3600,6/11/2011,Zelda
Jamir_Kessler@rozella.me,Oberbrunner,(837)041-2846,2/12/2009,Keagan
Eda_Dare@louisa.io,Mueller,1-688-410-4123 x21609,8/29/1988,Marlen.Welch
Alfredo@jamaal.us,Cremin,478-569-0028 x190,10/22/2000,Lera
Coby@emily.com,Kemmer,1-776-270-7203,6/18/1991,Emilio
Elnora.Harvey@alison.net,Lynch,(307)740-1038 x1184,12/11/2002,Barbara
Liliana@alfonzo.name,Hauck,076-550-7884,11/8/1987,Frederick
Evelyn_OHara@genesis.tv,Jaskolski,1-658-335-4521 x8207,7/17/1993,Jenifer
Clement@joe.us,Graham,1-361-530-6728,2/9/2006,Brendon.Jaskolski
Aurelia@preston.ca,Cassin,(180)281-5892,7/12/1994,August
Kira@isadore.info,Heathcote,1-413-246-0562 x8346,1/26/2011,Tristin.Heathcote
Gene@billie.us,Gulgowski,390.377.1152 x112,1/31/2007,Bradford_Ward
Calista@jessica.org,Wilkinson,(920)236-5456 x65966,9/24/1988,Quinn_Brekke
Doug.OHara@tevin.info,Koelpin,(335)150-5307,5/26/2001,Santiago
Marcelle.Ruecker@sydni.us,Hermiston,1-599-810-6450,4/23/1982,Cornell_Nader
Dina@jordyn.net,Rosenbaum,(097)853-3571 x0786,3/7/1996,Otis.Reichert
Jeromy@josephine.biz,Wisozk,1-825-188-5144 x7879,7/4/1988,Darrick
Rocio_Murray@maurice.tv,Boyer,915.258.8562,2/27/2013,Skylar_Predovic
Iva@alek.us,Steuber,812.071.9405 x7696,4/26/2007,Jamil
Shanna@eric.co.uk,Orn,(058)850-5071,6/21/1992,Kaylie_Johnson
Karlie@celine.biz,Renner,220-311-0194 x62312,8/7/1993,Valentine_Greenfelder
Korey_Ritchie@damaris.co.uk,Kertzmann,302.660.3212 x38743,11/8/1989,Kenyatta.Orn
Denis.Bauch@joan.biz,Grant,1-839-690-4762,4/17/2001,Orion
Bradly@ibrahim.name,Anderson,(414)544-9107,7/15/1984,Gaetano_Lindgren
Lia@reba.me,Wuckert,(133)663-8567 x10141,8/26/2012,Kasandra.Toy
Fritz@kayla.com,Lesch,480-934-3807,10/29/1981,Brooks
Emerald.Wuckert@miracle.com,Bergstrom,1-225-837-5264,8/19/1985,Alysson.Gleichner
Lew@mabel.biz,Krajcik,1-581-689-3348,7/15/1988,Drake
Leilani_Sipes@hillard.io,Block,310.508.5320,7/5/2013,Braden
Armani@rickie.biz,Koepp,390.740.0738 x872,1/25/2002,Mariam_Jones
Carlos@zack.tv,Robel,013-521-3442,5/27/2002,Allan.Gaylord
Janie_Labadie@tod.info,Koss,1-562-185-3221 x0567,8/6/2010,Buddy
Jamil@morris.org,Schaden,893-909-3846 x914,10/10/2000,Nestor.Kunze
Broderick@matteo.us,Marks,534.456.4700 x7665,3/24/2005,River
Lindsey@ransom.tv,Konopelski,817-761-6962 x316,8/18/1989,Aryanna_Heller
Krystal.Konopelski@dale.me,Kuphal,277.862.8402 x492,1/2/2008,Sarah
Jace@violette.com,Wisoky,(157)717-0414,6/17/1982,Brisa
Esta@jake.org,Hand,762-468-3770,9/11/1986,Cleve_Wolff
Phyllis.Prosacco@baron.net,Yost,882.415.8867,5/2/1984,Israel.Waters
Laurie@kaleb.biz,VonRueden,1-984-554-3863,4/14/1997,Ivy.Conroy
Frederik@mateo.tv,Waelchi,1-502-193-9730 x58543,2/28/1997,Destany.Kohler
Vida@syble.me,Romaguera,169-072-8510 x871,11/24/2005,Lexus
Skye_Cremin@treva.biz,Williamson,493-225-5919,1/11/1996,Josefa
Lauren.Beier@connor.biz,Green,(573)937-2428 x60808,6/24/2007,Desmond.Schultz
Frederique@brenna.biz,Will,102-796-0326,9/25/1980,Astrid
Derick@deborah.biz,Wiegand,(991)860-5839 x7259,5/16/2005,Elinor
Emanuel.Daugherty@nayeli.com,Schmeler,641.763.1374,3/17/2013,Deontae_Parker
Aniya_Block@bradly.io,McKenzie,(173)057-7362 x3450,12/25/1985,Thaddeus
Esther@gus.me,Bashirian,526.304.3212 x33770,11/17/1989,Chadd_Lebsack
Zaria_Mills@jess.io,Daniel,402.825.0457 x22164,9/10/1998,Erin
Davon@cielo.net,Homenick,(141)186-4853 x492,7/21/1987,Connor.Koch
Ottilie.OKeefe@miller.info,Cruickshank,959-925-6600 x01568,3/27/2009,Elliot
Myriam.Mueller@torey.biz,Powlowski,1-451-589-9507 x061,5/25/1986,Janie.Trantow
Jeramie.Yost@sandra.me,Harris,1-191-060-7191 x5799,1/19/1987,Jovany.Ledner
Jaron.Klocko@rebeca.io,Stroman,1-750-163-4825,3/30/1981,Sienna
Kale@jerome.net,Swift,(264)309-1599 x46400,5/28/2006,Devon
Nayeli@shemar.ca,Weissnat,1-607-293-9831 x2547,1/7/1984,Marc.Will
Frederique.Bergstrom@zora.us,Hegmann,1-010-742-8344 x061,12/25/2009,Candida_Prosacco
Corene.Shields@robb.net,Dickinson,873.297.3377 x327,1/3/1981,Jeramie
Alexa@remington.me,Smith,059-179-0769 x268,5/16/1982,Brando_McLaughlin
Lilyan.Harann@velda.me,Walsh,(408)705-2278,10/2/1989,Verla
Mandy@luciano.me,Barrows,471-003-2036,8/13/2004,Jeff.Robel
Cory_Streich@kylie.name,Schumm,1-864-319-0160 x081,9/1/1982,Iliana.Kilback
Darius_Goldner@princess.io,Schmidt,881-947-2251,2/12/1980,Chance
Heidi_Johnson@alta.com,Christiansen,500.135.2509 x24188,12/4/2001,Madeline
Lori_Legros@marlee.net,Pouros,678.474.3267,8/8/1998,Astrid.Wiza
Clemmie_Schaden@lorna.name,Ryan,118.349.5599,2/9/1995,Suzanne
Vallie_Metz@judah.ca,Carter,1-117-154-7744 x3215,4/20/2009,Santiago.Russel
Shanna.Funk@aida.co.uk,Baumbach,(496)113-2153 x17665,10/30/1985,Brice.Legros
Gardner_Hansen@myles.name,Torp,1-981-610-2654 x2561,6/17/1998,Uriel.Kuphal
Glennie_Mayert@darrel.name,Hane,(746)585-4019 x42744,10/22/2002,Dixie.Gusikowski
Clint@ashley.ca,Kunze,126.878.6931 x5700,10/4/1995,Maximus.Cassin
Polly@hilton.com,Ziemann,(074)280-5420,3/26/1990,Bettie.Tillman
Arno@eleanora.info,Kihn,003-072-3253 x50658,4/25/2013,Murray
Josie.Wunsch@nichole.com,Pagac,1-534-578-0519 x6891,6/19/1987,Maurine
Royal@aisha.tv,Schulist,245-846-3349,11/3/2009,Cameron
Norris@garett.me,Littel,373.222.4951,4/18/1980,Fidel.Mann
Alana@harrison.info,Glover,610-322-0549 x692,3/24/1988,Elijah_Thompson
Ansley@viva.net,Zemlak,871.311.1208 x659,1/27/2011,Westley.Lowe
Alison.Abernathy@deja.info,Boyer,(884)835-8050 x59236,12/28/1992,Will_Anderson
Grover@mckenna.biz,Feil,1-624-874-3558 x93686,5/11/1984,Mose
Dominic@austin.co.uk,Ankunding,(680)720-3933 x35197,4/25/2005,Lloyd
Dion_Bernhard@dylan.com,Roberts,988.888.0824 x88907,11/9/1983,Harley
Addie.Brekke@oliver.ca,Greenfelder,(638)134-0059,5/29/1981,Bernadine_Stamm
Kali@bartholome.tv,Lowe,683-255-6388 x767,8/3/1990,Maudie
Luther.Torp@vicente.biz,Brakus,603.621.6933 x457,5/18/1984,Vincenza_Bergnaum
Augustus.Effertz@kristy.org,Gerlach,295.692.6734 x2471,5/18/1997,Theo.Larson
Jarred@alyson.us,Pfannerstill,1-631-105-8950 x43443,12/7/2002,Rose
Ervin_Baumbach@damion.io,Zulauf,(322)286-0484 x94383,10/10/1984,Eleanore
Elias@boyd.com,Jerde,(407)599-3749 x69212,10/30/1986,Tara.Gutkowski
Bernhard@kianna.info,Conroy,592-266-8639 x487,12/3/2009,Carmen_Ebert
Buster_Effertz@mara.net,Schimmel,002-644-8716 x091,8/5/1990,Louvenia
Everardo@fermin.name,Kshlerin,1-906-571-9281,3/3/1991,Ole
Leon.Orn@theresa.co.uk,Simonis,677-709-9934 x94113,4/5/2001,Carleton
Kacie.Okuneva@adelia.com,Ziemann,(120)741-2910 x54174,9/9/1986,Christ.Mante
Emmanuelle@ludie.biz,Bahringer,424.042.2212 x3977,7/7/1995,Florine
Laverne.Grimes@patricia.me,Corwin,164.022.0879 x824,5/28/1990,Joesph
Jarvis@helen.tv,Schoen,505.368.5056,7/20/1984,Tito
Braxton.Grady@nelson.me,Upton,(240)970-3067,8/13/2004,Zena_Ward
Nils_Halvorson@lamont.net,Hayes,163.293.2894 x645,2/8/1999,Maryam_Cronin
Diana@brown.io,Bins,(472)418-7260,9/28/1981,Adriana.Pfeffer
Ambrose@angelo.info,Rippin,(863)197-8652,10/9/2009,Kenton.Littel
Savion.Kuphal@wilfrid.tv,Schaefer,1-914-727-2207,8/11/2013,Tevin_Bernier
Muhammad.Jerde@concepcion.info,Predovic,722-400-8295,10/25/2011,Kathleen.Krajcik
Darwin@mortimer.biz,Sanford,481.634.4466,4/27/2005,Angeline
Ashleigh.Koelpin@russ.com,Shanahan,212.942.9154,8/21/2012,Gerson
Edmond@raquel.io,Cassin,374-748-5060 x635,2/1/1986,Amely
Tomas.Terry@brant.tv,Nader,1-636-137-3686,11/15/2008,Rosalind
Luther@griffin.ca,Nolan,1-225-159-6768,7/16/1980,Theresa
Clotilde@magdalena.biz,Ebert,1-954-029-8114 x578,10/13/2003,Meta
Dawn@estrella.biz,Spinka,146-867-4551 x24773,11/22/1997,Kiera.Runolfsdottir
Tess_Nienow@winona.co.uk,Ritchie,942.201.1676 x7119,5/16/1994,Eugenia_Nolan
Sierra@devin.tv,Raynor,1-382-994-5608 x63141,9/28/2004,Sydnee
Rey.Walsh@magnolia.io,Reilly,1-407-946-2133 x3395,6/12/2000,Bennett_Pfeffer
Nyasia@maximus.ca,Dach,674-542-5134 x0688,5/13/1982,Rosetta_Miller
Freeda.Feil@lewis.info,Schowalter,1-881-272-4416 x8349,9/18/1985,Armand
Tom@leon.biz,McClure,148.062.6242 x582,3/24/1993,Francis_Bednar
Cleveland@kamron.org,Robel,1-674-376-4168 x1103,7/2/1996,Adalberto
David.Kerluke@elta.biz,Schowalter,(656)583-9739 x94256,7/3/2000,Zander
Cruz@celestino.org,Nikolaus,032-687-6363 x03630,7/6/2009,Rebeka
Martina@queen.me,Dietrich,1-014-360-0488 x1048,11/10/2000,Oscar_Johns
Beatrice_Hackett@winona.org,Jewess,1-849-286-6979 x487,7/15/2005,Ewald
Hailie_Feil@maximilian.biz,Mohr,1-537-174-3784 x6993,7/30/2013,Justina
Robyn@rubye.us,Abshire,218.892.9828,3/30/1986,Norma
Daryl.Gerhold@addie.net,Crona,114.172.2735 x85581,4/20/1982,Marielle
Jacinto.Funk@vicente.ca,Mante,706-625-3742 x7543,2/12/1999,Ruby
Jasen.Predovic@anissa.tv,Orn,1-336-970-9212 x07015,6/15/2009,Miracle.Mraz
Aliza@marlee.io,Kuhic,753.418.6314 x40928,6/21/2008,Lillian
Aleen.Osinski@amber.co.uk,Kassulke,027-425-1134 x97800,7/28/1984,Marjolaine
Joelle@grayce.ca,Fritsch,380-442-6381 x73244,7/20/1995,Niko
Ubaldo@molly.biz,McClure,(134)046-4723,9/29/1988,Ophelia_Kihn
Pink@grayson.biz,Bruen,674.912.7141 x221,6/29/1990,Avery
Haskell@shanel.biz,Koepp,1-442-948-1857,12/15/1998,Minnie.Gerlach
Anastasia@richard.biz,Jacobs,270.413.7892 x652,11/28/2004,Lucious
Natasha@junius.tv,Lemke,1-396-660-6804 x1377,6/2/2011,Jeff.Schamberger
Myrtie.Blick@lia.name,Cormier,(928)455-1304 x33514,4/22/1985,Saige.Predovic
Owen@ressie.tv,Nicolas,(915)087-7363 x81000,1/25/1985,Penelope.Fadel
Armani.Schulist@rosa.com,Volkman,322-034-9777 x1061,3/2/2002,Anne
Loy@kade.org,Harvey,(397)730-7576 x850,4/2/2002,Freda
Elnora.Greenfelder@cayla.biz,Mann,997-083-1090,2/14/1993,Bulah
Payton@tressa.biz,Bailey,298.280.2572 x480,6/12/1989,Adaline.Bauch
Aidan@raphael.name,Hackett,1-369-424-3085,11/11/1998,Dominic
Shaun@fritz.tv,Jacobson,618-946-6652 x7427,6/26/2011,Rashawn.Hettinger
Pamela@concepcion.tv,Greenholt,053.357.4413 x1307,12/28/2009,Margarett.Keeling
Phoebe@willa.tv,Hagenes,282-983-7305 x801,2/3/1998,Fatima
Abby@pearl.io,Kuvalis,561-972-0125 x95834,12/29/1982,Dolly.Jacobs
Dorcas@rozella.name,Hilll,213-755-7988 x65506,12/4/1983,Efrain
Jazmyne.Hahn@darrel.tv,Haley,550.449.7426 x8960,2/24/2004,Ezra_Yundt
Talon@charlotte.biz,O'Kon,(670)405-4352 x2290,2/1/2005,Dewayne_Johnston
Curtis@rodrigo.io,Moore,003.559.1305 x409,8/19/1983,Walker
Junior.Bauch@vivian.us,Carter,595-885-3427 x239,2/29/2008,Jason
Eddie_Cartwright@arlie.biz,Hilpert,(836)576-8110 x004,5/17/1994,Lelah_VonRueden
Karianne_Gleichner@jailyn.net,Dibbert,1-424-210-6650,9/17/2010,Josephine.Stehr
Dallas.Hilpert@amani.org,McClure,557-344-0730 x5145,2/22/1990,Eleonore.Larson
Lue_Walter@rashad.info,Rice,961.669.9285,4/8/1981,Gerhard
Kirstin_Ritchie@diana.us,Kiehn,015.425.9072 x415,7/27/1985,Fatima
Eliza@sarah.me,Farrell,1-863-736-4745 x452,12/20/1999,Hettie_Casper
Vicenta@christ.net,Parisian,248.974.8409,4/25/1981,Bernhard
Devin.Wunsch@paige.biz,Klocko,765.119.0398,2/14/2007,Josephine
Delta.Fahey@dolores.com,Will,811-473-6994,10/7/2002,Margarett
Perry@gavin.com,Rath,1-038-761-9023 x740,9/8/1995,Zena_Parisian
Candelario_Sanford@lina.co.uk,Strosin,(531)805-1928 x2007,11/18/2008,Colby
Bradly@ari.biz,Bosco,1-270-113-7046 x4712,10/22/2006,Margie
Aylin_Kertzmann@kiel.biz,Collier,(427)964-0989 x263,3/8/1981,Javon
Bette.Funk@samanta.us,Grant,747.008.7849,10/28/1989,Sonny.Howell
Brittany_Jerde@emiliano.ca,Schaden,513-836-2034 x279,1/31/2005,Effie.Lebsack
Isaac_Pacocha@karley.biz,Frami,1-833-296-0044,12/20/1982,Magdalen.Heaney
Adrianna@tess.me,Breitenberg,756-819-7213,8/22/1985,Lesly_Paucek
Oscar_Grady@tyrell.tv,Goyette,(303)006-4136 x5937,6/28/2008,Anthony
Alyson@garnet.info,Feest,1-484-427-9437 x050,3/12/2010,Andre
Estrella@margaret.net,McLaughlin,488-670-7113,3/30/2010,Mavis
Reece@birdie.info,Conn,1-740-428-7352,5/21/1998,Mabelle
Albertha@aliyah.biz,Stracke,754-629-8585 x883,4/25/1988,Claud
Lolita_Marks@antonetta.biz,Watsica,1-946-318-8059 x069,9/2/1991,Brennan.Murray
Dixie.Gaylord@clay.com,Stoltenberg,1-160-885-5259 x8139,5/10/1992,Michael_Moen
Marcus@magnolia.info,Lind,597.320.5386 x9810,5/14/1993,Melissa
Jaylon@joan.com,Gottlieb,813-448-4603 x1139,2/19/2003,Matilde
Jessica.Jewess@nils.us,Murazik,1-335-785-5391 x1019,2/4/1993,Shakira_Kling
Neha_McKenzie@jaylon.co.uk,Kuhn,(421)140-7514,5/17/1995,Ollie
Cleveland@bruce.biz,Adams,823-101-5728,8/18/2013,Humberto
Claude_Prosacco@guido.tv,Mueller,1-421-260-6013 x298,2/28/2007,Jerrell_Kirlin
Germaine.Quigley@aubree.biz,Mraz,(114)944-3647 x7419,7/13/2004,Helena_Denesik
Casper.Dare@wilma.name,Marks,1-360-883-8289 x9532,10/18/1981,Madelynn
Blair_Reynolds@jaime.io,Green,1-367-745-8333 x860,4/20/2006,Vivien
Gracie_Buckridge@libby.name,Bednar,278.162.7931 x537,12/2/1982,Ericka
Eusebio@grayson.net,Marquardt,017-434-8484,11/1/1989,Reese
Destiney@sedrick.name,Fritsch,870.132.1693 x24120,11/24/2006,Sydni_Ratke
Anissa_Kemmer@frances.name,Stiedemann,1-099-643-2037 x114,1/7/2006,Vidal.Yundt
Florian@arnoldo.net,Feil,1-271-408-4522 x4355,4/7/1983,Sim_Mann
Brenda.VonRueden@lola.org,Grady,845.411.4563,9/6/2002,Eloy
Conor.Tromp@marquise.name,Tremblay,1-468-764-3724,4/13/1987,Gustave_Prosacco
Ona@jadyn.com,Waters,(639)078-8552,9/14/1993,Mazie
Rebekah@pietro.biz,Pfannerstill,659.397.8530 x505,12/22/1987,Pink
Walter@elmore.org,Stehr,931-653-0604,5/30/1991,Kenyon_Will
Valentin@zackary.com,Bailey,1-755-502-8732,9/30/1986,Santa
Janelle.Thompson@gussie.ca,Von,056.564.1837 x2487,4/6/2002,Eden
Elisabeth.Hansen@everette.info,Hickle,(004)714-5809 x1065,10/9/1995,Marcelina.Lubowitz
Jamal@luisa.org,Moore,(406)105-1784 x704,1/20/1991,Nella.Bauch
Nash@astrid.biz,Trantow,799-388-7522 x16210,9/16/2004,Cathy_Hamill
Eliseo@chasity.com,Altenwerth,1-906-701-6393,9/18/1985,Mathilde
Rod_Mosciski@robin.co.uk,Nicolas,1-249-925-3367 x198,1/4/1982,Terrell_Toy
Clay.Conroy@shany.us,Harris,418-781-2184 x602,6/29/1983,Josh.Runte
Helene@jaiden.biz,Hansen,132.438.0652,10/18/1994,Johnathon.Zboncak
Guy@kayden.com,Pouros,334.777.6399 x0469,3/31/2009,Krista_Weimann
Karine_Harvey@aglae.ca,O'Hara,193-195-9635 x22544,8/22/2005,Marilie
Marisa@aron.io,Langosh,1-935-472-2709 x1938,10/25/1990,Kiara_Hirthe
Hope_Johnson@jeanette.org,Shanahan,709.720.9027,2/25/1990,Corbin_Emard
Chase_Reichert@eloise.info,Schinner,1-952-891-4201 x115,5/14/2010,Orville
Demarco@mireya.co.uk,Dickens,432.263.1941,12/18/1980,David
Willow.Fay@maurine.biz,Little,1-326-476-9110 x9605,10/5/2006,Onie
Sibyl@katharina.info,Gulgowski,500-209-7651,8/4/2006,Orville
Wilmer@cruz.name,Crooks,964-563-7060 x8251,2/13/1984,Roma_Mills
Jose@kade.com,Muller,(403)121-8021,10/23/1982,Jeff.Jenkins
Ara@lauren.net,Baumbach,789-908-8435 x51316,11/27/2002,Euna
Ludie.Doyle@julie.name,Harvey,(700)772-2821,12/2/1992,Emory
Mya@nelle.net,Gusikowski,726.804.9905 x24896,2/2/2009,Kiley
Zaria@lon.io,Wunsch,763.442.8251 x50837,5/29/1982,Kali_Fadel
Helena_Gusikowski@trystan.me,Skiles,1-969-252-3845,7/25/2007,Easton
Berneice@santina.biz,Bahringer,729-121-6347,7/21/1992,Janis
Vicenta@dessie.info,Botsford,023.177.0099,1/16/2006,Rasheed
Stan.Ebert@wilton.co.uk,Pagac,147-342-0462,8/12/1999,Logan
Sydnie_Goldner@fay.us,Shields,432-851-5138 x318,8/31/1998,Nikko
Deshaun_Christiansen@alverta.tv,Heathcote,143.164.7496,7/14/2005,Jackie.Wisoky
Sandrine@annabelle.io,Mertz,1-578-457-9249 x6229,3/18/2004,Mckenna_Olson
Hailee@patrick.co.uk,Boyle,987-624-8766 x0167,2/2/2000,Vinnie
Isabelle@demond.tv,Lindgren,(483)952-3167,8/23/2002,Aimee
Pearl@mohammad.tv,Anderson,(920)125-3388 x533,9/17/2000,Albin.Kris
Hester_Yost@elvis.info,Kuphal,489-484-4686 x73766,3/15/1993,Ansel
Celestino@ora.com,Kerluke,370-355-2644 x363,1/1/1985,Salvatore
Golda@malvina.info,Kub,802-290-0746 x1305,9/16/2012,Violette_Stehr
Mckenzie_Gottlieb@bridget.net,Von,901.534.4249 x2479,6/16/2002,Lorenzo
Roger_Ullrich@clovis.ca,O'Kon,1-394-492-4110,11/3/2007,Clarissa
Belle@aaliyah.us,Nader,927.672.2098 x763,10/10/1987,Laurence
Domenico.Jakubowski@sienna.co.uk,Morar,536.867.5708,12/9/2008,Uriel
Esmeralda@tony.us,Raynor,945.990.8621 x6578,6/23/2004,Sister.Miller
Modesta@mia.me,Dietrich,281.952.7238,1/18/1980,Jennings
Keshawn.Kris@pearl.name,VonRueden,448.898.2846 x913,7/1/2000,Kaleigh_Johns
Maritza@baylee.tv,Lynch,589.140.7049,4/21/1995,Maegan_Huel
Jarrett@dayna.biz,Hintz,124.458.4365 x53214,9/17/2007,Aleen_Zieme
Wendy.Lubowitz@cyrus.io,Kshlerin,1-559-888-1512,10/24/1991,Cleve_Gerhold
Ashton@oren.name,Rodriguez,111.771.7729 x440,4/4/1992,Karolann
Avery_Price@nathanael.net,Weber,948.626.7910,1/10/2010,Baron
Deonte_Braun@shad.me,Klocko,961.316.6154 x99170,3/28/1980,Jerrod_Langosh
Joy.Treutel@shayna.io,Witting,608.296.1388,1/2/1992,Doug.Pacocha
Zoe@virginia.co.uk,Borer,(443)897-0130 x430,7/4/2006,Lavada
Christopher@kobe.biz,Heaney,621-708-7100,9/13/1980,Dayana_Herman
Cecilia@emerson.org,Mann,1-145-858-2480,7/8/2008,Emelia
Melvina.Kirlin@lillian.org,Turner,522-831-2064,5/16/1996,Margaretta
Noemie@rachel.biz,Barton,766-520-5484 x4630,6/12/2008,Mathilde.VonRueden
Imani_Wuckert@mathias.me,Metz,(141)958-0586 x25485,4/18/1983,Pete
Izaiah_West@einar.org,Marks,1-024-986-7668 x2122,8/13/2006,Jon.Eichmann
Gerry@kory.com,Macejkovic,355.464.5810 x6087,2/15/1980,Caleb.Conn
Yasmeen@heather.tv,Heathcote,503.285.8685,8/10/2012,Gregg
Newton@shanie.tv,Jast,282.925.4866,4/25/1986,Elfrieda
Amina@simeon.biz,Price,(788)631-6519,2/11/1986,Jonathan
Brent_Block@christy.biz,Koelpin,652-950-0145,5/7/1999,Garfield
Remington@yvette.tv,Stamm,788-268-9497 x9202,9/7/2011,Giovani
Khalil.Dickens@thomas.org,McLaughlin,1-637-395-7447 x287,5/8/2002,Cory
Gage@matt.tv,Oberbrunner,1-613-298-5205 x78671,10/17/1987,Estevan
Demetrius_Fahey@dusty.name,Lesch,1-249-752-7034 x7073,4/18/1992,Clement_Robel
Godfrey_Buckridge@gabriella.io,Carroll,303.497.8236,1/20/2006,Alberta.Effertz
April.Windler@russell.biz,Barrows,(556)503-6126,7/20/2010,Cyril
Dedrick@stephen.ca,Ward,(384)721-8621,7/26/2003,Claudia
Richie@jordan.net,Carter,1-860-443-7908,8/27/1993,Kailyn.Berge
Alene_Bruen@aglae.tv,Kovacek,1-298-879-1772,7/19/1986,Zack.Ratke
Macy@eve.io,Lindgren,(225)105-2660 x9470,8/30/1995,Jaeden.Von
Wyatt@kiara.tv,Ullrich,367.165.5362 x4033,10/5/2000,Marshall_Gutkowski
Iva.Gulgowski@travis.org,Williamson,1-228-328-8329,12/5/1999,Piper_Schiller
Eldred@juliet.com,Bernier,569.167.4742 x8491,12/28/1992,Libbie
Gino.Lehner@clay.me,West,(078)076-5576,5/5/1987,Elroy_Mann
Christa@beulah.ca,Konopelski,440-101-7622 x04323,3/8/1987,Trystan
Susie@aurore.com,Witting,388-803-7349 x739,8/12/2001,Jarod
Felicia@dorthy.biz,Kshlerin,1-413-275-0030 x10348,7/4/2009,Reva
Irving@heath.net,VonRueden,437.057.1511 x793,10/1/2001,Elody
Genoveva@cecilia.co.uk,Konopelski,1-240-828-6238,11/4/2001,Cristobal.Witting
Jules@deja.tv,Towne,(569)889-4862,10/25/1986,Lane.Cole
Justice_Harvey@alyce.io,Sawayn,936-311-7107 x1263,9/10/2010,Luella_Maggio
Reilly@liza.org,Reilly,1-403-199-4223 x778,8/26/1992,Bettye
Geovany@alayna.ca,Parisian,551.258.9646 x087,12/29/1997,Graham
Eusebio@kenyatta.tv,Bradtke,(164)869-4517,4/26/1998,Earnestine
Joannie.Swift@lenna.name,Heller,539.312.8196,6/7/1980,Jayden
Ruthie.Shields@emilio.biz,Hilll,271.863.1613,5/17/2007,Andreanne
Alf.Abshire@deborah.biz,Huel,065-142-5272 x829,4/23/1989,Forest_Schmidt
Garfield_Schuster@rae.ca,Lueilwitz,(441)776-5381 x9435,2/27/1996,Dillon
Neha@dustin.io,Harris,213-351-7494 x0642,2/27/2008,Boris
Bernhard.Tillman@eleanora.us,Kilback,(991)244-7055,2/13/2006,Gladyce.Lemke
Marisa.Stracke@tremayne.tv,Donnelly,(681)508-6324 x5410,12/20/2006,Yazmin
Jane@noe.com,Heathcote,385-666-2597,4/10/2013,Veronica_Bogan
Juana@lauretta.biz,Kuphal,(871)626-7281 x4216,12/13/1994,Tatum
Brock_Hilpert@noelia.biz,Bins,1-938-668-8623 x2557,10/10/2000,Kiera
Gerard_Cruickshank@deonte.net,Raynor,375-709-2332,8/25/2012,Ruthie
Dena@emely.me,Schoen,1-903-100-4826 x27949,1/19/1990,Fatima
Emilio_Zemlak@rahul.co.uk,Windler,(896)028-6786 x89873,4/15/1989,Althea_Casper
Rhea_Cronin@gabriella.co.uk,Lemke,(757)293-2773 x99818,2/1/2000,Caden
Amber_Quitzon@werner.me,Cartwright,(124)061-1322 x9001,7/3/1989,Hubert.Douglas
Jamir_Renner@zackary.info,Fadel,363-588-1634,3/1/2008,Cicero
Lou_Boyer@blaze.tv,Hirthe,067-670-7064,1/10/2000,Courtney_Thompson
Stephan.Walter@angie.ca,Quitzon,(386)855-6284,3/15/2008,Karlee.Upton
Chelsey.Littel@beulah.us,Dicki,(820)034-1264,2/18/1982,Vernice_Willms
Shayne.Rath@mario.us,O'Keefe,947.824.5493 x40799,5/15/2003,Leopold.Johnson
Winston.Rogahn@javonte.biz,Kerluke,(851)665-8837 x5985,12/21/2000,Carleton
Viviane@gretchen.biz,Reichel,879.185.8356,7/16/2002,Alva
Pattie_Gottlieb@gideon.name,Gaylord,(130)709-8903 x83164,2/14/2002,Kiara
Candice_OKeefe@hipolito.net,Barton,(154)346-0527 x26569,1/28/1995,Delbert.Shanahan
Roman@ruth.name,Ebert,234-948-5181 x89253,6/10/2009,Gavin_Bergnaum
Santos.Witting@emil.io,Wiza,(573)252-5022 x648,8/14/1994,Jarret.Upton
Ignatius@wilma.ca,Cruickshank,(381)738-6939 x408,7/10/2009,Kameron.Bernhard
Loy@eliza.org,Kerluke,1-544-457-8744,7/5/1990,Nannie.Greenholt
Jazmin@zelma.me,Prosacco,329-253-3763,12/1/2008,Angelo
Neal@yvonne.biz,Labadie,(035)953-0831 x767,6/2/1983,Columbus_Greenfelder
Freeman.Balistreri@keith.name,Swaniawski,1-370-525-5370 x47751,9/2/1999,Filiberto
Freeman_Torp@chaz.io,Crooks,571.146.0901 x458,3/25/1981,Dillon.Jacobson
Anahi_Bashirian@toy.name,Gorczany,837.019.9197 x532,7/18/1998,Elmer_Cummings
Noe@sedrick.name,Sauer,(118)003-9621,1/20/1982,Solon
Norberto.Krajcik@jonathon.us,Gislason,1-366-814-1444,6/20/1980,Dahlia
Jeff@mina.us,Crona,1-147-321-7391 x5625,2/15/2004,Holly
Kory.Frami@hoyt.io,Rice,(796)558-8740,10/28/1994,Felicia
Caleigh@rahsaan.biz,Brakus,(720)872-8949,1/18/1986,Ofelia.Kulas
Gilberto@felicity.ca,Eichmann,082-364-0083 x3197,10/13/1981,Easter
Kelsi@alayna.net,Shanahan,1-535-138-3222,4/21/1984,Rachelle.Kessler
Lorenzo@zoila.co.uk,Bartoletti,(024)659-8838 x856,3/29/1991,Zelma_Spinka
Derick@jordy.net,Johnson,(156)113-1237 x14191,8/20/2010,Sean_Emmerich
Esmeralda.McGlynn@coy.me,Paucek,(796)655-1929 x907,2/22/1998,Samantha
Jennifer_Schaefer@vance.name,Tillman,031.112.2821 x64385,4/17/1995,Ronaldo
Willis@mina.co.uk,Crist,536.487.7545,4/1/1984,Jorge.Kulas
Barrett@aubrey.me,White,1-238-148-9293,12/24/1985,Tiara_Effertz
Emilie.Schuppe@camden.co.uk,Corwin,578-689-5964 x793,4/21/2012,Adrain
Aimee_Schaefer@kennedy.ca,Kunze,590-566-1027,2/24/1981,Jewel
Jerald.Flatley@hunter.com,Braun,1-729-604-5418 x28220,4/17/2004,Emery.Klein
Allene@rebeka.me,Dare,1-802-736-8307,7/22/1985,Domingo.Dickinson
Alejandrin.Hagenes@helga.ca,Schiller,503.400.5838 x971,2/26/2000,Kallie_Trantow
Ashlee@creola.us,Barrows,(647)709-6437 x2794,11/9/1993,Marques.Schmidt
Lucious@jaqueline.tv,Stark,(142)157-6934 x7989,12/4/1997,Eldora
Oliver.Kutch@calista.name,Johnson,(309)987-8738 x15397,8/22/1993,Keeley_Hackett
Lloyd_Rolfson@colt.com,Williamson,637.044.5171 x5011,5/27/1985,Kayley.Goldner
Mattie_Gottlieb@jaime.co.uk,Stiedemann,633-298-6438 x1820,6/20/1984,Daphne_Crist
Collin_Tremblay@gisselle.io,Mertz,1-380-020-6877,8/31/2013,Freda.Torp
Bernard@sadye.biz,Rogahn,816.493.0467 x631,1/1/2001,Amya_Labadie
Pedro@nelda.us,Schimmel,052-215-7422,12/21/2007,Quincy
Chyna@abelardo.io,Schimmel,221.233.0062,9/9/1998,Abigayle.Homenick
Ruby@cary.biz,Orn,(429)042-0666 x7030,2/28/1992,Curt.Murray
Kiley@gideon.biz,Murphy,1-516-639-5558,10/7/1988,Jadyn_Huel
Eliseo_Konopelski@gertrude.biz,Olson,671.809.7796 x341,1/19/2006,Alex_Herman
Noah_Bergnaum@chanelle.biz,Harªann,128-624-7644,2/26/1990,Ollie
Adella_Torp@alda.ca,Haley,(946)919-8895 x6453,3/24/1993,Santos.Flatley
Dorris.Doyle@lenny.me,Schiller,786-206-7778 x7086,3/30/1991,Vivian.Trantow
Nella_Windler@hattie.name,Kuhic,1-066-778-8624 x913,1/28/2013,Leif
Ken@odell.tv,Pacocha,501.711.4484 x9163,7/27/2008,Alexzander
Aleen@wilber.me,Thiel,1-971-161-5074,3/18/1995,Laura
Joey_Rice@hanna.co.uk,Lubowitz,(419)576-1508 x901,12/8/1981,Wendy
Geovany_Grady@aric.tv,Jaskolski,1-473-870-6825,11/3/1984,Ariane_Schowalter
Lilian@yazmin.com,Grady,082.959.4543 x099,6/19/2003,Annie
Alexanne@louvenia.io,Weber,173.828.4241,4/18/1988,Corine.Stiedemann
Zander@aniya.com,Considine,(723)085-2677 x3060,1/28/2012,Graciela.Blick
Kayleigh@christophe.us,Pfeffer,611.351.8735,3/18/1995,Luigi.Thompson
Daisha.Batz@torrey.com,Weimann,746.055.5097 x564,12/2/1994,Dudley.Rutherford
Lewis_Emard@zelma.name,Green,187-368-4010 x9102,8/23/1982,Mae.Rogahn