--
-- PostgreSQL database cluster dump
--

SET client_encoding = 'UTF8';
SET standard_conforming_strings = on;

--
-- Roles
--

CREATE ROLE postgres;
ALTER ROLE postgres WITH SUPERUSER INHERIT CREATEROLE CREATEDB LOGIN REPLICATION PASSWORD 'md53175bce1d3201d16594cebf9d7eb3f9d';






--
-- Database creation
--

REVOKE ALL ON DATABASE template1 FROM PUBLIC;
REVOKE ALL ON DATABASE template1 FROM postgres;
GRANT ALL ON DATABASE template1 TO postgres;
GRANT CONNECT ON DATABASE template1 TO PUBLIC;


\connect postgres

--
-- PostgreSQL database dump
--

SET statement_timeout = 0;
SET lock_timeout = 0;
SET client_encoding = 'UTF8';
SET standard_conforming_strings = on;
SET check_function_bodies = false;
SET client_min_messages = warning;

--
-- Name: plpgsql; Type: EXTENSION; Schema: -; Owner: 
--

CREATE EXTENSION IF NOT EXISTS plpgsql WITH SCHEMA pg_catalog;


--
-- Name: EXTENSION plpgsql; Type: COMMENT; Schema: -; Owner: 
--

COMMENT ON EXTENSION plpgsql IS 'PL/pgSQL procedural language';


SET search_path = public, pg_catalog;

--
-- Name: birthdate; Type: DOMAIN; Schema: public; Owner: postgres
--

CREATE DOMAIN birthdate AS date
	CONSTRAINT birthdate_check CHECK ((VALUE <= now()));


ALTER DOMAIN public.birthdate OWNER TO postgres;

--
-- Name: cumulativeVotes(); Type: FUNCTION; Schema: public; Owner: postgres
--

CREATE FUNCTION "cumulativeVotes"() RETURNS trigger
    LANGUAGE plpgsql
    AS $$BEGIN

UPDATE "Customer" set "CumulativeUpVotes" = (Select Sum("UpVotes") from "Review" where "Review"."CustomerUserID" = NEW."CustomerUserID") where "UserID" = NEW."CustomerUserID";

UPDATE "Customer" set "CumulativeDownVotes" = (Select Sum("DownVotes") from "Review" where "Review"."CustomerUserID" = NEW."CustomerUserID") where "UserID" = NEW."CustomerUserID";

RETURN NEW;

END$$;


ALTER FUNCTION public."cumulativeVotes"() OWNER TO postgres;

--
-- Name: totalVotes(); Type: FUNCTION; Schema: public; Owner: postgres
--

CREATE FUNCTION "totalVotes"() RETURNS trigger
    LANGUAGE plpgsql
    AS $$BEGIN

UPDATE "Review" set "UpVotes" = (Select Count(*) from "Vote" where "TypeOfVote" = 1 and "ReviewID" = NEW."ReviewID" and "CustomerUserID" = NEW."CustomerUserID") where "ReviewID" = NEW."ReviewID" and "CustomerUserID" = NEW."CustomerUserID";

UPDATE "Review" set "DownVotes" = (Select Count(*) from "Vote" where "TypeOfVote" = -1 and "ReviewID" = NEW."ReviewID" and "CustomerUserID" = NEW."CustomerUserID") where "ReviewID" = NEW."ReviewID" and "CustomerUserID" = NEW."CustomerUserID";

RETURN NEW;

END$$;


ALTER FUNCTION public."totalVotes"() OWNER TO postgres;

--
-- Name: updateRating(); Type: FUNCTION; Schema: public; Owner: postgres
--

CREATE FUNCTION "updateRating"() RETURNS trigger
    LANGUAGE plpgsql
    AS $$BEGIN

UPDATE "ServiceProvider" set "Rating" = (Select Avg("Rating") from "Review" where "UserID" = NEW."ServiceProviderUserID") where "UserID" = NEW."ServiceProviderUserID";

RETURN NEW;

END$$;


ALTER FUNCTION public."updateRating"() OWNER TO postgres;

SET default_tablespace = '';

SET default_with_oids = false;

--
-- Name: Answer; Type: TABLE; Schema: public; Owner: postgres; Tablespace: 
--

CREATE TABLE "Answer" (
    "QuestionID" integer NOT NULL,
    "AnswerID" integer NOT NULL,
    "Description" character varying(2000) NOT NULL,
    "Timestamp" timestamp with time zone NOT NULL
);


ALTER TABLE public."Answer" OWNER TO postgres;

--
-- Name: Answer_AnswerID_seq; Type: SEQUENCE; Schema: public; Owner: postgres
--

CREATE SEQUENCE "Answer_AnswerID_seq"
    START WITH 1
    INCREMENT BY 1
    NO MINVALUE
    NO MAXVALUE
    CACHE 1;


ALTER TABLE public."Answer_AnswerID_seq" OWNER TO postgres;

--
-- Name: Answer_AnswerID_seq; Type: SEQUENCE OWNED BY; Schema: public; Owner: postgres
--

ALTER SEQUENCE "Answer_AnswerID_seq" OWNED BY "Answer"."AnswerID";


--
-- Name: Appointment; Type: TABLE; Schema: public; Owner: postgres; Tablespace: 
--

CREATE TABLE "Appointment" (
    "CustomerUserID" integer NOT NULL,
    "ServiceID" integer NOT NULL,
    "ServiceProviderUserID" integer NOT NULL,
    "RegionID" integer NOT NULL,
    "Price" integer NOT NULL,
    "Status" character varying NOT NULL,
    "StartDate" date,
    "EndDate" date,
    "Days" character varying,
    "StartTime" time without time zone,
    "EndTime" time without time zone,
    CONSTRAINT dates CHECK (("EndDate" > "StartDate")),
    CONSTRAINT "differentUserCheck" CHECK (("CustomerUserID" <> "ServiceProviderUserID")),
    CONSTRAINT "priceCheck" CHECK (("Price" > 0)),
    CONSTRAINT "time" CHECK (("EndTime" > "StartTime"))
);


ALTER TABLE public."Appointment" OWNER TO postgres;

--
-- Name: Appointment_CustomerUserID_seq; Type: SEQUENCE; Schema: public; Owner: postgres
--

CREATE SEQUENCE "Appointment_CustomerUserID_seq"
    START WITH 1
    INCREMENT BY 1
    NO MINVALUE
    NO MAXVALUE
    CACHE 1;


ALTER TABLE public."Appointment_CustomerUserID_seq" OWNER TO postgres;

--
-- Name: Appointment_CustomerUserID_seq; Type: SEQUENCE OWNED BY; Schema: public; Owner: postgres
--

ALTER SEQUENCE "Appointment_CustomerUserID_seq" OWNED BY "Appointment"."CustomerUserID";


--
-- Name: Appointment_RegionID_seq; Type: SEQUENCE; Schema: public; Owner: postgres
--

CREATE SEQUENCE "Appointment_RegionID_seq"
    START WITH 1
    INCREMENT BY 1
    NO MINVALUE
    NO MAXVALUE
    CACHE 1;


ALTER TABLE public."Appointment_RegionID_seq" OWNER TO postgres;

--
-- Name: Appointment_RegionID_seq; Type: SEQUENCE OWNED BY; Schema: public; Owner: postgres
--

ALTER SEQUENCE "Appointment_RegionID_seq" OWNED BY "Appointment"."RegionID";


--
-- Name: Appointment_ServiceID_seq; Type: SEQUENCE; Schema: public; Owner: postgres
--

CREATE SEQUENCE "Appointment_ServiceID_seq"
    START WITH 1
    INCREMENT BY 1
    NO MINVALUE
    NO MAXVALUE
    CACHE 1;


ALTER TABLE public."Appointment_ServiceID_seq" OWNER TO postgres;

--
-- Name: Appointment_ServiceID_seq; Type: SEQUENCE OWNED BY; Schema: public; Owner: postgres
--

ALTER SEQUENCE "Appointment_ServiceID_seq" OWNED BY "Appointment"."ServiceID";


--
-- Name: Appointment_ServiceProviderUserID_seq; Type: SEQUENCE; Schema: public; Owner: postgres
--

CREATE SEQUENCE "Appointment_ServiceProviderUserID_seq"
    START WITH 1
    INCREMENT BY 1
    NO MINVALUE
    NO MAXVALUE
    CACHE 1;


ALTER TABLE public."Appointment_ServiceProviderUserID_seq" OWNER TO postgres;

--
-- Name: Appointment_ServiceProviderUserID_seq; Type: SEQUENCE OWNED BY; Schema: public; Owner: postgres
--

ALTER SEQUENCE "Appointment_ServiceProviderUserID_seq" OWNED BY "Appointment"."ServiceProviderUserID";


--
-- Name: Bids; Type: TABLE; Schema: public; Owner: postgres; Tablespace: 
--

CREATE TABLE "Bids" (
    "ServiceProviderUserID" integer NOT NULL,
    "WishID" integer NOT NULL,
    "CustomerUserID" integer NOT NULL,
    "BidValue" integer NOT NULL,
    "Details" character varying(2000),
    CONSTRAINT "bidValueCheck" CHECK (("BidValue" > 0)),
    CONSTRAINT "differentUserCheck" CHECK (("CustomerUserID" <> "ServiceProviderUserID"))
);


ALTER TABLE public."Bids" OWNER TO postgres;

--
-- Name: Bids_CustomerUserID_seq; Type: SEQUENCE; Schema: public; Owner: postgres
--

CREATE SEQUENCE "Bids_CustomerUserID_seq"
    START WITH 1
    INCREMENT BY 1
    NO MINVALUE
    NO MAXVALUE
    CACHE 1;


ALTER TABLE public."Bids_CustomerUserID_seq" OWNER TO postgres;

--
-- Name: Bids_CustomerUserID_seq; Type: SEQUENCE OWNED BY; Schema: public; Owner: postgres
--

ALTER SEQUENCE "Bids_CustomerUserID_seq" OWNED BY "Bids"."CustomerUserID";


--
-- Name: Bids_ServiceProviderUserID_seq; Type: SEQUENCE; Schema: public; Owner: postgres
--

CREATE SEQUENCE "Bids_ServiceProviderUserID_seq"
    START WITH 1
    INCREMENT BY 1
    NO MINVALUE
    NO MAXVALUE
    CACHE 1;


ALTER TABLE public."Bids_ServiceProviderUserID_seq" OWNER TO postgres;

--
-- Name: Bids_ServiceProviderUserID_seq; Type: SEQUENCE OWNED BY; Schema: public; Owner: postgres
--

ALTER SEQUENCE "Bids_ServiceProviderUserID_seq" OWNED BY "Bids"."ServiceProviderUserID";


--
-- Name: Bids_WishID_seq; Type: SEQUENCE; Schema: public; Owner: postgres
--

CREATE SEQUENCE "Bids_WishID_seq"
    START WITH 1
    INCREMENT BY 1
    NO MINVALUE
    NO MAXVALUE
    CACHE 1;


ALTER TABLE public."Bids_WishID_seq" OWNER TO postgres;

--
-- Name: Bids_WishID_seq; Type: SEQUENCE OWNED BY; Schema: public; Owner: postgres
--

ALTER SEQUENCE "Bids_WishID_seq" OWNED BY "Bids"."WishID";


--
-- Name: Customer; Type: TABLE; Schema: public; Owner: postgres; Tablespace: 
--

CREATE TABLE "Customer" (
    "UserID" integer NOT NULL,
    "DOB" birthdate NOT NULL,
    "CumulativeUpVotes" integer DEFAULT 0 NOT NULL,
    "CumulativeDownVotes" integer DEFAULT 0 NOT NULL,
    "RegionID" integer NOT NULL,
    "Gender" character varying(20) NOT NULL,
    CONSTRAINT "TotalUpvotesCheck" CHECK ((("CumulativeUpVotes" >= 0) AND ("CumulativeDownVotes" >= 0)))
);


ALTER TABLE public."Customer" OWNER TO postgres;

--
-- Name: Customer_UserID_seq; Type: SEQUENCE; Schema: public; Owner: postgres
--

CREATE SEQUENCE "Customer_UserID_seq"
    START WITH 1
    INCREMENT BY 1
    NO MINVALUE
    NO MAXVALUE
    CACHE 1;


ALTER TABLE public."Customer_UserID_seq" OWNER TO postgres;

--
-- Name: Customer_UserID_seq; Type: SEQUENCE OWNED BY; Schema: public; Owner: postgres
--

ALTER SEQUENCE "Customer_UserID_seq" OWNED BY "Customer"."UserID";


--
-- Name: Follows; Type: TABLE; Schema: public; Owner: postgres; Tablespace: 
--

CREATE TABLE "Follows" (
    "FollowerCustomerUserID" integer NOT NULL,
    "FollowedCustomerUserID" integer NOT NULL,
    CONSTRAINT "sameFollowCheck" CHECK (("FollowedCustomerUserID" <> "FollowerCustomerUserID"))
);


ALTER TABLE public."Follows" OWNER TO postgres;

--
-- Name: Follows_FollowedCustomerUserID_seq; Type: SEQUENCE; Schema: public; Owner: postgres
--

CREATE SEQUENCE "Follows_FollowedCustomerUserID_seq"
    START WITH 1
    INCREMENT BY 1
    NO MINVALUE
    NO MAXVALUE
    CACHE 1;


ALTER TABLE public."Follows_FollowedCustomerUserID_seq" OWNER TO postgres;

--
-- Name: Follows_FollowedCustomerUserID_seq; Type: SEQUENCE OWNED BY; Schema: public; Owner: postgres
--

ALTER SEQUENCE "Follows_FollowedCustomerUserID_seq" OWNED BY "Follows"."FollowedCustomerUserID";


--
-- Name: Follows_FollowerCustomerUserID_seq; Type: SEQUENCE; Schema: public; Owner: postgres
--

CREATE SEQUENCE "Follows_FollowerCustomerUserID_seq"
    START WITH 1
    INCREMENT BY 1
    NO MINVALUE
    NO MAXVALUE
    CACHE 1;


ALTER TABLE public."Follows_FollowerCustomerUserID_seq" OWNER TO postgres;

--
-- Name: Follows_FollowerCustomerUserID_seq; Type: SEQUENCE OWNED BY; Schema: public; Owner: postgres
--

ALTER SEQUENCE "Follows_FollowerCustomerUserID_seq" OWNED BY "Follows"."FollowerCustomerUserID";


--
-- Name: Location; Type: TABLE; Schema: public; Owner: postgres; Tablespace: 
--

CREATE TABLE "Location" (
    "RegionID" integer NOT NULL,
    "CityName" character varying(30),
    "StateName" character varying(30)
);


ALTER TABLE public."Location" OWNER TO postgres;

--
-- Name: Location_RegionID_seq; Type: SEQUENCE; Schema: public; Owner: postgres
--

CREATE SEQUENCE "Location_RegionID_seq"
    START WITH 1
    INCREMENT BY 1
    NO MINVALUE
    NO MAXVALUE
    CACHE 1;


ALTER TABLE public."Location_RegionID_seq" OWNER TO postgres;

--
-- Name: Location_RegionID_seq; Type: SEQUENCE OWNED BY; Schema: public; Owner: postgres
--

ALTER SEQUENCE "Location_RegionID_seq" OWNED BY "Location"."RegionID";


--
-- Name: Message; Type: TABLE; Schema: public; Owner: postgres; Tablespace: 
--

CREATE TABLE "Message" (
    "SenderCustomerUserID" integer NOT NULL,
    "Timestamp" timestamp without time zone NOT NULL,
    "Content" character varying(2000) NOT NULL,
    "ReceiverCustomerUserID" integer NOT NULL,
    CONSTRAINT "sameUserCheck" CHECK (("ReceiverCustomerUserID" <> "SenderCustomerUserID"))
);


ALTER TABLE public."Message" OWNER TO postgres;

--
-- Name: Message_ReceiverCustomerUserID_seq; Type: SEQUENCE; Schema: public; Owner: postgres
--

CREATE SEQUENCE "Message_ReceiverCustomerUserID_seq"
    START WITH 1
    INCREMENT BY 1
    NO MINVALUE
    NO MAXVALUE
    CACHE 1;


ALTER TABLE public."Message_ReceiverCustomerUserID_seq" OWNER TO postgres;

--
-- Name: Message_ReceiverCustomerUserID_seq; Type: SEQUENCE OWNED BY; Schema: public; Owner: postgres
--

ALTER SEQUENCE "Message_ReceiverCustomerUserID_seq" OWNED BY "Message"."ReceiverCustomerUserID";


--
-- Name: Message_SenderCustomerUserID_seq; Type: SEQUENCE; Schema: public; Owner: postgres
--

CREATE SEQUENCE "Message_SenderCustomerUserID_seq"
    START WITH 1
    INCREMENT BY 1
    NO MINVALUE
    NO MAXVALUE
    CACHE 1;


ALTER TABLE public."Message_SenderCustomerUserID_seq" OWNER TO postgres;

--
-- Name: Message_SenderCustomerUserID_seq; Type: SEQUENCE OWNED BY; Schema: public; Owner: postgres
--

ALTER SEQUENCE "Message_SenderCustomerUserID_seq" OWNED BY "Message"."SenderCustomerUserID";


--
-- Name: Provides; Type: TABLE; Schema: public; Owner: postgres; Tablespace: 
--

CREATE TABLE "Provides" (
    "ServiceProviderUserID" integer NOT NULL,
    "ServiceID" integer NOT NULL,
    "RegionID" integer NOT NULL,
    "Days" character varying NOT NULL,
    "StartTime" time without time zone NOT NULL,
    "EndTime" time without time zone NOT NULL,
    "Name" character varying(40) NOT NULL,
    "Price" integer NOT NULL,
    "Discount" integer DEFAULT 0,
    "Description" character varying(2000),
    CONSTRAINT "discountCheck" CHECK ((("Discount" >= 0) AND ("Discount" <= 100))),
    CONSTRAINT "priceCheck" CHECK (("Price" > 0)),
    CONSTRAINT times CHECK (("EndTime" > "StartTime"))
);


ALTER TABLE public."Provides" OWNER TO postgres;

--
-- Name: Provides_RegionID_seq; Type: SEQUENCE; Schema: public; Owner: postgres
--

CREATE SEQUENCE "Provides_RegionID_seq"
    START WITH 1
    INCREMENT BY 1
    NO MINVALUE
    NO MAXVALUE
    CACHE 1;


ALTER TABLE public."Provides_RegionID_seq" OWNER TO postgres;

--
-- Name: Provides_RegionID_seq; Type: SEQUENCE OWNED BY; Schema: public; Owner: postgres
--

ALTER SEQUENCE "Provides_RegionID_seq" OWNED BY "Provides"."RegionID";


--
-- Name: Provides_ServiceID_seq; Type: SEQUENCE; Schema: public; Owner: postgres
--

CREATE SEQUENCE "Provides_ServiceID_seq"
    START WITH 1
    INCREMENT BY 1
    NO MINVALUE
    NO MAXVALUE
    CACHE 1;


ALTER TABLE public."Provides_ServiceID_seq" OWNER TO postgres;

--
-- Name: Provides_ServiceID_seq; Type: SEQUENCE OWNED BY; Schema: public; Owner: postgres
--

ALTER SEQUENCE "Provides_ServiceID_seq" OWNED BY "Provides"."ServiceID";


--
-- Name: Provides_ServiceProviderUserID_seq; Type: SEQUENCE; Schema: public; Owner: postgres
--

CREATE SEQUENCE "Provides_ServiceProviderUserID_seq"
    START WITH 1
    INCREMENT BY 1
    NO MINVALUE
    NO MAXVALUE
    CACHE 1;


ALTER TABLE public."Provides_ServiceProviderUserID_seq" OWNER TO postgres;

--
-- Name: Provides_ServiceProviderUserID_seq; Type: SEQUENCE OWNED BY; Schema: public; Owner: postgres
--

ALTER SEQUENCE "Provides_ServiceProviderUserID_seq" OWNED BY "Provides"."ServiceProviderUserID";


--
-- Name: Question; Type: TABLE; Schema: public; Owner: postgres; Tablespace: 
--

CREATE TABLE "Question" (
    "QuestionID" integer NOT NULL,
    "Description" character varying(2000) NOT NULL,
    "Timestamp" timestamp without time zone NOT NULL,
    "CustomerUserID" integer NOT NULL,
    "ServiceProviderUserID" integer NOT NULL,
    CONSTRAINT "differentUserCheck" CHECK (("CustomerUserID" <> "ServiceProviderUserID"))
);


ALTER TABLE public."Question" OWNER TO postgres;

--
-- Name: Question_QuestionID_seq; Type: SEQUENCE; Schema: public; Owner: postgres
--

CREATE SEQUENCE "Question_QuestionID_seq"
    START WITH 1
    INCREMENT BY 1
    NO MINVALUE
    NO MAXVALUE
    CACHE 1;


ALTER TABLE public."Question_QuestionID_seq" OWNER TO postgres;

--
-- Name: Question_QuestionID_seq; Type: SEQUENCE OWNED BY; Schema: public; Owner: postgres
--

ALTER SEQUENCE "Question_QuestionID_seq" OWNED BY "Question"."QuestionID";


--
-- Name: Review; Type: TABLE; Schema: public; Owner: postgres; Tablespace: 
--

CREATE TABLE "Review" (
    "ReviewID" integer NOT NULL,
    "ServiceID" integer NOT NULL,
    "CustomerUserID" integer NOT NULL,
    "Content" character varying(2000) NOT NULL,
    "Rating" integer DEFAULT 0 NOT NULL,
    "Timestamp" timestamp without time zone NOT NULL,
    "ServiceProviderUserID" integer NOT NULL,
    "UpVotes" integer DEFAULT 0 NOT NULL,
    "DownVotes" integer DEFAULT 0 NOT NULL,
    CONSTRAINT "differentUserCheck" CHECK (("CustomerUserID" <> "ServiceProviderUserID")),
    CONSTRAINT "ratingCheck" CHECK ((("Rating" >= 0) AND ("Rating" <= 5)))
);


ALTER TABLE public."Review" OWNER TO postgres;

--
-- Name: Review_CustomerUserID_seq; Type: SEQUENCE; Schema: public; Owner: postgres
--

CREATE SEQUENCE "Review_CustomerUserID_seq"
    START WITH 1
    INCREMENT BY 1
    NO MINVALUE
    NO MAXVALUE
    CACHE 1;


ALTER TABLE public."Review_CustomerUserID_seq" OWNER TO postgres;

--
-- Name: Review_CustomerUserID_seq; Type: SEQUENCE OWNED BY; Schema: public; Owner: postgres
--

ALTER SEQUENCE "Review_CustomerUserID_seq" OWNED BY "Review"."CustomerUserID";


--
-- Name: Review_ReviewID_seq; Type: SEQUENCE; Schema: public; Owner: postgres
--

CREATE SEQUENCE "Review_ReviewID_seq"
    START WITH 1
    INCREMENT BY 1
    NO MINVALUE
    NO MAXVALUE
    CACHE 1;


ALTER TABLE public."Review_ReviewID_seq" OWNER TO postgres;

--
-- Name: Review_ReviewID_seq; Type: SEQUENCE OWNED BY; Schema: public; Owner: postgres
--

ALTER SEQUENCE "Review_ReviewID_seq" OWNED BY "Review"."ReviewID";


--
-- Name: Review_ServiceID_seq; Type: SEQUENCE; Schema: public; Owner: postgres
--

CREATE SEQUENCE "Review_ServiceID_seq"
    START WITH 1
    INCREMENT BY 1
    NO MINVALUE
    NO MAXVALUE
    CACHE 1;


ALTER TABLE public."Review_ServiceID_seq" OWNER TO postgres;

--
-- Name: Review_ServiceID_seq; Type: SEQUENCE OWNED BY; Schema: public; Owner: postgres
--

ALTER SEQUENCE "Review_ServiceID_seq" OWNED BY "Review"."ServiceID";


--
-- Name: Service; Type: TABLE; Schema: public; Owner: postgres; Tablespace: 
--

CREATE TABLE "Service" (
    "ServiceID" integer NOT NULL,
    "Type" character varying(40) NOT NULL,
    "SubType" character varying(40),
    "MiniDescription" character varying(2000)
);


ALTER TABLE public."Service" OWNER TO postgres;

--
-- Name: ServiceProvider; Type: TABLE; Schema: public; Owner: postgres; Tablespace: 
--

CREATE TABLE "ServiceProvider" (
    "UserID" integer NOT NULL,
    "Webpage" character varying(60),
    "Rating" double precision DEFAULT 0 NOT NULL
);


ALTER TABLE public."ServiceProvider" OWNER TO postgres;

--
-- Name: ServiceProvider_UserID_seq; Type: SEQUENCE; Schema: public; Owner: postgres
--

CREATE SEQUENCE "ServiceProvider_UserID_seq"
    START WITH 1
    INCREMENT BY 1
    NO MINVALUE
    NO MAXVALUE
    CACHE 1;


ALTER TABLE public."ServiceProvider_UserID_seq" OWNER TO postgres;

--
-- Name: ServiceProvider_UserID_seq; Type: SEQUENCE OWNED BY; Schema: public; Owner: postgres
--

ALTER SEQUENCE "ServiceProvider_UserID_seq" OWNED BY "ServiceProvider"."UserID";


--
-- Name: Service_ServiceID_seq; Type: SEQUENCE; Schema: public; Owner: postgres
--

CREATE SEQUENCE "Service_ServiceID_seq"
    START WITH 1
    INCREMENT BY 1
    NO MINVALUE
    NO MAXVALUE
    CACHE 1;


ALTER TABLE public."Service_ServiceID_seq" OWNER TO postgres;

--
-- Name: Service_ServiceID_seq; Type: SEQUENCE OWNED BY; Schema: public; Owner: postgres
--

ALTER SEQUENCE "Service_ServiceID_seq" OWNED BY "Service"."ServiceID";


--
-- Name: Users; Type: TABLE; Schema: public; Owner: postgres; Tablespace: 
--

CREATE TABLE "Users" (
    "UserID" integer NOT NULL,
    "LoginID" character varying(20) NOT NULL,
    "Password" character varying(30) NOT NULL,
    "FirstName" character varying(20) NOT NULL,
    "LastName" character varying(20) NOT NULL,
    "EmailID" character varying(40) NOT NULL,
    "Photograph" character varying DEFAULT 'people/basic.png'::character varying NOT NULL,
    "ContactNumber" character varying(20)
);


ALTER TABLE public."Users" OWNER TO postgres;

--
-- Name: User_UserID_seq; Type: SEQUENCE; Schema: public; Owner: postgres
--

CREATE SEQUENCE "User_UserID_seq"
    START WITH 1
    INCREMENT BY 1
    NO MINVALUE
    NO MAXVALUE
    CACHE 1;


ALTER TABLE public."User_UserID_seq" OWNER TO postgres;

--
-- Name: User_UserID_seq; Type: SEQUENCE OWNED BY; Schema: public; Owner: postgres
--

ALTER SEQUENCE "User_UserID_seq" OWNED BY "Users"."UserID";


--
-- Name: Vote; Type: TABLE; Schema: public; Owner: postgres; Tablespace: 
--

CREATE TABLE "Vote" (
    "ReviewID" integer NOT NULL,
    "CustomerUserID" integer NOT NULL,
    "VotedByCustomerUserID" integer NOT NULL,
    "TypeOfVote" integer NOT NULL,
    CONSTRAINT "differentUserCheck" CHECK (("CustomerUserID" <> "VotedByCustomerUserID")),
    CONSTRAINT "voteTypeCheck" CHECK ((("TypeOfVote" = 1) OR ("TypeOfVote" = (-1))))
);


ALTER TABLE public."Vote" OWNER TO postgres;

--
-- Name: Wish; Type: TABLE; Schema: public; Owner: postgres; Tablespace: 
--

CREATE TABLE "Wish" (
    "WishID" integer NOT NULL,
    "CustomerUserID" integer NOT NULL,
    "Description" character varying(2000),
    "MaximumPrice" integer,
    "StartDate" date,
    "EndDate" date,
    "Days" character varying,
    "StartTime" time without time zone,
    "EndTime" time without time zone,
    "ServiceID" integer NOT NULL,
    "RegionID" integer NOT NULL,
    "Timestamp" timestamp without time zone NOT NULL,
    CONSTRAINT "priceCheck" CHECK (("MaximumPrice" >= 0))
);


ALTER TABLE public."Wish" OWNER TO postgres;

--
-- Name: Wish_CustomerUserID_seq; Type: SEQUENCE; Schema: public; Owner: postgres
--

CREATE SEQUENCE "Wish_CustomerUserID_seq"
    START WITH 1
    INCREMENT BY 1
    NO MINVALUE
    NO MAXVALUE
    CACHE 1;


ALTER TABLE public."Wish_CustomerUserID_seq" OWNER TO postgres;

--
-- Name: Wish_CustomerUserID_seq; Type: SEQUENCE OWNED BY; Schema: public; Owner: postgres
--

ALTER SEQUENCE "Wish_CustomerUserID_seq" OWNED BY "Wish"."CustomerUserID";


--
-- Name: Wish_RegionID_seq; Type: SEQUENCE; Schema: public; Owner: postgres
--

CREATE SEQUENCE "Wish_RegionID_seq"
    START WITH 1
    INCREMENT BY 1
    NO MINVALUE
    NO MAXVALUE
    CACHE 1;


ALTER TABLE public."Wish_RegionID_seq" OWNER TO postgres;

--
-- Name: Wish_RegionID_seq; Type: SEQUENCE OWNED BY; Schema: public; Owner: postgres
--

ALTER SEQUENCE "Wish_RegionID_seq" OWNED BY "Wish"."RegionID";


--
-- Name: Wish_ServiceID_seq; Type: SEQUENCE; Schema: public; Owner: postgres
--

CREATE SEQUENCE "Wish_ServiceID_seq"
    START WITH 1
    INCREMENT BY 1
    NO MINVALUE
    NO MAXVALUE
    CACHE 1;


ALTER TABLE public."Wish_ServiceID_seq" OWNER TO postgres;

--
-- Name: Wish_ServiceID_seq; Type: SEQUENCE OWNED BY; Schema: public; Owner: postgres
--

ALTER SEQUENCE "Wish_ServiceID_seq" OWNED BY "Wish"."ServiceID";


--
-- Name: Wish_WishID_seq; Type: SEQUENCE; Schema: public; Owner: postgres
--

CREATE SEQUENCE "Wish_WishID_seq"
    START WITH 1
    INCREMENT BY 1
    NO MINVALUE
    NO MAXVALUE
    CACHE 1;


ALTER TABLE public."Wish_WishID_seq" OWNER TO postgres;

--
-- Name: Wish_WishID_seq; Type: SEQUENCE OWNED BY; Schema: public; Owner: postgres
--

ALTER SEQUENCE "Wish_WishID_seq" OWNED BY "Wish"."WishID";


--
-- Name: AnswerID; Type: DEFAULT; Schema: public; Owner: postgres
--

ALTER TABLE ONLY "Answer" ALTER COLUMN "AnswerID" SET DEFAULT nextval('"Answer_AnswerID_seq"'::regclass);


--
-- Name: RegionID; Type: DEFAULT; Schema: public; Owner: postgres
--

ALTER TABLE ONLY "Location" ALTER COLUMN "RegionID" SET DEFAULT nextval('"Location_RegionID_seq"'::regclass);


--
-- Name: QuestionID; Type: DEFAULT; Schema: public; Owner: postgres
--

ALTER TABLE ONLY "Question" ALTER COLUMN "QuestionID" SET DEFAULT nextval('"Question_QuestionID_seq"'::regclass);


--
-- Name: ReviewID; Type: DEFAULT; Schema: public; Owner: postgres
--

ALTER TABLE ONLY "Review" ALTER COLUMN "ReviewID" SET DEFAULT nextval('"Review_ReviewID_seq"'::regclass);


--
-- Name: ServiceID; Type: DEFAULT; Schema: public; Owner: postgres
--

ALTER TABLE ONLY "Service" ALTER COLUMN "ServiceID" SET DEFAULT nextval('"Service_ServiceID_seq"'::regclass);


--
-- Name: UserID; Type: DEFAULT; Schema: public; Owner: postgres
--

ALTER TABLE ONLY "Users" ALTER COLUMN "UserID" SET DEFAULT nextval('"User_UserID_seq"'::regclass);


--
-- Name: WishID; Type: DEFAULT; Schema: public; Owner: postgres
--

ALTER TABLE ONLY "Wish" ALTER COLUMN "WishID" SET DEFAULT nextval('"Wish_WishID_seq"'::regclass);


--
-- Data for Name: Answer; Type: TABLE DATA; Schema: public; Owner: postgres
--

COPY "Answer" ("QuestionID", "AnswerID", "Description", "Timestamp") FROM stdin;
214	1002	Class tempor gravida pellentesque pretium etiam himenaeos sem venenatis justo?\n\n	2013-01-01 21:00:00+05:30
678	1003	Quisque litora lobortis primis donec cum feugiat conubia fames fermentum.\n\n	2013-02-04 10:00:00+05:30
931	1004	Potenti integre Tincidunt phasellus gravida sed leo bibendum nullam dignissim.\n\n	2013-03-09 14:00:00+05:30
373	1007	Nostra dapibus euismod condimentum sem bibendum metus, fames commodo blandit...\n\n	2013-09-02 07:00:00+05:30
887	1016	Vitae cras ad velit inceptos torquent placerat ultrices suscipit venenatis.\n\n	2013-06-04 06:00:00+05:30
548	1023	Nostra cursus dapibus tincidunt pretium nam platea: placerat nisl venenatis!\n\n	2013-06-01 06:00:00+05:30
234	1030	Nulla sed lobortis eu iaculis dictum purus dui suscipit lacinia.\n\n	2013-01-01 23:00:00+05:30
373	1032	Suspendisse nisi Tempor dictumst massa vestibulum eu pulvinar donec hac?\n\n	2013-02-01 15:00:00+05:30
372	1035	Vehicula dapibus nascetur enim metus parturient; odio auctor aliquam ligula.\n\n	2013-05-07 02:00:00+05:30
539	1039	Cubilia tincidunt litora aenean primis nullam laoreet mollis et lacinia?\n\n	2013-09-04 21:00:00+05:30
150	1045	Taciti non Tempus pellentesque sodales pretium etiam consectetur dui ligula.\n\n	2013-03-06 12:00:00+05:30
946	1046	Nostra vehicula curabitur proin sagittis id purus et blandit congue.\n\n	2013-07-05 00:00:00+05:30
851	1052	Est neque tempor inceptos semper per enim magna - nisl et!\n\n	2013-03-01 08:00:00+05:30
107	1054	Curae cursus scelerisque luctus mauris vestibulum cum hendrerit: mattis odio.\n\n	2013-05-06 10:00:00+05:30
158	1059	Augue scelerisque quisque diam velit inceptos sodales - bibendum parturient ultrices.\n\n	2013-01-03 19:00:00+05:30
449	1061	Convallis scelerisque sodales lobortis ullamcorper posuere, parturient arcu nec auctor.\n\n	2013-01-06 00:00:00+05:30
723	1063	Vehicula sociosqu fringilla neque dapibus per metus iaculis: mollis lacinia.\n\n	2013-05-07 06:00:00+05:30
247	1065	Maecenas cursus potenti luctus sodales pretium per arcu ultrices egestas?\n\n	2013-06-02 23:00:00+05:30
931	1072	Vitae dapibus sollicitudin orci mauris rutrum nullam molestie elementum eleifend.\n\n	2013-06-09 23:00:00+05:30
373	1073	Dictumst malesuada sociis donec aptent elementum venenatis fermentum - porttitor morbi.\n\n	2013-02-02 06:00:00+05:30
347	1074	Cursus amet neque ad velit pretium eu feugiat hendrerit blandit?\n\n	2013-03-03 16:00:00+05:30
473	1075	Habitasse vitae amet tempor vel pulvinar laoreet: magna conubia nisl.\n\n	2013-04-04 17:00:00+05:30
498	1076	Convallis tempus tristique vel erat vestibulum porta adipiscing praesent ultrices.\n\n	2013-05-03 09:00:00+05:30
476	1078	Urna amet luctus senectus dapibus integre sapien faucibus rhoncus mollis.\n\n	2013-07-03 05:00:00+05:30
120	1090	Suspendisse velit lacus aliquet ipsum leo cum conubia suscipit congue!\n\n	2013-03-07 00:00:00+05:30
32	1091	Maecenas dapibus euismod malesuada consequat imperdiet elementum, a venenatis fermentum...\n\n	2013-03-06 22:00:00+05:30
240	1092	Vitae lorem cubilia augue neque cum arcu commodo blandit sit.\n\n	2013-06-03 00:00:00+05:30
321	1094	Penatibus nisi taciti neque diam accumsan, sollicitudin magna habitant vivamus.\n\n	2013-06-03 10:00:00+05:30
131	1097	Curae penatibus dapibus accumsan sed nam duis quam magna praesent?\n\n	2013-09-05 02:00:00+05:30
165	1098	Convallis urna Amet nunc diam velit at nisl: egestas venenatis.\n\n	2013-03-03 05:00:00+05:30
362	1105	Lorem diam Gravida nibh malesuada consequat porta iaculis egestas netus.\n\n	2013-06-01 02:00:00+05:30
755	1107	Curabitur dolor lobortis pretium etiam ornare lectus facilisis laoreet at.\n\n	2013-07-02 05:00:00+05:30
486	1117	Est in tempor gravida facilisis mollis magna et, ridiculus morbi.\n\n	2013-05-09 11:00:00+05:30
196	1122	Nisi nulla Semper tristique lobortis posuere feugiat, conubia venenatis morbi?\n\n	2013-06-09 16:00:00+05:30
350	1123	Maecenas potenti neque velit litora proin mi donec arcu egestas.\n\n	2013-05-09 11:00:00+05:30
699	1129	Habitasse nostra elit potenti ut eu, enim purus ante fermentum.\n\n	2013-07-06 00:00:00+05:30
484	1135	Fringilla quis quisque eu pharetra rhoncus donec - fames ligula morbi.\n\n	2013-01-03 12:00:00+05:30
980	1140	Penatibus etiam per porta sagittis posuere, iaculis interdum nisl eleifend...\n\n	2013-01-07 07:00:00+05:30
51	1146	Scelerisque natoque curabitur accumsan gravida consectetur fusce eros nisl auctor...\n\n	2013-03-05 08:00:00+05:30
934	1148	Potenti nunc id platea purus parturient praesent turpis; ante sit.\n\n	2013-05-09 21:00:00+05:30
372	1151	Libero semper litora leo bibendum pulvinar faucibus; cum odio dui.\n\n	2013-09-02 07:00:00+05:30
666	1153	Vehicula potenti neque quisque phasellus massa lobortis ac cum dictum?\n\n	2013-04-07 07:00:00+05:30
22	1155	Vehicula curabitur massa vel bibendum hac ultrices mattis varius sit?\n\n	2013-06-02 02:00:00+05:30
653	1164	Nascetur lobortis nam rutrum sem molestie rhoncus commodo a porttitor.\n\n	2013-06-09 02:00:00+05:30
891	1165	Montes vehicula potenti luctus ut dictumst - euismod nam eget mi?\n\n	2013-03-08 02:00:00+05:30
377	1170	Tortor ut semper aliquet proin risus molestie eros - hac feugiat?\n\n	2013-09-07 06:00:00+05:30
244	1174	Maecenas urna nostra montes in non elementum: purus praesent morbi.\n\n	2013-09-02 09:00:00+05:30
548	1175	Fringilla integre nascetur semper pellentesque enim - pulvinar cum odio suscipit?\n\n	2013-01-09 09:00:00+05:30
135	1183	Curae amet scelerisque accumsan per sociis eros hac platea fermentum!\n\n	2013-03-09 17:00:00+05:30
539	1185	Magnis tincidunt pretium himenaeos nam posuere, facilisi donec imperdiet arcu.\n\n	2013-02-04 16:00:00+05:30
615	1195	Est libero Non quis ut massa: donec duis cum sit...\n\n	2013-04-04 23:00:00+05:30
791	1197	Habitasse neque senectus ad accumsan sodales pharetra felis odio ridiculus.\n\n	2013-03-05 16:00:00+05:30
939	1199	Tincidunt sodales vel erat nam porta mollis conubia nec dui?\n\n	2013-05-07 06:00:00+05:30
133	1205	Est urna non magnis semper massa, aenean pulvinar rhoncus fames.\n\n	2013-08-06 06:00:00+05:30
51	1208	Nostra amet libero cubilia integre aliquet sodales pretium sagittis vivamus.\n\n	2013-07-02 20:00:00+05:30
908	1210	Tortor dolor tempus leo risus nullam; mollis egestas aliquam porttitor!\n\n	2013-01-09 08:00:00+05:30
78	1211	Scelerisque integre pellentesque per nullam adipiscing ac cum, facilisis justo?\n\n	2013-01-01 22:00:00+05:30
396	1212	Gravida nibh per eu sem enim; adipiscing facilisi iaculis dictum?\n\n	2013-04-09 03:00:00+05:30
339	1213	Libero nulla mauris faucibus facilisi tellus elementum arcu nec odio!\n\n	2013-05-05 03:00:00+05:30
549	1214	Fringilla nulla volutpat lobortis ipsum id rhoncus felis, suscipit venenatis?\n\n	2013-04-08 18:00:00+05:30
979	1221	Pretium ipsum Dis enim posuere pharetra hac; egestas felis suscipit.\n\n	2013-03-05 04:00:00+05:30
433	1223	Elit nunc quis nulla pulvinar laoreet turpis; interdum ligula porttitor.\n\n	2013-05-05 12:00:00+05:30
798	1225	Tincidunt sodales torquent rutrum eros parturient turpis - egestas mus dui.\n\n	2013-04-05 01:00:00+05:30
74	1228	Suspendisse curabitur sed euismod fusce primis - dis posuere a justo.\n\n	2013-07-01 20:00:00+05:30
980	1234	Senectus dolor litora ipsum leo pharetra - mollis venenatis aliquam porttitor.\n\n	2013-06-06 04:00:00+05:30
295	1237	Curae natoque Quis mauris bibendum nullam id blandit a justo.\n\n	2013-08-09 10:00:00+05:30
468	1238	Potenti amet Dapibus torquent malesuada sociis; dis id netus porttitor.\n\n	2013-03-07 10:00:00+05:30
524	1242	Libero neque Natoque tempor pellentesque litora; feugiat purus commodo morbi...\n\n	2013-04-07 15:00:00+05:30
563	1251	Est potenti tincidunt litora lobortis mauris: vel pharetra pulvinar ligula!\n\n	2013-06-06 03:00:00+05:30
602	1258	Urna magnis Neque quisque enim sagittis rhoncus et nec dui!\n\n	2013-09-02 11:00:00+05:30
119	1259	Maecenas sed Orci proin aenean vestibulum sapien porta - facilisis arcu?\n\n	2013-07-02 11:00:00+05:30
525	1266	Nostra vitae fringilla curabitur nam facilisi feugiat laoreet ultrices odio.\n\n	2013-05-01 00:00:00+05:30
2	1272	Cubilia lobortis vel sem leo donec magna felis dui lacinia.\n\n	2013-09-05 00:00:00+05:30
118	1273	Urna scelerisque tincidunt phasellus proin sem adipiscing: platea dictum fames.\n\n	2013-09-05 02:00:00+05:30
666	1274	Urna fringilla diam pellentesque massa pretium id: hac turpis ante.\n\n	2013-05-06 10:00:00+05:30
980	1278	Lorem quisque Curabitur nam primis viverra; platea hendrerit varius nisl?\n\n	2013-06-01 22:00:00+05:30
774	1281	Cras in nisi quis massa himenaeos hac quam at mattis?\n\n	2013-01-08 08:00:00+05:30
285	1282	Lorem tristique Volutpat consequat dis enim pulvinar commodo felis fermentum.\n\n	2013-05-04 12:00:00+05:30
914	1284	In dolor diam velit class consequat tellus suscipit a justo.\n\n	2013-04-07 17:00:00+05:30
377	1287	Montes neque Dapibus proin bibendum dignissim platea fames odio auctor?\n\n	2013-03-09 18:00:00+05:30
62	1290	Convallis cursus sociosqu senectus quisque semper consequat; dignissim auctor fermentum.\n\n	2013-03-04 07:00:00+05:30
386	1293	Habitasse suspendisse euismod himenaeos consequat cum hendrerit, ante vivamus blandit.\n\n	2013-03-02 11:00:00+05:30
201	1304	Vitae augue curabitur per vestibulum donec quam laoreet arcu turpis?\n\n	2013-03-01 16:00:00+05:30
271	1305	Nostra elit potenti torquent erat porta cum fames et aliquam.\n\n	2013-09-01 15:00:00+05:30
690	1307	Vehicula diam gravida lobortis consequat dictum nisl: habitant ante nec?\n\n	2013-08-04 05:00:00+05:30
845	1309	Montes accumsan velit enim porta duis hendrerit; praesent mus aliquam?\n\n	2013-09-05 07:00:00+05:30
963	1310	Maecenas in neque natoque accumsan nam ultricies - aliquam netus justo?\n\n	2013-01-02 01:00:00+05:30
295	1327	In fringilla curabitur dolor tempor ornare sem ac aptent sit.\n\n	2013-02-02 12:00:00+05:30
62	1331	Neque ullamcorper ipsum sagittis pulvinar aptent duis feugiat platea eleifend?\n\n	2013-02-03 09:00:00+05:30
57	1334	Libero quisque tempus inceptos aliquet torquent etiam dignissim interdum varius.\n\n	2013-08-01 13:00:00+05:30
790	1336	Curae vehicula amet fringilla dictumst tristique nam bibendum congue sit.\n\n	2013-05-03 19:00:00+05:30
120	1339	Natoque eu ipsum feugiat laoreet mollis commodo felis odio ligula...\n\n	2013-02-08 22:00:00+05:30
791	1340	Tortor cursus pretium himenaeos ornare ipsum dis; enim vivamus venenatis.\n\n	2013-09-09 06:00:00+05:30
837	1342	Penatibus vitae cubilia scelerisque ad nascetur: proin consectetur laoreet lacinia.\n\n	2013-04-02 18:00:00+05:30
980	1352	Penatibus sollicitudin Lobortis ornare porta pharetra felis; mus auctor morbi?\n\n	2013-08-07 05:00:00+05:30
362	1358	Penatibus amet senectus curabitur eget vestibulum dis feugiat nisl habitant.\n\n	2013-01-07 12:00:00+05:30
227	1364	Non class phasellus dictumst ac quam cum, tellus arcu ante.\n\n	2013-04-01 06:00:00+05:30
40	1380	Libero magnis diam pretium vestibulum dis; tellus magna habitant lacinia.\n\n	2013-05-06 18:00:00+05:30
85	1385	Ut curabitur Tristique sollicitudin malesuada sociis metus; pharetra varius netus.\n\n	2013-05-02 17:00:00+05:30
247	1391	Suspendisse ad mi sagittis nullam posuere donec hac duis odio.\n\n	2013-09-09 06:00:00+05:30
302	1392	Elit quisque dapibus integre dictumst vulputate nullam facilisis interdum fermentum.\n\n	2013-07-09 13:00:00+05:30
42	1396	Taciti luctus lacus erat nam mi metus: magna dictum blandit.\n\n	2013-01-06 06:00:00+05:30
144	1397	Nunc Velit tempus torquent rutrum leo aptent elementum ante porttitor.\n\n	2013-02-05 22:00:00+05:30
240	1400	Sociosqu dapibus torquent primis posuere hac facilisis: platea placerat venenatis.\n\n	2013-08-08 02:00:00+05:30
934	1402	Libero senectus Per erat eget vestibulum primis sem porta pulvinar.\n\n	2013-05-06 20:00:00+05:30
215	1403	Convallis est Cras sociosqu lorem amet massa sodales, sem facilisi.\n\n	2013-02-09 22:00:00+05:30
743	1406	Est augue Taciti magnis dolor inceptos faucibus ultrices: mattis mus...\n\n	2013-08-07 18:00:00+05:30
350	1408	Convallis nisi tempus semper volutpat orci fusce platea ultrices habitant.\n\n	2013-02-06 08:00:00+05:30
555	1410	Habitasse nisi quis tincidunt nam bibendum, lectus nullam praesent facilisi.\n\n	2013-04-02 14:00:00+05:30
634	1414	Nostra Nunc tempor tristique sed orci sociis id iaculis eleifend.\n\n	2013-03-03 08:00:00+05:30
360	1419	Amet gravida per erat aptent hac magna ultrices dui justo.\n\n	2013-07-01 15:00:00+05:30
917	1421	Scelerisque sollicitudin mauris aenean eget bibendum: duis hendrerit commodo ridiculus.\n\n	2013-04-09 13:00:00+05:30
373	1422	Senectus diam phasellus tempor semper sociis posuere pulvinar magna auctor.\n\n	2013-03-05 13:00:00+05:30
471	1423	Penatibus sociosqu Class inceptos sed lobortis; conubia varius suscipit justo.\n\n	2013-06-05 18:00:00+05:30
2	1424	Tortor fringilla Augue aliquet nibh erat eu nullam interdum aliquam.\n\n	2013-01-05 06:00:00+05:30
124	1429	Maecenas taciti tempus dis rhoncus parturient fames vivamus aliquam ligula.\n\n	2013-02-08 13:00:00+05:30
850	1434	Neque integre tristique risus dignissim egestas felis varius venenatis porttitor.\n\n	2013-06-04 20:00:00+05:30
103	1435	Sociosqu dolor aliquet torquent proin vestibulum bibendum ultricies vivamus sit.\n\n	2013-08-05 18:00:00+05:30
566	1436	Habitasse accumsan Massa leo bibendum risus rhoncus; auctor suscipit ridiculus...\n\n	2013-07-09 00:00:00+05:30
176	1440	Ut dolor Phasellus aliquet sollicitudin nam eget - id platea fames.\n\n	2013-05-07 03:00:00+05:30
518	1442	Nulla erat ullamcorper posuere placerat at mollis conubia venenatis fermentum?\n\n	2013-01-07 17:00:00+05:30
594	1452	Scelerisque sodales proin aenean consequat leo aptent iaculis ante dui.\n\n	2013-05-04 04:00:00+05:30
473	1454	Suspendisse nisi dolor nulla semper ornare placerat ultricies ante mus?\n\n	2013-08-05 00:00:00+05:30
121	1460	Potenti senectus tempor sollicitudin primis dis quam iaculis parturient leo.\n\n	2013-07-03 10:00:00+05:30
121	1462	Augue neque senectus ad tincidunt dictumst condimentum nullam pulvinar auctor.\n\n	2013-06-08 07:00:00+05:30
912	1464	Cursus luctus Gravida semper dictumst vestibulum adipiscing rhoncus aptent ultrices.\n\n	2013-02-04 16:00:00+05:30
607	1482	Penatibus dapibus curabitur lacus proin ullamcorper viverra, cum turpis netus.\n\n	2013-06-03 22:00:00+05:30
99	1488	Montes etiam per rutrum sapien enim lectus ac duis conubia...\n\n	2013-01-06 16:00:00+05:30
285	1491	Habitasse sociosqu neque senectus dolor pellentesque sapien facilisi magna fermentum?\n\n	2013-06-03 16:00:00+05:30
43	1501	Tortor libero Augue luctus dolor class, vel adipiscing hendrerit odio.\n\n	2013-03-03 04:00:00+05:30
150	1509	Montes cubilia Integre dolor phasellus euismod, at mus congue justo...\n\n	2013-06-04 08:00:00+05:30
99	1511	Cubilia quis ad lacus sodales himenaeos imperdiet tellus; purus sit.\n\n	2013-06-02 00:00:00+05:30
373	1516	Vehicula quisque dapibus pellentesque lectus pulvinar dictum mattis ligula porttitor.\n\n	2013-04-08 23:00:00+05:30
397	1517	Dictumst nibh Proin mauris rutrum fusce cum nec auctor ligula.\n\n	2013-03-05 01:00:00+05:30
247	1522	Convallis nostra in tempor lacus rhoncus aptent eros parturient blandit?\n\n	2013-05-05 23:00:00+05:30
372	1525	Penatibus habitasse scelerisque luctus natoque ad litora fames mus porttitor?\n\n	2013-03-05 18:00:00+05:30
271	1532	Sociosqu nulla gravida torquent etiam vel facilisi; laoreet dictum ridiculus.\n\n	2013-07-05 12:00:00+05:30
327	1535	Nostra vehicula natoque diam sodales sem leo dis nullam mattis.\n\n	2013-07-02 09:00:00+05:30
121	1539	Penatibus nibh per mi lectus facilisi imperdiet conubia interdum nec.\n\n	2013-02-06 14:00:00+05:30
482	1541	Urna taciti dolor lobortis fusce dis, pulvinar ac dignissim donec.\n\n	2013-01-04 02:00:00+05:30
373	1544	Cras vehicula magnis natoque condimentum malesuada faucibus habitant; mus ridiculus.\n\n	2013-03-05 15:00:00+05:30
317	1549	Magnis tristique vulputate etiam erat nullam faucibus tellus arcu ridiculus...\n\n	2013-08-09 15:00:00+05:30
966	1557	Taciti ad dapibus condimentum etiam mauris faucibus mollis parturient varius.\n\n	2013-05-04 01:00:00+05:30
594	1558	Maecenas cursus Nunc suspendisse torquent malesuada metus molestie nisl ultrices.\n\n	2013-08-07 18:00:00+05:30
85	1565	Vehicula nisi Luctus class ipsum pulvinar laoreet; ultrices varius venenatis.\n\n	2013-02-05 07:00:00+05:30
702	1567	Nostra vitae sociosqu dictumst euismod massa - faucibus facilisi platea ultricies...\n\n	2013-07-04 19:00:00+05:30
532	1578	Est montes pellentesque posuere faucibus ac dignissim magna fames ante.\n\n	2013-03-03 21:00:00+05:30
556	1584	Est class pellentesque ullamcorper lectus nullam, duis iaculis arcu ante.\n\n	2013-07-06 11:00:00+05:30
213	1585	Sociosqu Volutpat sem dis nullam adipiscing dignissim aptent egestas lacinia.\n\n	2013-01-02 07:00:00+05:30
653	1586	In ut curabitur per sociis metus quam purus: interdum ridiculus?\n\n	2013-05-07 06:00:00+05:30
923	1590	Maecenas natoque Euismod proin eu sapien lectus eros: ante mattis.\n\n	2013-05-02 02:00:00+05:30
728	1591	Cubilia nascetur consectetur vel consequat bibendum pharetra feugiat, turpis nullam!\n\n	2013-02-06 05:00:00+05:30
317	1596	Urna taciti neque quis porta rhoncus ante mus - aliquam lacinia?\n\n	2013-04-02 18:00:00+05:30
790	1598	Tortor cras elit taciti nascetur sed nibh dis donec placerat?\n\n	2013-09-09 13:00:00+05:30
150	1600	Cras Vehicula sociosqu pellentesque aliquet torquent malesuada sem, ante sit.\n\n	2013-08-03 20:00:00+05:30
260	1608	Nunc suspendisse Magnis phasellus vestibulum fames et mattis - felis eleifend.\n\n	2013-05-02 23:00:00+05:30
482	1615	Quis semper sed pretium orci porta cum mollis praesent vivamus.\n\n	2013-02-04 11:00:00+05:30
912	1616	Sociosqu dictumst lobortis ullamcorper id facilisis hendrerit: habitant ante fermentum.\n\n	2013-05-07 15:00:00+05:30
129	1617	Potenti amet ad dictumst proin erat eros quam, odio auctor?\n\n	2013-03-02 09:00:00+05:30
359	1631	Cubilia lacus aenean ornare aptent tellus praesent ultrices varius ligula.\n\n	2013-07-03 07:00:00+05:30
774	1635	Euismod condimentum mauris nam pharetra molestie feugiat turpis habitant odio?\n\n	2013-07-09 07:00:00+05:30
845	1641	Senectus dapibus sollicitudin malesuada ipsum faucibus arcu ultrices felis venenatis.\n\n	2013-01-06 00:00:00+05:30
991	1642	Nostra amet semper pretium vel sagittis: imperdiet egestas a sit?\n\n	2013-03-09 16:00:00+05:30
43	1643	Curae tristique sed orci vel eu viverra pulvinar feugiat auctor!\n\n	2013-08-07 02:00:00+05:30
156	1645	Amet sem faucibus feugiat praesent nisl varius suscipit venenatis porttitor.\n\n	2013-01-02 21:00:00+05:30
129	1651	Penatibus taciti luctus gravida euismod etiam nam metus quam porttitor.\n\n	2013-09-06 22:00:00+05:30
238	1655	Lorem in scelerisque inceptos pretium sociis, dis quam arcu justo.\n\n	2013-05-07 21:00:00+05:30
516	1660	Fringilla natoque phasellus bibendum posuere tellus interdum nec porttitor morbi...\n\n	2013-06-07 20:00:00+05:30
294	1675	Penatibus Elit sollicitudin massa nam metus imperdiet - turpis interdum et.\n\n	2013-04-02 22:00:00+05:30
927	1679	Penatibus habitasse quis velit pretium eget hac tellus purus porttitor!\n\n	2013-06-06 11:00:00+05:30
908	1686	Cursus libero ad pellentesque primis viverra ac facilisi at nam.\n\n	2013-01-05 10:00:00+05:30
413	1694	Sociosqu taciti non tincidunt nibh condimentum torquent, hac facilisis laoreet.\n\n	2013-01-01 17:00:00+05:30
156	1696	Curae nostra diam velit nulla adipiscing dignissim imperdiet nisl dui?\n\n	2013-09-08 02:00:00+05:30
271	1700	Tincidunt nascetur semper lacus vulputate porta hac interdum nisl auctor.\n\n	2013-04-02 13:00:00+05:30
473	1703	Cursus Cubilia natoque aliquet massa ornare viverra donec arcu dui?\n\n	2013-06-06 08:00:00+05:30
990	1704	Suspendisse nisi tincidunt dictumst vel ullamcorper: consequat tellus ultricies netus.\n\n	2013-04-06 13:00:00+05:30
244	1708	Curabitur pretium Per ullamcorper ornare elementum egestas blandit a venenatis.\n\n	2013-07-02 06:00:00+05:30
169	1711	Urna vitae curabitur lectus pulvinar ac arcu interdum nisl auctor.\n\n	2013-04-08 14:00:00+05:30
337	1716	Natoque inceptos dictumst litora per ornare sem lectus nullam cum.\n\n	2013-04-09 23:00:00+05:30
370	1719	Quis ad mauris nam primis tellus iaculis fames nec ligula.\n\n	2013-03-07 13:00:00+05:30
813	1724	Quis senectus sodales sociis ac id placerat parturient suscipit eleifend.\n\n	2013-06-08 20:00:00+05:30
118	1727	Maecenas montes amet integre mauris vel sem fames eleifend netus.\n\n	2013-07-03 09:00:00+05:30
423	1729	Potenti quis lacus torquent primis bibendum rhoncus eros suscipit lacinia.\n\n	2013-05-09 00:00:00+05:30
597	1734	In suspendisse Dolor euismod erat enim platea ante nec enim.\n\n	2013-04-01 04:00:00+05:30
293	1742	Tincidunt condimentum malesuada nam eget id dignissim dictum odio congue?\n\n	2013-06-09 05:00:00+05:30
129	1752	Libero nisi nulla pellentesque sodales vulputate erat imperdiet, arcu nec.\n\n	2013-07-06 03:00:00+05:30
215	1753	Tortor in Euismod lobortis etiam leo enim pharetra fames fermentum.\n\n	2013-04-02 19:00:00+05:30
970	1758	Cursus scelerisque non rutrum enim pulvinar eros feugiat conubia ultricies.\n\n	2013-03-02 18:00:00+05:30
921	1763	Montes senectus Integre mauris consequat ornare nullam hac, mollis arcu?\n\n	2013-07-02 04:00:00+05:30
471	1770	Habitasse elit neque condimentum erat sagittis risus duis, nec congue?\n\n	2013-05-03 06:00:00+05:30
899	1777	Magnis accumsan sollicitudin sed nam pulvinar, tellus egestas suscipit eleifend.\n\n	2013-02-02 15:00:00+05:30
419	1780	Convallis amet accumsan tempor pretium sapien dis lectus id ultricies.\n\n	2013-06-06 09:00:00+05:30
78	1781	Penatibus est Luctus ad lacus ullamcorper praesent fames vivamus ridiculus!\n\n	2013-01-01 16:00:00+05:30
359	1782	Neque fusce eros hac tellus fames - mattis varius aliquam morbi.\n\n	2013-07-05 09:00:00+05:30
226	1783	In cubilia himenaeos eget dis feugiat parturient et commodo eleifend?\n\n	2013-04-02 21:00:00+05:30
986	1786	Natoque phasellus tempor pellentesque aliquet mauris: pharetra felis auctor venenatis.\n\n	2013-08-03 03:00:00+05:30
165	1790	Elit fringilla sed sociis viverra molestie: aptent ultricies nisl accumsan.\n\n	2013-01-06 06:00:00+05:30
502	1800	Diam tempor tristique etiam fusce pharetra nisl blandit lacinia morbi.\n\n	2013-04-06 20:00:00+05:30
672	1802	Tortor elit dapibus class consectetur nam eget; viverra posuere interdum.\n\n	2013-01-05 20:00:00+05:30
939	1807	Curae suspendisse tincidunt dolor adipiscing cum praesent ultrices dui eleifend.\n\n	2013-02-08 01:00:00+05:30
625	1815	Urna tincidunt lacus euismod mauris primis dis magna: ante aliquam.\n\n	2013-06-01 01:00:00+05:30
899	1817	Penatibus tincidunt tristique lacus fusce adipiscing duis at sit fermentum.\n\n	2013-09-02 04:00:00+05:30
23	1823	Neque accumsan consectetur rutrum sem mi rhoncus feugiat venenatis lacinia?\n\n	2013-03-06 22:00:00+05:30
963	1824	Neque tempor lacus sapien sem enim; metus at conubia justo.\n\n	2013-07-07 18:00:00+05:30
531	1828	Taciti quisque velit aliquet sodales consectetur sociis praesent egestas blandit...\n\n	2013-07-05 08:00:00+05:30
129	1831	Cubilia luctus neque quisque proin eros elementum ultrices commodo felis!\n\n	2013-04-05 08:00:00+05:30
835	1832	Est ut diam nascetur torquent nam molestie dictum ultricies auctor?\n\n	2013-02-01 03:00:00+05:30
68	1835	Tortor potenti curabitur pellentesque primis posuere dignissim hac facilisis habitant.\n\n	2013-04-07 17:00:00+05:30
704	1850	Sociosqu amet nisi ullamcorper sem ipsum - leo posuere duis laoreet?\n\n	2013-06-03 18:00:00+05:30
150	1852	Taciti integre nascetur aliquet rutrum mi iaculis ante, varius lacinia.\n\n	2013-08-06 02:00:00+05:30
40	1857	Scelerisque tempus Proin sagittis nullam donec - et dui varius suscipit.\n\n	2013-09-05 06:00:00+05:30
203	1859	Tortor non quis etiam facilisi dignissim feugiat magna fames mus.\n\n	2013-05-03 02:00:00+05:30
136	1862	Potenti neque mi leo praesent egestas vivamus congue venenatis porttitor...\n\n	2013-07-05 13:00:00+05:30
444	1864	Penatibus senectus sollicitudin malesuada ornare fusce ipsum suscipit ridiculus morbi?\n\n	2013-06-07 04:00:00+05:30
85	1866	Maecenas habitasse cras phasellus condimentum ullamcorper ornare imperdiet - a ridiculus.\n\n	2013-03-08 23:00:00+05:30
444	1874	Tortor cursus potenti nisi consequat mi; porta sagittis commodo ligula.\n\n	2013-02-07 16:00:00+05:30
271	1888	Dolor velit sodales vestibulum enim pulvinar facilisis ultricies a morbi.\n\n	2013-09-03 17:00:00+05:30
102	1899	Suspendisse nisi lacus mi tellus magna purus habitant fames et!\n\n	2013-02-06 21:00:00+05:30
626	1902	Cursus fringilla augue taciti ad sollicitudin sodales adipiscing: platea felis?\n\n	2013-02-08 04:00:00+05:30
120	1909	Vitae cursus luctus inceptos himenaeos rutrum enim viverra conubia auctor.\n\n	2013-09-07 22:00:00+05:30
51	1910	Est vitae nunc nisi taciti litora himenaeos fusce felis ligula...\n\n	2013-05-07 00:00:00+05:30
54	1911	Suspendisse semper sed sociis fusce bibendum pharetra - quam mus morbi.\n\n	2013-05-09 21:00:00+05:30
923	1912	Est amet Nunc sed torquent molestie facilisis at nisl ultrices?\n\n	2013-06-02 18:00:00+05:30
503	1917	Curae penatibus nunc nascetur sed sem; elementum commodo nec ligula.\n\n	2013-02-06 11:00:00+05:30
554	1918	Habitasse vitae sociosqu tristique aliquet ullamcorper faucibus dignissim platea porttitor.\n\n	2013-04-05 16:00:00+05:30
62	1923	Ut phasellus Inceptos sed nibh viverra adipiscing varius: ligula morbi.\n\n	2013-08-08 12:00:00+05:30
132	1925	Vulputate consectetur eu bibendum duis tellus: placerat mollis venenatis aliquam...\n\n	2013-02-04 10:00:00+05:30
931	1928	Tortor senectus Ut class sodales erat sapien tellus; purus porttitor.\n\n	2013-05-06 02:00:00+05:30
619	1935	Nostra libero magnis massa sagittis lectus tellus purus - felis blandit.\n\n	2013-08-04 12:00:00+05:30
302	1937	Montes diam Erat fusce bibendum ac conubia egestas congue justo.\n\n	2013-09-08 09:00:00+05:30
309	1938	Massa per consequat fusce lectus molestie, ac rhoncus platea justo?\n\n	2013-06-07 04:00:00+05:30
436	1944	Cursus montes amet mauris ullamcorper leo facilisi duis felis dui.\n\n	2013-01-05 00:00:00+05:30
413	1948	Non dapibus aliquet pretium metus risus facilisi eros, feugiat arcu.\n\n	2013-01-02 11:00:00+05:30
585	1949	Montes class Nibh eget donec duis hendrerit, parturient fermentum porttitor.\n\n	2013-01-09 05:00:00+05:30
518	1950	Potenti fringilla nunc quisque ante nec dui sit; fermentum porttitor.\n\n	2013-06-05 21:00:00+05:30
289	1953	Class nibh sodales proin erat pharetra, hac arcu interdum egestas.\n\n	2013-08-02 07:00:00+05:30
889	1954	Urna cursus tempor semper rutrum rhoncus duis parturient auctor eleifend...\n\n	2013-06-05 05:00:00+05:30
147	1960	Amet ad lobortis vel sapien quam cum facilisis laoreet magna!\n\n	2013-07-03 19:00:00+05:30
239	1964	Est quisque Dapibus consectetur aenean vestibulum dis at; odio morbi.\n\n	2013-04-02 06:00:00+05:30
566	1966	Suspendisse sollicitudin dignissim quam facilisis imperdiet mollis interdum fames varius.\n\n	2013-04-07 07:00:00+05:30
666	1968	Maecenas natoque dapibus pharetra eros platea purus ultricies habitant porttitor...\n\n	2013-01-02 03:00:00+05:30
754	1974	Nunc euismod proin etiam per posuere hac imperdiet varius justo?\n\n	2013-01-05 12:00:00+05:30
499	1980	Lorem senectus ad tristique vulputate eu ipsum leo magna venenatis.\n\n	2013-02-03 20:00:00+05:30
240	1982	Curae suspendisse curabitur tristique sapien primis sagittis ultricies mus auctor?\n\n	2013-01-05 17:00:00+05:30
966	1984	Curae lorem Ad sed vel ornare eros - feugiat mollis nisl?\n\n	2013-02-07 07:00:00+05:30
404	1986	Neque quis curabitur aliquet sapien donec at: arcu fames imperdiet.\n\n	2013-09-01 05:00:00+05:30
2	1987	Vitae vehicula lobortis himenaeos vel porta, dignissim parturient interdum justo.\n\n	2013-02-01 03:00:00+05:30
347	1990	Suspendisse senectus curabitur inceptos per id hac laoreet commodo netus.\n\n	2013-07-09 23:00:00+05:30
4	1996	Ad dapibus class inceptos condimentum malesuada sociis; consequat enim parturient?\n\n	2013-02-07 00:00:00+05:30
548	1999	Habitasse libero Dolor torquent eget sapien molestie parturient commodo porta.\n\n	2013-06-01 13:00:00+05:30
\.


--
-- Name: Answer_AnswerID_seq; Type: SEQUENCE SET; Schema: public; Owner: postgres
--

SELECT pg_catalog.setval('"Answer_AnswerID_seq"', 2000, true);


--
-- Data for Name: Appointment; Type: TABLE DATA; Schema: public; Owner: postgres
--

COPY "Appointment" ("CustomerUserID", "ServiceID", "ServiceProviderUserID", "RegionID", "Price", "Status", "StartDate", "EndDate", "Days", "StartTime", "EndTime") FROM stdin;
11	181	52	28	850	Cancelled	2014-04-03	2014-09-08	0101101	00:30:00	13:00:00
70	231	80	14	508	Confirmed	2014-01-01	2014-03-04	0110110	11:30:00	21:00:00
78	381	100	31	849	Pending	2014-02-01	2014-04-03	0110011	11:30:00	12:30:00
91	240	33	16	670	Confirmed	2014-01-04	2014-05-08	1100011	12:00:00	20:00:00
\.


--
-- Name: Appointment_CustomerUserID_seq; Type: SEQUENCE SET; Schema: public; Owner: postgres
--

SELECT pg_catalog.setval('"Appointment_CustomerUserID_seq"', 1, false);


--
-- Name: Appointment_RegionID_seq; Type: SEQUENCE SET; Schema: public; Owner: postgres
--

SELECT pg_catalog.setval('"Appointment_RegionID_seq"', 1, false);


--
-- Name: Appointment_ServiceID_seq; Type: SEQUENCE SET; Schema: public; Owner: postgres
--

SELECT pg_catalog.setval('"Appointment_ServiceID_seq"', 1, false);


--
-- Name: Appointment_ServiceProviderUserID_seq; Type: SEQUENCE SET; Schema: public; Owner: postgres
--

SELECT pg_catalog.setval('"Appointment_ServiceProviderUserID_seq"', 1, false);


--
-- Data for Name: Bids; Type: TABLE DATA; Schema: public; Owner: postgres
--

COPY "Bids" ("ServiceProviderUserID", "WishID", "CustomerUserID", "BidValue", "Details") FROM stdin;
98	50	70	391	Nostra libero magnis massa sagittis lectus tellus purus - felis blandit.\n\n
36	224	97	352	Cras lacus pretium torquent mauris vel duis: conubia suscipit lacinia.\n\n
16	366	18	420	Lorem neque pellentesque massa dis eros imperdiet laoreet: praesent fames!\n\n
3	152	99	346	Ut integre nulla aliquet litora fusce sem donec duis odio.\n\n
47	221	69	307	Augue scelerisque dolor sollicitudin condimentum fusce sagittis imperdiet, interdum id...\n\n
35	27	16	376	Curae penatibus amet cubilia leo nullam molestie; praesent turpis et.\n\n
53	389	16	466	Tortor ut semper aliquet proin risus molestie eros - hac feugiat?\n\n
23	88	91	386	Est curabitur euismod aenean nam viverra: duis facilisis a sit?\n\n
23	382	67	303	Nunc taciti class phasellus tempor leo; molestie rhoncus at aliquam.\n\n
22	350	6	320	Maecenas quis dolor massa eget porta pharetra, laoreet elementum nisl.\n\n
65	99	45	460	Elit taciti Magnis tincidunt inceptos pellentesque bibendum dictum - interdum vivamus.\n\n
25	136	60	490	Tortor lorem libero phasellus dictumst fusce porta platea praesent auctor...\n\n
53	148	91	350	Vehicula in euismod vel id dignissim feugiat mollis - ultricies commodo.\n\n
78	367	34	316	Magnis tincidunt pretium himenaeos nam posuere, facilisi donec imperdiet arcu.\n\n
25	152	99	411	Tortor augue dolor dictumst tristique sollicitudin massa: vestibulum hac dictum?\n\n
94	307	61	487	Natoque dapibus dolor phasellus ac eros tellus - blandit netus morbi.\n\n
16	12	44	319	Tortor dolor tempus leo risus nullam; mollis egestas aliquam porttitor!\n\n
27	0	79	417	In malesuada Mauris donec magna fames egestas vivamus congue netus.\n\n
52	301	84	457	Tortor ut semper aliquet proin risus molestie eros - hac feugiat?\n\n
74	378	22	377	Augue velit volutpat mi ipsum leo lectus nullam venenatis ridiculus.\n\n
24	239	48	465	Vehicula potenti neque quisque phasellus massa lobortis ac cum dictum?\n\n
79	341	15	445	Curae habitasse tortor elit aliquet primis bibendum sagittis praesent lacinia.\n\n
81	261	84	458	Tortor amet Neque ut pellentesque vel; sapien ac rhoncus facilisis.\n\n
69	38	56	345	Fringilla quis semper aenean fusce faucibus rhoncus conubia fames ut.\n\n
69	42	45	492	Maecenas natoque Euismod proin eu sapien lectus eros: ante mattis.\n\n
47	277	90	375	In non senectus velit class aenean sem rhoncus aptent dictum.\n\n
10	75	45	361	Luctus diam dictumst litora mi nullam: placerat hendrerit turpis lacinia.\n\n
18	396	1	488	In cubilia himenaeos eget dis feugiat parturient et commodo eleifend?\n\n
23	257	98	406	Cras scelerisque class phasellus semper etiam consectetur rutrum primis metus.\n\n
10	42	45	410	Suspendisse quis Tempus fusce placerat mollis, magna suscipit eleifend porttitor.\n\n
27	346	70	344	Amet litora condimentum lobortis proin aptent conubia nisl: fames ligula?\n\n
48	152	99	374	Habitasse scelerisque Quisque sodales sapien platea conubia nec blandit justo!\n\n
51	349	99	377	Cubilia neque dolor vestibulum sapien ac facilisi rhoncus venenatis sit.\n\n
78	360	90	350	Habitasse ut accumsan eu mi porta dignissim placerat arcu aliquam.\n\n
21	361	2	475	Convallis scelerisque Velit rutrum nullam laoreet hendrerit praesent, fames blandit.\n\n
63	97	57	416	Vehicula lorem natoque consectetur nam posuere platea imperdiet: turpis blandit.\n\n
16	77	44	387	Tortor cursus pretium himenaeos ornare ipsum dis; enim vivamus venenatis.\n\n
32	231	34	430	Cras in nisi quis massa himenaeos hac quam at mattis?\n\n
32	0	79	469	Libero natoque Torquent vulputate per enim; pulvinar eros odio lacinia.\n\n
15	72	2	309	Est quisque Dapibus consectetur aenean vestibulum dis at; odio morbi.\n\n
79	396	1	498	Curabitur nulla Nam eu pharetra id tellus laoreet auctor blandit.\n\n
38	327	99	314	Gravida semper euismod mi risus adipiscing facilisi, egestas dui varius.\n\n
24	136	60	429	Lorem scelerisque natoque senectus dictumst lacus himenaeos nam pharetra rhoncus.\n\n
75	146	48	383	Penatibus vitae cubilia scelerisque ad nascetur: proin consectetur laoreet lacinia.\n\n
57	158	30	431	Habitasse sociosqu neque senectus dolor pellentesque sapien facilisi magna fermentum?\n\n
95	58	8	330	Ut litora sodales faucibus molestie laoreet mollis, turpis nisl blandit.\n\n
38	120	22	374	Potenti amet Dapibus torquent malesuada sociis; dis id netus porttitor.\n\n
48	33	7	385	Maecenas urna neque tincidunt litora aenean sociis eget vestibulum quam.\n\n
\.


--
-- Name: Bids_CustomerUserID_seq; Type: SEQUENCE SET; Schema: public; Owner: postgres
--

SELECT pg_catalog.setval('"Bids_CustomerUserID_seq"', 1, false);


--
-- Name: Bids_ServiceProviderUserID_seq; Type: SEQUENCE SET; Schema: public; Owner: postgres
--

SELECT pg_catalog.setval('"Bids_ServiceProviderUserID_seq"', 1, false);


--
-- Name: Bids_WishID_seq; Type: SEQUENCE SET; Schema: public; Owner: postgres
--

SELECT pg_catalog.setval('"Bids_WishID_seq"', 1, false);


--
-- Data for Name: Customer; Type: TABLE DATA; Schema: public; Owner: postgres
--

COPY "Customer" ("UserID", "DOB", "CumulativeUpVotes", "CumulativeDownVotes", "RegionID", "Gender") FROM stdin;
103	1985-04-09	0	0	108	Male
107	1985-02-08	0	0	289	Male
110	1985-06-07	0	0	173	Male
106	1985-03-06	0	0	51	Male
104	1985-06-05	0	0	297	Male
77	1985-07-08	18	15	183	Male
39	1990-08-01	0	3	284	Female
46	1990-01-08	7	8	190	Female
79	1985-08-06	12	11	307	Male
84	1985-09-01	6	5	142	Male
100	1985-02-05	17	10	352	Male
57	1985-08-07	13	7	317	Male
98	1985-04-01	4	3	110	Male
91	1985-09-07	4	4	242	Male
82	1985-07-02	7	10	256	Male
58	1985-09-02	7	8	296	Male
14	1990-02-01	12	8	202	Female
38	1990-06-03	4	2	208	Female
22	1990-07-07	1	3	162	Female
29	1990-07-03	14	7	145	Female
41	1990-09-05	3	3	41	Female
61	1985-04-09	17	20	210	Male
90	1985-03-09	3	4	371	Male
99	1985-02-04	0	0	212	Male
67	1985-08-03	11	13	54	Male
30	1990-07-07	6	7	28	Female
69	1985-08-07	7	10	395	Male
15	1990-07-03	5	2	110	Female
60	1985-05-01	9	7	256	Male
1	1990-01-08	15	12	379	Female
44	1990-02-07	6	8	166	Female
35	1990-05-06	16	17	193	Female
56	1985-09-01	6	14	132	Male
70	1985-02-08	26	19	191	Male
76	1985-07-01	0	3	246	Male
95	1985-06-02	11	5	24	Male
6	1990-04-02	12	12	268	Female
18	1990-06-05	5	3	396	Female
68	1985-08-06	14	14	235	Male
78	1985-04-08	11	8	39	Male
80	1985-08-08	4	1	12	Male
11	1990-05-02	6	7	204	Female
2	1990-09-02	13	13	3	Female
45	1990-09-01	6	7	110	Female
34	1990-01-09	9	9	180	Female
74	1985-09-02	15	15	342	Male
72	1985-03-06	10	10	245	Male
10	1990-08-09	18	15	128	Female
62	1985-02-01	6	9	121	Male
48	1990-07-09	11	6	119	Female
7	1990-05-03	7	2	327	Female
88	1985-03-04	2	3	63	Male
8	1990-05-09	3	3	105	Female
9	1990-08-08	22	20	306	Female
16	1990-02-06	5	7	259	Female
97	1985-07-07	1	2	203	Male
\.


--
-- Name: Customer_UserID_seq; Type: SEQUENCE SET; Schema: public; Owner: postgres
--

SELECT pg_catalog.setval('"Customer_UserID_seq"', 1, false);


--
-- Data for Name: Follows; Type: TABLE DATA; Schema: public; Owner: postgres
--

COPY "Follows" ("FollowerCustomerUserID", "FollowedCustomerUserID") FROM stdin;
98	61
82	1
106	22
6	41
91	56
34	70
97	61
98	38
79	74
97	104
8	70
15	107
15	106
77	58
95	46
6	8
77	103
99	56
107	9
62	35
77	68
10	100
30	62
77	88
97	57
68	72
100	60
29	107
11	103
74	46
74	11
79	69
35	78
60	38
30	70
99	14
22	67
6	88
69	38
30	14
110	103
90	57
7	30
44	41
41	38
68	60
39	48
60	103
80	70
8	46
9	60
7	110
88	41
6	30
62	57
57	72
22	104
110	29
68	77
14	88
110	88
76	72
15	90
7	74
46	106
57	8
74	68
67	56
82	77
46	90
2	68
14	35
78	38
76	45
95	104
41	30
38	18
97	1
58	74
100	14
18	82
8	11
22	68
67	30
74	62
15	7
74	100
88	68
90	2
7	10
34	79
70	61
60	2
35	69
60	35
99	98
84	38
107	77
18	9
45	30
6	84
72	6
98	76
35	95
56	10
84	34
45	90
82	98
74	84
14	78
88	98
41	67
77	46
77	90
110	46
9	10
78	34
46	44
70	45
9	16
69	39
41	14
100	18
41	103
18	88
110	22
74	103
100	72
95	45
67	60
99	110
72	14
2	34
84	80
14	2
98	11
76	39
9	18
1	100
91	58
1	106
61	30
1	34
9	103
35	30
90	78
34	22
98	15
15	46
10	41
106	82
8	9
60	90
60	74
67	76
60	61
67	95
6	78
80	14
38	107
44	98
67	57
16	91
97	90
88	9
78	11
103	35
15	95
110	45
39	72
2	88
70	39
44	91
77	30
97	9
16	14
8	98
90	79
62	29
16	48
84	98
95	9
79	80
2	62
74	97
100	8
1	16
77	10
29	15
11	56
76	15
15	11
45	99
11	46
60	11
9	82
84	7
61	29
99	74
62	6
2	90
74	16
29	76
58	76
69	10
11	69
56	22
57	2
97	38
84	95
48	57
45	106
56	2
70	2
99	88
29	10
79	11
90	69
45	110
39	15
77	57
62	69
11	91
79	77
77	16
8	104
35	1
95	61
104	45
82	60
69	100
80	29
41	84
22	62
34	103
69	16
95	22
22	6
18	15
77	100
10	16
10	80
103	79
46	76
35	106
30	1
107	30
110	39
8	7
15	22
46	67
6	11
79	95
106	90
70	41
79	100
30	80
29	91
70	76
30	41
1	15
38	80
1	35
22	107
72	97
14	84
78	10
60	88
88	82
46	110
98	56
88	110
11	107
95	10
58	100
29	30
99	58
67	6
62	95
2	41
99	44
104	56
74	61
6	90
98	77
68	35
88	79
77	2
72	2
57	14
69	91
103	60
67	70
98	46
7	14
79	76
62	99
91	78
58	9
99	41
35	61
56	14
77	7
106	48
107	98
9	46
8	58
110	30
104	10
39	104
91	107
90	35
14	60
60	76
22	74
84	79
39	6
78	99
16	22
110	34
14	46
6	18
1	80
82	78
84	68
11	18
56	15
61	62
76	84
76	61
34	84
15	38
98	58
11	100
6	15
15	44
100	57
98	22
18	58
107	68
41	29
82	97
57	48
34	107
7	2
88	70
39	80
18	38
78	104
80	62
29	77
61	11
84	106
62	67
97	78
34	69
80	56
46	84
80	107
14	72
84	103
44	18
69	80
95	107
68	10
104	110
100	90
35	67
61	95
70	78
99	62
67	58
88	34
10	14
91	67
44	1
35	2
7	38
10	45
48	103
1	84
76	6
39	95
11	110
44	16
76	56
103	58
7	98
2	18
69	95
78	15
7	106
7	35
39	79
1	14
60	58
74	34
22	30
106	61
82	2
56	70
97	58
9	8
10	6
107	60
69	9
45	39
41	82
88	78
90	91
58	6
41	69
11	44
69	60
67	80
44	46
98	74
35	16
7	41
60	79
68	78
78	88
88	76
69	6
77	79
91	77
46	79
61	7
14	67
70	107
84	15
34	14
45	14
90	99
1	90
100	29
69	1
68	95
80	57
90	9
72	74
39	76
34	80
58	110
48	78
106	88
41	80
68	103
1	6
34	6
74	104
57	99
8	6
39	82
14	44
98	95
67	88
104	76
44	84
88	91
62	18
76	90
2	67
58	57
61	34
110	44
110	69
74	98
69	2
58	34
45	38
2	106
77	11
38	7
58	107
60	97
90	74
10	39
106	34
70	82
48	56
68	1
22	97
106	8
8	1
58	41
56	88
41	91
84	110
1	44
78	7
2	72
6	57
77	48
62	48
44	107
38	91
45	9
82	46
98	84
90	84
35	44
45	62
91	10
103	56
18	90
60	14
76	41
10	74
7	46
103	29
34	110
22	58
79	99
62	56
91	15
60	46
107	46
100	80
110	16
90	62
77	8
80	100
8	72
44	72
30	110
45	18
78	45
78	103
2	7
61	70
30	61
99	57
107	99
70	99
91	48
68	9
34	48
22	98
61	60
98	41
77	41
45	7
56	34
95	67
48	68
78	6
77	80
58	61
48	107
58	98
68	90
38	68
29	7
41	78
29	11
48	110
34	77
74	39
88	107
10	72
39	9
82	45
80	76
10	95
68	79
60	48
74	78
57	44
30	107
44	45
82	84
76	11
91	1
84	100
103	67
61	48
98	48
62	110
14	62
100	15
15	82
6	76
72	46
79	98
34	72
80	9
56	60
79	44
35	34
41	61
9	22
82	62
110	8
35	57
99	38
41	34
38	84
1	78
104	1
79	29
82	29
14	82
67	72
16	104
48	61
8	103
110	10
97	44
110	58
60	80
107	74
84	82
100	34
106	9
2	56
79	91
68	58
79	16
57	62
6	56
69	48
9	1
61	68
46	77
60	78
8	35
82	69
97	18
29	48
91	39
98	106
80	82
104	46
88	8
18	110
15	68
84	72
84	11
106	6
61	97
46	30
16	76
56	29
104	39
29	62
78	29
22	88
35	56
90	58
39	1
41	68
67	104
95	58
39	7
62	61
8	2
18	34
56	78
88	77
97	6
29	67
82	91
62	97
9	15
60	98
39	69
58	35
82	90
70	30
106	62
56	98
77	91
95	56
99	6
39	110
60	107
69	70
1	110
60	45
39	107
110	38
77	60
45	35
29	60
14	106
88	22
62	106
103	14
106	95
88	10
91	41
29	44
58	29
70	7
14	45
76	106
80	106
69	56
90	11
72	45
68	45
74	56
1	76
41	97
16	18
56	80
41	10
16	15
22	29
76	8
104	7
103	88
10	68
76	16
82	56
60	84
7	107
91	30
14	10
76	48
9	34
110	104
10	9
10	104
107	34
38	34
74	107
34	62
2	79
69	77
61	15
80	60
30	16
79	58
18	56
110	18
29	18
35	79
10	58
97	107
107	48
56	68
44	99
100	9
11	84
6	106
7	62
15	61
104	58
45	2
48	98
15	45
82	18
100	88
46	45
103	99
100	56
34	58
84	104
79	62
84	39
57	107
88	38
77	45
99	107
11	16
56	77
100	76
90	29
30	38
18	16
110	97
16	57
34	2
72	61
2	84
38	61
16	9
18	11
107	72
38	99
77	70
44	22
74	110
57	11
14	107
78	62
99	104
100	38
44	48
72	56
72	84
39	84
8	22
34	88
99	22
14	90
48	29
41	60
107	39
76	97
104	8
7	88
16	61
8	77
99	70
44	11
35	41
46	98
2	103
11	58
8	34
62	41
104	38
74	10
104	70
34	16
106	39
11	35
11	79
60	39
110	95
100	6
30	99
80	39
90	7
78	61
100	97
82	68
61	38
78	97
74	45
7	100
56	6
22	76
48	91
10	60
38	56
80	1
18	35
95	70
44	35
14	70
41	11
56	100
16	34
68	99
56	16
82	57
44	97
22	10
9	79
22	46
8	45
56	82
95	79
44	70
16	82
67	82
95	72
10	70
76	79
41	98
38	57
60	95
41	77
58	90
62	78
30	56
44	62
110	68
16	29
45	10
30	9
80	97
74	1
38	22
110	80
104	106
38	8
79	1
10	91
22	84
82	74
15	72
76	2
68	34
34	39
10	2
7	9
48	8
58	56
100	44
98	103
45	46
60	44
95	48
41	6
84	76
2	6
100	103
106	10
41	9
77	104
22	106
56	44
46	104
70	14
78	84
67	9
74	60
61	99
1	39
61	14
70	97
30	6
46	39
69	72
18	14
68	80
30	29
22	41
16	70
46	69
91	79
30	57
45	107
78	91
2	76
76	10
1	79
76	107
30	18
76	62
15	62
57	77
60	72
18	74
106	57
7	57
44	34
18	67
46	15
2	98
44	30
61	76
16	106
68	7
106	91
106	70
79	88
2	91
22	99
62	15
82	100
79	84
16	30
103	8
98	57
30	68
99	67
38	103
80	68
79	67
30	90
69	106
41	72
15	30
7	80
58	22
67	74
91	2
70	10
91	46
44	106
8	80
14	80
97	80
14	30
30	44
69	68
78	48
41	110
18	45
70	100
100	82
16	79
74	14
97	29
72	80
78	16
45	57
82	9
15	34
68	22
78	41
104	69
110	7
61	80
106	38
79	14
62	68
77	15
97	8
107	103
1	107
62	80
62	84
29	98
99	79
29	57
97	39
58	67
16	110
2	99
1	91
58	91
99	29
34	38
90	80
1	9
22	100
60	7
2	44
95	57
58	48
46	99
95	30
8	56
38	41
90	6
69	99
88	72
84	44
35	22
34	76
56	97
34	57
79	61
22	15
60	56
57	67
95	7
79	39
\.


--
-- Name: Follows_FollowedCustomerUserID_seq; Type: SEQUENCE SET; Schema: public; Owner: postgres
--

SELECT pg_catalog.setval('"Follows_FollowedCustomerUserID_seq"', 1, false);


--
-- Name: Follows_FollowerCustomerUserID_seq; Type: SEQUENCE SET; Schema: public; Owner: postgres
--

SELECT pg_catalog.setval('"Follows_FollowerCustomerUserID_seq"', 1, false);


--
-- Data for Name: Location; Type: TABLE DATA; Schema: public; Owner: postgres
--

COPY "Location" ("RegionID", "CityName", "StateName") FROM stdin;
0	Ahmedabad	Gujarat
1	Agra	Uttar Pradesh
2	Aurangabad	Maharashtra
3	Allahabad	Uttar Pradesh
4	Amritsar	Punjab
5	Aligarh	Uttar Pradesh
6	Arwal	Bihar
7	Amravati	Maharashtra
8	Asansol	West Bengal
9	Ajmer	Rajasthan
10	Akola	Maharashtra
11	Ahmednagar	Maharashtra
12	Alappuzha	Kerala
13	Adoni	Andhra Pradesh
14	Anantapur	Andhra Pradesh
15	Aizawl	Mizoram
16	Anand	Gujarat
17	Arrah	Bihar
18	Agartala	Tripura
19	Amroha	Uttar Pradesh
20	Alwar	Rajasthan
21	Adilabad	Andhra Pradesh
22	Achalpur	Maharashtra
23	Anantnag	Jammu and Kashmir
24	Amreli	Gujarat
25	Azamgarh	Uttar Pradesh
26	Amalner	Maharashtra
27	Ambikapur	Chhattisgarh
28	Anakapalle	Andhra Pradesh
29	Aruppukkottai	Tamil Nadu
30	Arakkonam	Tamil Nadu
31	Akot	Maharashtra
32	Aurangabad	Bihar
33	Alipurduar	West Bengal
34	Ambejogai	Maharashtra
35	Anjar	Gujarat
36	Ankleshwar	Gujarat
37	Ashok Nagar	Madhya Pradesh
38	Araria	Bihar
39	Arambagh	West Bengal
40	Amalapuram	Andhra Pradesh
41	Anjangaon	Maharashtra
42	Arsikere	Karnataka
43	Athni	Karnataka
44	Arvi	Maharashtra
45	Akkalkot	Maharashtra
46	Anugul	Odisha
47	Amadalavalasa	Andhra Pradesh
48	Ahmedpur	Maharashtra
49	Attingal	Kerala
50	Aroor	Kerala
51	Ariyalur	TamilNadu
52	Alandha	Karnataka
53	Anandapur	Odisha
54	Ashta	Maharashtra
55	Anekal	Karnataka
56	Almora	Uttarakhand
57	Ausa	Maharashtra
58	Adoor	Kerala
59	Amli	Dadra and Nagar Haveli
60	Ahmedgarh	Punjab
61	Ankola	Karnataka
62	Ambad	Maharashtra
63	Annigeri	Karnataka
64	Assandh	Haryana
65	Adra	West Bengal
66	Ancharakandy	Kerala
67	Amarpur	Bihar
68	Asika	Odisha
69	Akaltara	Chhattisgarh
70	Areraj	Bihar
71	Achhnera	Uttar Pradesh
72	Bhopal	Madhya Pradesh
73	Belgaum	Karnataka
74	Bhubaneswar*	Odisha
75	Bhavnagar	Gujarat
76	Bokaro Steel City	Jharkhand
77	Bhagalpur	Bihar
78	Bilaspur	Chhattisgarh
79	Bihar Sharif	Bihar
80	Bankura	West Bengal
81	Bathinda	Punjab
82	Bhiwani	Haryana
83	Bahraich	Uttar Pradesh
84	Baharampur	West Bengal
85	Baleshwar	Odisha
86	Batala	Punjab
87	Bhimavaram	Andhra Pradesh
88	Bahadurgarh	Haryana
89	Bettiah	Bihar
90	Bongaigaon	Assam
91	Begusarai	Bihar
92	Baripada	Odisha
93	Barnala	Punjab
94	Bangalore	Karnataka
95	Bhadrak	Odisha
96	Bagaha	Bihar
97	Bageshwar	Uttarakhand
98	Balangir	Odisha
99	Buxar	Bihar
100	Baramula	Jammu and Kashmir
101	Brajrajnagar	Odisha
102	Balaghat	Madhya Pradesh
103	Bodhan	Andhra Pradesh
104	Bapatla	Andhra Pradesh
105	Bellampalle	Andhra Pradesh
106	Bargarh	Odisha
107	Bhawanipatna	Odisha
108	Barbil	Odisha
109	Bhongir	Andhra Pradesh
110	Bhatapara	Chhattisgarh
111	Bobbili	Andhra Pradesh
112	Coimbatore	Tamil Nadu
113	Chandigarh*	Chandigarh
114	Cuttack	Odisha
115	Cuddapah	Andhra Pradesh
116	Chhapra	Bihar
117	Chirala	Andhra Pradesh
118	Chittoor	Andhra Pradesh
119	Cherthala	Kerala
120	Chirkunda	Jharkhand
121	Chinsura	West Bengal
122	Chirmiri	Chhattisgarh
123	Chilakaluripet	Andhra Pradesh
124	Chittur-Thathamangalam	Kerala
125	Chaibasa	Jharkhand
126	Chakradharpur	Jharkhand
127	Changanassery	Kerala
128	Chalakudy	Kerala
129	Charkhi Dadri	Haryana
130	Chatra	Jharkhand
131	Champa	Chhattisgarh
132	Chinna salem	Tamil nadu
133	Chikkodi	Karnataka
134	Delhi	Delhi
135	Dombivli	Maharashtra
136	Dhanbad	Jharkhand
137	Durg-Bhilai Nagar	Chhattisgarh
138	Dehradun	Uttarakhand
139	Davanagere	Karnataka
140	Dimapur	Nagaland
141	Dhule	Maharashtra
142	Darbhanga	Bihar
143	Dibrugarh	Assam
144	Dhuri	Punjab
145	Dehri-on-Sone	Bihar
146	Deoghar	Jharkhand
147	Dharmavaram	Andhra Pradesh
148	Deesa	Gujarat
149	Dhamtari	Chhattisgarh
150	Dahod	Gujarat
151	Dhampur	Uttar Pradesh
152	Daltonganj	Jharkhand
153	Dhubri	Assam
154	Dhenkanal	Orissa
155	Erode	Tamil Nadu
156	Eluru	Andhra Pradesh
157		
158	Faridabad	Haryana
159	Firozpur	Punjab
160	Faridkot	Punjab
161	Fazilka	Punjab
162	Fatehabad	Haryana
163	Firozpur Cantt.	Punjab
164	Guwahati	Assam
165	Gulbarga	Karnataka
166	Guntur	Andhra Pradesh
167	Gaya	Bihar
168	Gurgaon	Haryana
169	Guruvayoor	Kerala
170	Guntakal	Andhra Pradesh
171	Gudivada	Andhra Pradesh
172	Giridih	Jharkhand
173	Gokak	Karnataka
174	Gudur	Andhra Pradesh
175	Gurdaspur	Punjab
176	Gobindgarh	Punjab
177	Gobichettipalayam	Tamil Nadu
178	Gopalganj	Bihar
179	Gadwal	Andhra Pradesh
180	Hyderabad*	Andhra Pradesh
181	Hisar	Haryana
182	Haridwar	Uttarakhand
183	Hapur	Uttar Pradesh
184	Hugli-Chuchura	West Bengal
185	Haldwani	Uttarakhand
186	Hoshiarpur	Punjab
187	Hazaribag	Jharkhand
188	Hindupur	Andhra Pradesh
189	Hajipursscsc	Bihar
190	Hansi	Haryana
191	Indore	Madhya Pradesh
192	Ichalkaranji	Maharashtra
193	Imphal*	Manipur
194	Itarsi	Madhya Pradesh
195	Jamalpur	Bihar
196	Jagtial	Andhra Pradesh
197	Jehanabad	Bihar
198	Jeypur	Odisha
199	Jharsuguda	Odisha
200	Jalandhar	Punjab
201	Jhumri Tilaiya	Jharkhand
202	Jamui	Bihar
203	Jajmau	Uttar Pradesh
204	Jammu	Jammu and Kashmir
205	Jagraon	Punjab
206	Jatani	Odisha
207	Jhargram	West Bengal
208	Jhansi	Uttar Pradesh
209	Kolkata	West Bengal
210	Kanpur	Uttar Pradesh
211	Kalyan	Maharashtra
212	Kochi	Kerala
213	Karnal	Haryana
214	Kozhikode	Kerala
215	Kannur	Kerala
216	Kurnool	Andhra Pradesh
217	Kollam	Kerala
218	Kakinada	Andhra Pradesh
219	Kharagpur	West Bengal
220	Korba	Chhattisgarh
221	Karimnagar	Andhra Pradesh
222	karjat	maharashtra
223	Khammam	Andhra Pradesh
224	Katihar	Bihar
225	Kottayam	Kerala
226	Karur	Tamil Nadu
227	Kanhangad	Kerala
228	Kaithal	Haryana
229	Kalpi	Uttar Pradesh
230	Kothagudem	Andhra Pradesh
231	Khanna	Punjab
232	Kodungallur	Kerala
233	Khambhat	Gujarat
234	Kashipur	Uttarakhand
235	Kapurthala	Punjab
236	Kavali	Andhra Pradesh
237	Kishanganj	Bihar
238	Kot Kapura	Punjab
239	Lucknow*	Uttar Pradesh
240	Ludhiana	Punjab
241	Latur	Maharashtra
242	Lakhimpur	Uttar Pradesh
243	Loni	Uttar Pradesh
244	Lalitpur	Uttar Pradesh
245	Lakhisarai	Bihar
246	Mumbai	Maharashtra
247	Meerut	Uttar Pradesh
248	Madurai	Tamil Nadu
249	Mysore	Karnataka
250	Mangalore	Karnataka
251	Mira-Bhayandar	Maharashtra
252	Malegaon	Maharashtra
253	Nagpur	Maharashtra
254	Nashik	Maharashtra
255	Navi Mumbai	Maharashtra
256	Nanded-Waghala	Maharashtra
257	Nellore	Andhra Pradesh
258	Noida	Uttar Pradesh
259	Nizamabad	Andhra Pradesh
260	New Delhi*	Delhi
261	Navsari	Gujarat
262	Naihati	West Bengal
263	Nagercoil	Tamil Nadu
264	Orai	Uttar Pradesh
265	Oddanchatram	Tamil Nadu
267		
268	Pune	Maharashtra
269	Patna*	Bihar
270	Pondicherry*	Puducherry
271	Patiala	Punjab
272	Panipat	Haryana
273	Parbhani	Maharashtra
274	Panvel	Maharashtra
275	Porbandar	Gujarat
276	Palakkad	Kerala
277	Purnia	Bihar
278	Pali	Rajasthan
279	Phusro	Jharkhand
280	Pathankot	Punjab
281	Puri	Odisha
282	Proddatur	Andhra Pradesh
283	Panchkula	Haryana
284	Pollachi	Tamil Nadu
285	Pilibhit	Uttar Pradesh
286	Palanpur	Gujarat
287	Purulia	West Bengal
288	Patan	Gujarat
289	Pudukkottai	Tamil Nadu
290	Phagwara	Punjab
291	Palwal	Haryana
292	Port Blair*	Andaman and Nicobar Islands
293	Panaji*	Goa
294	Pandharpur	Maharashtra
295	Parli	Maharashtra
296	Ponnani	Kerala
297	Paramakudi	Tamil Nadu
298	Rajkot	Gujarat
299	Ratlam	Madhya Pradesh
300	Ranchi*	Jharkhand
301	Raipur*	Chhattisgarh
302	Raurkela	Odisha
303	Rajahmundry	Andhra Pradesh
304	Raghunathganj	West Bengal
305	Rohtak	Haryana
306	Rampur	Uttar Pradesh
307	Ranipet	Tamil Nadu
308	Ramagundam	Andhra Pradesh
309	Raayachuru	Karnataka
310	Rewa	Madhya Pradesh
311	Raiganj	West Bengal
312	Rae Bareli	Uttar Pradesh
313	Robertson Pet	Karnataka
314	Ranaghat	West Bengal
315	Rajnandgaon	Chhattisgarh
316	Rajapalayam	Tamil Nadu
317	Raigarh	Chhattisgarh
318	Roorkee	Uttarakhand
319	Ramngarh	Jharkhand
320	Rajampet	Andhra Pradesh
321	Rewari	Haryana
322	Ranibennur	Karnataka
323	Rudrapur	Uttarakhand
324	Rajpura	Punjab
325	Raamanagara	Karnataka
326	Rishikesh	Uttarakhand
327	Rayachoti	Andhra Pradesh
328	Ratnagiri	Maharashtra
329	Rabakavi Banahatti	Karnataka
330	Rajkot	Gujarat
331	Ratlam	Madhya Pradesh
332	Ranchi*	Jharkhand
333	Raipur*	Chhattisgarh
334	Raurkela	Odisha
335	Rajahmundry	Andhra Pradesh
336	Raghunathganj	West Bengal
337	Rohtak	Haryana
338	Rampur	Uttar Pradesh
339	Ranipet	Tamil Nadu
340	Ramagundam	Andhra Pradesh
341	Raayachuru	Karnataka
342	Rewa	Madhya Pradesh
343	Raiganj	West Bengal
344	Rae Bareli	Uttar Pradesh
345	Robertson Pet	Karnataka
346	Ranaghat	West Bengal
347	Rajnandgaon	Chhattisgarh
348	Rajapalayam	Tamil Nadu
349	Raigarh	Chhattisgarh
350	Roorkee	Uttarakhand
351	Ramngarh	Jharkhand
352	Rajampet	Andhra Pradesh
353	Rewari	Haryana
354	Ranibennur	Karnataka
355	Rudrapur	Uttarakhand
356	Rajpura	Punjab
357	Raamanagara	Karnataka
358	Rishikesh	Uttarakhand
359	Rayachoti	Andhra Pradesh
360	Ratnagiri	Maharashtra
361	Rabakavi Banahatti	Karnataka
362	Surat	Gujarat
363	Siliguri	West Bengal
364	Srinagar*	Jammu and Kashmir
365	Solapur	Maharashtra
366	Salem	Tamil Nadu
367	Saharanpur	Uttar Pradesh
368	Sangli	Maharashtra
369	Shahjahanpur	Uttar Pradesh
370	Sagar	Madhya Pradesh
371	Shivamogga	Karnataka
372	Shillong*	Meghalaya
373	Satna	Madhya Pradesh
374	Sambalpur	Odisha
375	Sonipat	Haryana
376	Sikar	Rajasthan
377	Singrauli	Madhya Pradesh
378	Silchar	Assam
379	Sambhal	Uttar Pradesh
380	Sirsa	Haryana
381	Sitapur	Uttar Pradesh
382	Shivpuri	Madhya Pradesh
383	Shimla*	Himachal Pradesh
384	Santipur	West Bengal
385	Sasaram	Bihar
386	Saharsa	Bihar
387	Sadulpur	Rajasthan
388	Sivakasi	Tamil Nadu
389	Srikakulam	Andhra Pradesh
390	Siwan	Bihar
391	Satara	Maharashtra
392	Sawai Madhopur	Rajasthan
393	Sultanpur	Uttar Pradesh
394	Sarni	Madhya Pradesh
395	Suryapet	Andhra Pradesh
396	Sehore	Madhya Pradesh
397	Shamli	Uttar Pradesh
398	Seoni	Madhya Pradesh
399	Shrirampur	Maharashtra
400	Shikohabad	Uttar Pradesh
401	Sitamarhi	Bihar
402	Saunda	Jharkhand
403	Sujangarh	Rajasthan
404	Sardarshahar	Rajasthan
405	Sahibganj	Jharkhand
406	Thane	Maharashtra
407	Trivandrum	Kerala
408	Tiruchirappalli	Tamil Nadu
409	Tiruppur	Tamil Nadu
410	Tirunelveli	Tamil Nadu
411	Thoothukudi	Tamil Nadu
412	Thrissur	Kerala
413	Tirupati	Andhra Pradesh
414	Tiruvannamalai	Tamil Nadu
415	Thumakooru	Karnataka
416	Thanjavur	Tamil Nadu
417	Tenali	Andhra Pradesh
418	Tonk	Rajasthan
419	Thanesar	Haryana
420	Tinsukia	Assam
421	Tezpur	Assam
422	Tadepalligudem	Andhra Pradesh
423	Tiruchendur	Tamil Nadu
424	Tadpatri	Andhra Pradesh
425	Theni Allinagaram	Tamil Nadu
426	Tanda	Uttar Pradesh
427	Tiruchengode	Tamil Nadu
428	Vadodara	Gujarat
429	Visakhapatnam	Andhra Pradesh
430	Varanasi	Uttar Pradesh
431	Vijayawada	Andhra Pradesh
432	Vellore	Tamil Nadu
433	Vizianagaram	Andhra Pradesh
434	Vasai	Maharashtra
435	Veraval	Gujarat
436	Valsad	Gujarat
437	Vidisha	Madhya Pradesh
438	Vadakara	Kerala
439	Virar	Maharashtra
440	Vaniyambadi	Tamil Nadu
441	Viluppuram	Tamil Nadu
442	Valparai	Tamil Nadu
443	Warangal	Andhra Pradesh
444	Wadhwan	Gujarat
445	Wardha	Maharashtra
446	Washim	Maharashtra
\.


--
-- Name: Location_RegionID_seq; Type: SEQUENCE SET; Schema: public; Owner: postgres
--

SELECT pg_catalog.setval('"Location_RegionID_seq"', 1, false);


--
-- Data for Name: Message; Type: TABLE DATA; Schema: public; Owner: postgres
--

COPY "Message" ("SenderCustomerUserID", "Timestamp", "Content", "ReceiverCustomerUserID") FROM stdin;
6	2013-01-01 11:00:00	Class tempor gravida pellentesque pretium etiam himenaeos sem venenatis justo?\n\n	70
104	2013-03-01 15:00:00	Velit orci Torquent aenean vel viverra ac; tellus arcu lacinia.\n\n	88
48	2013-05-06 19:00:00	Nostra dapibus euismod condimentum sem bibendum metus, fames commodo blandit...\n\n	57
91	2013-08-07 16:00:00	Nostra sociosqu dapibus velit proin sociis facilisis - placerat mollis ridiculus.\n\n	22
45	2012-05-05 10:00:00	In tempus dictumst etiam rutrum primis id aptent eros magna.\n\n	9
90	2012-03-07 16:00:00	In neque dapibus ut nibh sodales sociis vel rutrum placerat...\n\n	106
58	2013-01-07 18:00:00	Cursus libero Proin fusce id quam tellus elementum hendrerit ultrices!\n\n	41
34	2012-03-06 18:00:00	Nostra cursus dapibus tincidunt pretium nam platea: placerat nisl venenatis!\n\n	11
46	2013-05-09 19:00:00	Tortor montes euismod viverra pharetra rhoncus tellus - fames vivamus odio.\n\n	110
80	2013-03-07 11:00:00	Tortor tempus sodales torquent mauris per iaculis nisl blandit congue.\n\n	45
34	2013-04-09 13:00:00	Senectus eu metus molestie dignissim hac duis; hendrerit habitant lacinia...\n\n	77
76	2013-01-06 23:00:00	Taciti non Tempus pellentesque sodales pretium etiam consectetur dui ligula.\n\n	44
30	2013-02-08 23:00:00	Nostra vehicula curabitur proin sagittis id purus et blandit congue.\n\n	57
14	2012-03-08 13:00:00	Habitasse vehicula litora malesuada sapien mi molestie praesent varius eleifend.\n\n	1
8	2012-03-04 14:00:00	Curae cursus scelerisque luctus mauris vestibulum cum hendrerit: mattis odio.\n\n	58
41	2013-07-05 12:00:00	Tortor Luctus diam proin sapien tellus ultrices eleifend sit justo?\n\n	22
9	2012-08-01 22:00:00	Maecenas velit pellentesque erat fusce enim - facilisi facilisis felis vivamus.\n\n	74
69	2012-08-01 18:00:00	Vehicula sociosqu fringilla neque dapibus per metus iaculis: mollis lacinia.\n\n	22
69	2013-02-06 15:00:00	Vitae dapibus sollicitudin orci mauris rutrum nullam molestie elementum eleifend.\n\n	22
34	2012-01-03 18:00:00	Natoque senectus semper consequat vestibulum ipsum lectus duis cum nec.\n\n	22
60	2012-02-05 23:00:00	Taciti integre tempus malesuada eu mi hac magna nisl aliquam.\n\n	62
62	2012-05-08 20:00:00	Nisi magnis dolor tristique orci mauris leo viverra: at blandit.\n\n	69
58	2012-05-08 11:00:00	Suspendisse velit lacus aliquet ipsum leo cum conubia suscipit congue!\n\n	35
61	2013-08-06 15:00:00	Maecenas dapibus euismod malesuada consequat imperdiet elementum, a venenatis fermentum...\n\n	48
58	2012-02-06 12:00:00	Tortor dapibus diam sed ipsum leo lectus ultricies egestas sit?\n\n	103
44	2012-04-03 21:00:00	Integre lacus nibh lobortis erat eu pharetra mattis venenatis fermentum.\n\n	99
34	2012-02-07 12:00:00	Taciti ut Nascetur sollicitudin condimentum lobortis ipsum; turpis auctor congue...\n\n	98
67	2013-05-09 22:00:00	Nisi nulla Semper tristique lobortis posuere feugiat, conubia venenatis morbi?\n\n	60
9	2013-04-02 18:00:00	Libero Nisi pellentesque himenaeos metus molestie id - placerat ultricies nec.\n\n	88
84	2012-06-04 15:00:00	Penatibus elit nunc nisi tincidunt eget pharetra tellus a fermentum.\n\n	80
6	2012-05-04 10:00:00	Nostra in Natoque lacus euismod ornare viverra; platea ultrices suscipit.\n\n	70
99	2013-03-05 14:00:00	Penatibus etiam per porta sagittis posuere, iaculis interdum nisl eleifend...\n\n	100
88	2013-08-01 15:00:00	Suspendisse volutpat sollicitudin mauris nam nullam interdum; blandit suscipit justo.\n\n	57
8	2012-09-03 23:00:00	Vitae magnis accumsan metus adipiscing imperdiet magna purus; a porttitor?\n\n	18
79	2013-01-02 15:00:00	Elit quis pretium consectetur ornare eget pharetra - eros mattis odio.\n\n	98
58	2012-05-09 13:00:00	Potenti nunc id platea purus parturient praesent turpis; ante sit.\n\n	107
14	2012-04-05 15:00:00	Vehicula potenti neque quisque phasellus massa lobortis ac cum dictum?\n\n	107
88	2012-07-08 21:00:00	Cursus vulputate sociis sagittis eros parturient habitant venenatis ridiculus lacinia...\n\n	15
61	2013-03-05 19:00:00	Vehicula curabitur massa vel bibendum hac ultrices mattis varius sit?\n\n	104
62	2013-04-05 10:00:00	Cubilia Scelerisque quisque sociis ornare dignissim donec cum iaculis fermentum.\n\n	91
90	2012-05-04 20:00:00	Tortor natoque euismod sodales eu facilisi rhoncus arcu fames vivamus.\n\n	7
100	2012-03-05 15:00:00	Maecenas penatibus augue curabitur viverra ac cum at habitant varius.\n\n	30
22	2013-02-05 13:00:00	Nascetur lobortis nam rutrum sem molestie rhoncus commodo a porttitor.\n\n	8
67	2012-08-01 10:00:00	Integre dolor Class gravida sodales pretium orci: id facilisi dignissim.\n\n	88
46	2013-01-06 17:00:00	Tempus tempor etiam rutrum sapien enim; mattis felis netus ligula.\n\n	18
30	2012-09-05 14:00:00	Est nostra suspendisse pellentesque pretium ornare ipsum - hac egestas dui?\n\n	84
88	2013-06-06 15:00:00	Natoque ut semper litora aenean sagittis, arcu egestas eleifend lacinia.\n\n	7
30	2013-09-09 10:00:00	Lorem integre Velit tristique litora condimentum sem bibendum - vivamus morbi?\n\n	57
7	2012-08-08 19:00:00	Pretium fusce sem bibendum rhoncus facilisis elementum - nisl ante ligula!\n\n	76
39	2012-02-04 10:00:00	Elit libero magnis dolor nascetur cum conubia vivamus, ligula lacinia.\n\n	14
44	2013-03-07 17:00:00	Curae amet tincidunt lacus euismod sociis fusce primis at fames.\n\n	22
35	2012-03-08 21:00:00	Dolor pellentesque Mauris nullam faucibus eros placerat mattis suscipit sit.\n\n	80
74	2012-01-07 15:00:00	Amet dolor Aenean metus rhoncus ultricies et; ridiculus ligula porttitor.\n\n	80
7	2013-09-07 18:00:00	Scelerisque integre pellentesque per nullam adipiscing ac cum, facilisis justo?\n\n	76
69	2013-05-04 19:00:00	Gravida nibh per eu sem enim; adipiscing facilisi iaculis dictum?\n\n	9
14	2013-05-07 12:00:00	Fringilla nulla volutpat lobortis ipsum id rhoncus felis, suscipit venenatis?\n\n	72
82	2013-07-06 22:00:00	Amet non Natoque tempor malesuada aenean ante nec auctor netus!\n\n	104
98	2012-05-05 17:00:00	Nunc vulputate vel leo pharetra faucibus feugiat dictum turpis varius?\n\n	70
56	2013-02-06 15:00:00	Montes scelerisque neque nascetur tristique aptent: mollis magna et venenatis.\n\n	18
90	2013-07-03 20:00:00	Curae fringilla suspendisse dictumst fusce enim - risus hac ante morbi.\n\n	30
15	2013-07-08 13:00:00	Pretium ipsum Dis enim posuere pharetra hac; egestas felis suscipit.\n\n	38
18	2013-02-03 13:00:00	Tincidunt sodales torquent rutrum eros parturient turpis - egestas mus dui.\n\n	8
10	2012-03-03 15:00:00	Nostra Cras neque pharetra facilisi hac tellus iaculis, placerat magna.\n\n	62
16	2013-04-06 22:00:00	Quisque mauris nam rutrum fusce magna conubia parturient - egestas et.\n\n	56
48	2012-05-07 17:00:00	Suspendisse taciti scelerisque dapibus consequat fusce molestie at arcu blandit.\n\n	57
84	2013-03-06 11:00:00	Curae vehicula diam lobortis ipsum cum iaculis purus egestas ante.\n\n	15
62	2012-05-03 23:00:00	Habitasse dapibus sem facilisis ultricies ante commodo mus suscipit fermentum.\n\n	1
22	2012-02-08 23:00:00	Libero magnis Inceptos tristique pretium aenean iaculis elementum dictum habitant...\n\n	29
7	2013-03-09 14:00:00	Est potenti tincidunt litora lobortis mauris: vel pharetra pulvinar ligula!\n\n	106
29	2013-03-06 10:00:00	In integre nam bibendum adipiscing pulvinar arcu; nisl varius fermentum.\n\n	44
60	2013-06-01 16:00:00	Habitasse curabitur tincidunt velit sed enim iaculis dictum: purus porttitor!\n\n	72
16	2013-02-03 11:00:00	Maecenas sed Orci proin aenean vestibulum sapien porta - facilisis arcu?\n\n	1
2	2012-06-09 23:00:00	Urna non quisque condimentum etiam consectetur erat ac quam himenaeos!\n\n	80
110	2013-04-08 23:00:00	Nostra vitae fringilla curabitur nam facilisi feugiat laoreet ultrices odio.\n\n	103
69	2012-02-04 13:00:00	Lorem quisque Curabitur nam primis viverra; platea hendrerit varius nisl?\n\n	103
18	2012-08-08 21:00:00	Curae elit vehicula class tristique aliquet malesuada rutrum quam at?\n\n	11
34	2013-05-05 11:00:00	In fringilla quis gravida vestibulum ac et - ante commodo justo.\n\n	72
38	2012-02-05 12:00:00	In dolor diam velit class consequat tellus suscipit a justo.\n\n	69
72	2013-04-02 17:00:00	Sociosqu fringilla accumsan velit tempus volutpat id rhoncus ultrices fermentum?\n\n	6
46	2012-02-01 23:00:00	Elit sociosqu Scelerisque semper sollicitudin aenean enim faucibus facilisis vivamus.\n\n	67
18	2013-03-05 13:00:00	Vehicula diam gravida lobortis consequat dictum nisl: habitant ante nec?\n\n	84
56	2012-07-02 17:00:00	Lorem accumsan Himenaeos per fusce lectus elementum, ultricies ante morbi.\n\n	100
22	2013-05-03 20:00:00	Convallis nostra lobortis pretium aenean bibendum nullam; facilisi mattis ridiculus.\n\n	60
29	2012-01-01 23:00:00	Nostra elit luctus aenean eget sem rhoncus habitant auctor morbi.\n\n	70
103	2013-08-02 18:00:00	Sociosqu tristique sed ornare adipiscing molestie facilisi elementum - commodo morbi...\n\n	11
98	2013-04-08 15:00:00	In nisi volutpat nam platea ultricies ante varius, blandit congue.\n\n	41
10	2012-08-01 11:00:00	Magnis tempor inceptos semper tristique pretium ullamcorper molestie fames congue.\n\n	104
76	2013-09-01 17:00:00	Nostra dolor lacus aenean per sem; platea conubia et ligula?\n\n	1
48	2012-03-04 23:00:00	Natoque eu ipsum feugiat laoreet mollis commodo felis odio ligula...\n\n	56
2	2012-09-09 21:00:00	Neque quisque ad ut etiam vel - erat faucibus lacinia justo.\n\n	74
104	2013-01-08 22:00:00	Accumsan fusce mi enim molestie ac ante commodo ligula fermentum.\n\n	35
82	2012-08-04 18:00:00	Augue magnis sed ullamcorper rutrum sapien habitant, ante sit fermentum.\n\n	11
9	2012-01-04 15:00:00	Est aenean per sapien primis sagittis lectus faucibus, porttitor justo?\n\n	35
46	2012-03-03 14:00:00	Sociosqu semper malesuada himenaeos nam leo, facilisi dictum fermentum morbi.\n\n	84
61	2012-09-03 20:00:00	Habitasse cubilia Natoque euismod tellus hendrerit interdum, nisl odio congue!\n\n	29
16	2013-03-01 11:00:00	Taciti senectus Diam viverra porta risus feugiat nisl - et odio!\n\n	99
70	2013-04-09 16:00:00	Habitasse elit Inceptos tristique sollicitudin lobortis risus - eros a venenatis?\n\n	104
15	2012-09-07 21:00:00	Curae elit augue ad litora sed proin sociis sem rhoncus.\n\n	84
11	2012-02-01 12:00:00	Non class phasellus dictumst ac quam cum, tellus arcu ante.\n\n	91
77	2012-05-01 16:00:00	Cras montes Elit in fringilla etiam sociis sapien donec interdum.\n\n	8
11	2012-05-08 13:00:00	Convallis urna Sociosqu ad pellentesque pharetra pulvinar rhoncus mollis nisl!\n\n	38
77	2013-06-06 16:00:00	Vitae augue magnis curabitur sed massa viverra magna auctor dis?\n\n	70
9	2013-02-08 15:00:00	Libero magnis diam pretium vestibulum dis; tellus magna habitant lacinia.\n\n	90
61	2013-03-02 11:00:00	Libero magnis velit gravida tristique massa molestie aptent elementum ligula.\n\n	58
35	2013-07-03 12:00:00	Ut curabitur Tristique sollicitudin malesuada sociis metus; pharetra varius netus.\n\n	14
45	2013-05-02 16:00:00	Suspendisse cubilia ad ut rutrum enim dignissim - parturient eleifend fermentum!\n\n	95
44	2013-09-02 14:00:00	Suspendisse ad mi sagittis nullam posuere donec hac duis odio.\n\n	79
56	2013-02-07 22:00:00	Elit quisque dapibus integre dictumst vulputate nullam facilisis interdum fermentum.\n\n	67
103	2013-02-04 14:00:00	Lobortis vestibulum Nullam ac laoreet elementum, et auctor suscipit netus...\n\n	57
6	2012-04-08 10:00:00	Taciti luctus lacus erat nam mi metus: magna dictum blandit.\n\n	103
10	2013-02-03 15:00:00	Sociosqu dapibus torquent primis posuere hac facilisis: platea placerat venenatis.\n\n	82
18	2012-02-09 21:00:00	Convallis est Cras sociosqu lorem amet massa sodales, sem facilisi.\n\n	7
67	2013-01-02 14:00:00	Vehicula sociosqu nisi ullamcorper risus faucibus rhoncus imperdiet at blandit?\n\n	58
44	2013-07-06 15:00:00	Sociosqu fringilla nunc litora lobortis eros parturient; ultricies felis porttitor?\n\n	72
11	2012-08-01 15:00:00	Est augue Taciti magnis dolor inceptos faucibus ultrices: mattis mus...\n\n	44
1	2013-09-07 11:00:00	Convallis nisi tempus semper volutpat orci fusce platea ultrices habitant.\n\n	34
107	2012-04-08 19:00:00	Habitasse nisi quis tincidunt nam bibendum, lectus nullam praesent facilisi.\n\n	10
8	2012-07-05 19:00:00	Maecenas penatibus quisque massa vulputate ante commodo odio a lacinia.\n\n	100
34	2012-08-09 11:00:00	Habitasse sociosqu Potenti faucibus donec duis laoreet interdum et pharetra.\n\n	35
10	2013-09-01 13:00:00	Tortor fringilla Augue aliquet nibh erat eu nullam interdum aliquam.\n\n	91
61	2013-04-02 10:00:00	Nisi diam massa erat eget vestibulum - leo iaculis magna nisl...\n\n	38
11	2012-04-07 19:00:00	Convallis velit nascetur lacus sollicitudin nam sem: donec aptent nec.\n\n	8
68	2013-03-08 23:00:00	Sociosqu dolor aliquet torquent proin vestibulum bibendum ultricies vivamus sit.\n\n	44
14	2012-08-08 13:00:00	Curae vitae Cursus in augue senectus enim risus facilisis nec.\n\n	38
62	2013-07-07 22:00:00	Nostra velit Orci malesuada mi nullam nisl commodo varius eleifend.\n\n	11
80	2012-06-01 19:00:00	Vehicula potenti nisi taciti non velit eu risus varius fermentum?\n\n	30
46	2012-02-06 10:00:00	Nostra cras Quis tempor torquent etiam vestibulum leo: donec tellus?\n\n	103
16	2012-02-02 14:00:00	Augue neque senectus ad tincidunt dictumst condimentum nullam pulvinar auctor.\n\n	44
1	2013-01-07 15:00:00	Neque velit sed ullamcorper fusce viverra adipiscing: magna netus ligula...\n\n	67
90	2013-05-09 13:00:00	Habitasse cras lorem inceptos rutrum porta bibendum felis dui aliquam.\n\n	69
91	2013-03-07 10:00:00	Nostra libero quisque euismod ullamcorper dis metus laoreet ultricies fames.\n\n	67
38	2012-04-02 16:00:00	Scelerisque curabitur Sodales sagittis posuere pulvinar dignissim quam fames sit?\n\n	107
39	2012-09-04 13:00:00	Potenti sed massa nam placerat mollis nisl ante mus congue!\n\n	57
104	2013-09-09 10:00:00	Lorem luctus tempus pellentesque torquent erat adipiscing molestie; praesent et!\n\n	68
22	2013-08-06 19:00:00	Tortor amet Neque ut pellentesque vel; sapien ac rhoncus facilisis.\n\n	34
90	2012-08-07 16:00:00	Montes etiam per rutrum sapien enim lectus ac duis conubia...\n\n	79
61	2013-01-06 19:00:00	Fringilla suspendisse diam malesuada himenaeos leo, facilisi egestas commodo odio.\n\n	106
15	2013-02-08 10:00:00	Urna class Sollicitudin erat eu rhoncus; at ultrices odio sit.\n\n	99
68	2013-04-09 14:00:00	Penatibus nunc mauris mi aptent imperdiet ultricies felis auctor netus.\n\n	10
80	2012-01-01 18:00:00	Vitae semper sed euismod sociis ullamcorper eu id ante blandit.\n\n	39
11	2013-08-01 21:00:00	Montes cubilia Integre dolor phasellus euismod, at mus congue justo...\n\n	22
58	2013-08-01 22:00:00	Montes suspendisse magnis tellus dictum egestas: vivamus dui eleifend netus.\n\n	74
80	2012-08-07 20:00:00	Cubilia quis ad lacus sodales himenaeos imperdiet tellus; purus sit.\n\n	77
78	2012-01-06 21:00:00	Dictumst nibh Proin mauris rutrum fusce cum nec auctor ligula.\n\n	90
57	2012-02-03 20:00:00	Quis litora nibh lobortis consequat mi bibendum posuere facilisi eleifend?\n\n	79
78	2012-05-09 15:00:00	Convallis nostra in tempor lacus rhoncus aptent eros parturient blandit?\n\n	95
7	2012-07-04 12:00:00	Montes nunc Velit volutpat sapien hac quam - laoreet dictum nisl!\n\n	41
77	2013-03-04 16:00:00	Cubilia ad Accumsan class lobortis proin aenean; dis ligula fermentum...\n\n	67
56	2012-01-06 20:00:00	Sociosqu lorem Non ut dolor lobortis consequat dignissim magna commodo...\n\n	98
90	2013-01-08 21:00:00	Nostra vehicula natoque diam sodales sem leo dis nullam mattis.\n\n	46
107	2013-02-04 12:00:00	Sociosqu scelerisque quisque sem dis posuere adipiscing cum varius suscipit.\n\n	11
82	2012-05-09 15:00:00	Penatibus nibh per mi lectus facilisi imperdiet conubia interdum nec.\n\n	100
15	2013-06-09 21:00:00	Urna taciti dolor lobortis fusce dis, pulvinar ac dignissim donec.\n\n	68
98	2013-04-02 12:00:00	Montes augue dolor volutpat vel mi pharetra rhoncus platea justo.\n\n	88
11	2012-06-02 11:00:00	Magnis tristique vulputate etiam erat nullam faucibus tellus arcu ridiculus...\n\n	41
2	2012-02-04 12:00:00	Curae urna sociosqu potenti libero nisi malesuada hac duis platea...\n\n	9
56	2012-06-02 16:00:00	Maecenas cursus Nunc suspendisse torquent malesuada metus molestie nisl ultrices.\n\n	44
72	2012-01-02 22:00:00	Cursus taciti tincidunt nascetur nibh sagittis molestie - rhoncus feugiat vivamus?\n\n	15
76	2012-04-04 18:00:00	Dolor orci etiam mauris vestibulum pulvinar dignissim habitant egestas vivamus!\n\n	77
57	2012-09-05 17:00:00	Cursus in lacus massa consectetur vel rhoncus magna, fames ridiculus?\n\n	104
99	2012-05-04 22:00:00	Vehicula nisi Luctus class ipsum pulvinar laoreet; ultrices varius venenatis.\n\n	107
60	2012-01-01 18:00:00	Nostra vitae sociosqu dictumst euismod massa - faucibus facilisi platea ultricies...\n\n	8
48	2013-02-09 10:00:00	Lorem velit Volutpat rutrum fusce adipiscing molestie at elementum erat.\n\n	29
90	2013-04-05 22:00:00	Scelerisque luctus condimentum eget leo hendrerit commodo suscipit netus justo.\n\n	45
56	2013-09-05 16:00:00	Urna quis senectus quisque curabitur gravida rutrum fusce imperdiet fames.\n\n	69
74	2012-07-05 22:00:00	Tristique pretium orci leo sagittis adipiscing pulvinar; mollis praesent varius...\n\n	2
46	2013-01-06 16:00:00	Nisi cubilia non luctus condimentum torquent etiam viverra arcu id.\n\n	62
38	2012-03-03 22:00:00	Sociosqu Volutpat sem dis nullam adipiscing dignissim aptent egestas lacinia.\n\n	82
1	2012-05-08 20:00:00	In ut curabitur per sociis metus quam purus: interdum ridiculus?\n\n	79
98	2013-02-06 20:00:00	Vehicula amet quis ullamcorper mi dis, molestie hac odio netus.\n\n	77
103	2013-08-02 14:00:00	Maecenas natoque Euismod proin eu sapien lectus eros: ante mattis.\n\n	100
6	2012-08-06 14:00:00	Cubilia nascetur consectetur vel consequat bibendum pharetra feugiat, turpis nullam!\n\n	18
62	2013-02-03 18:00:00	Urna taciti neque quis porta rhoncus ante mus - aliquam lacinia?\n\n	15
46	2012-04-04 22:00:00	Tortor cras elit taciti nascetur sed nibh dis donec placerat?\n\n	39
69	2012-03-09 22:00:00	Maecenas in amet luctus natoque integre torquent sem feugiat laoreet...\n\n	84
6	2013-06-01 23:00:00	Maecenas potenti libero scelerisque volutpat sapien, lectus cum varius morbi...\n\n	104
22	2012-01-08 13:00:00	Magnis phasellus Erat ullamcorper porta bibendum molestie nisl venenatis ligula.\n\n	68
15	2013-04-07 19:00:00	Nunc suspendisse Magnis phasellus vestibulum fames et mattis - felis eleifend.\n\n	22
67	2013-09-05 21:00:00	Nostra nunc Senectus etiam mauris enim donec conubia habitant varius!\n\n	10
46	2012-07-08 15:00:00	Fringilla magnis volutpat aliquet sapien porta risus - interdum mattis fermentum.\n\n	82
29	2012-06-06 14:00:00	Sociosqu dictumst lobortis ullamcorper id facilisis hendrerit: habitant ante fermentum.\n\n	107
56	2013-05-07 22:00:00	Euismod condimentum mauris nam pharetra molestie feugiat turpis habitant odio?\n\n	29
110	2013-04-02 15:00:00	Montes luctus quisque ad accumsan himenaeos ipsum rhoncus imperdiet blandit.\n\n	7
104	2012-07-01 10:00:00	Sociosqu ad inceptos gravida sollicitudin nibh ipsum viverra dignissim commodo!\n\n	22
99	2013-05-06 23:00:00	Urna montes nisi natoque pretium rhoncus ultricies a lacinia morbi...\n\n	57
10	2013-01-01 18:00:00	Curae tortor torquent sapien hac platea at habitant eleifend ligula!\n\n	84
107	2013-07-03 18:00:00	In non senectus velit class aenean sem rhoncus aptent dictum.\n\n	9
99	2013-09-03 13:00:00	Penatibus taciti luctus gravida euismod etiam nam metus quam porttitor.\n\n	29
91	2013-08-02 23:00:00	Curae vitae vehicula tempor euismod eget sapien hac eleifend fermentum?\n\n	97
91	2013-05-09 12:00:00	Amet natoque integre malesuada vestibulum mi leo nullam mattis suscipit.\n\n	95
67	2012-04-05 20:00:00	Libero augue ut eget vestibulum sem: porta sagittis auctor congue.\n\n	104
98	2012-01-01 15:00:00	Vitae quisque inceptos ipsum pharetra molestie ac facilisis, ultrices odio?\n\n	70
2	2013-08-01 14:00:00	Vehicula quisque Tempus sodales malesuada faucibus: aptent cum et venenatis...\n\n	76
6	2012-01-08 16:00:00	Penatibus nostra cursus mauris sociis sem ipsum: viverra feugiat suscipit.\n\n	99
56	2012-08-04 19:00:00	Accumsan inceptos pretium torquent molestie facilisi facilisis conubia dictum ultrices?\n\n	29
76	2012-02-03 13:00:00	Penatibus Elit sollicitudin massa nam metus imperdiet - turpis interdum et.\n\n	34
57	2012-08-03 10:00:00	Penatibus habitasse quis velit pretium eget hac tellus purus porttitor!\n\n	46
16	2013-04-02 18:00:00	Convallis tempor sem dis hac mollis: et mattis venenatis lacinia.\n\n	1
57	2013-07-03 22:00:00	Sociosqu cubilia augue inceptos dictumst vulputate facilisi laoreet mollis ridiculus.\n\n	90
46	2012-05-06 13:00:00	Curae tempor Condimentum sapien sagittis posuere interdum ultrices sit ligula.\n\n	80
78	2012-09-08 18:00:00	Vehicula fringilla nisi ullamcorper sem adipiscing fames - congue aliquam fermentum?\n\n	38
22	2013-09-06 15:00:00	Lorem fringilla lobortis per fusce eu nullam ac duis feugiat?\n\n	61
98	2012-03-03 20:00:00	In fringilla inceptos sociis bibendum placerat at turpis ultrices morbi.\n\n	62
15	2013-05-06 20:00:00	Sociosqu taciti non tincidunt nibh condimentum torquent, hac facilisis laoreet.\n\n	16
2	2013-07-08 17:00:00	Curae nostra diam velit nulla adipiscing dignissim imperdiet nisl dui?\n\n	69
77	2012-01-09 20:00:00	Urna quis gravida pretium per erat lectus duis facilisis arcu.\n\n	14
15	2012-05-01 23:00:00	Suspendisse nisi tincidunt dictumst vel ullamcorper: consequat tellus ultricies netus.\n\n	10
44	2013-01-07 22:00:00	Curabitur pretium Per ullamcorper ornare elementum egestas blandit a venenatis.\n\n	95
39	2013-03-04 22:00:00	Quisque gravida dictumst mi pulvinar platea - iaculis dictum turpis habitant.\n\n	99
58	2013-09-03 21:00:00	Maecenas curae Est nisi curabitur aliquet lectus et ante auctor.\n\n	100
44	2012-03-07 19:00:00	Penatibus aliquet Ornare risus pharetra dictum vivamus dui suscipit ante...\n\n	72
8	2013-09-04 14:00:00	Urna fringilla himenaeos erat dis molestie - mollis blandit suscipit justo.\n\n	10
67	2012-03-05 14:00:00	Cursus volutpat id tellus iaculis habitant egestas; felis a fermentum.\n\n	29
8	2012-03-09 22:00:00	In ut accumsan nibh per aptent cum habitant a lacinia?\n\n	82
16	2012-01-01 13:00:00	Sociosqu neque lacus etiam porta faucibus: egestas et venenatis ridiculus?\n\n	90
62	2012-08-04 20:00:00	Potenti quisque Class sed condimentum lobortis eros placerat hendrerit ridiculus.\n\n	16
57	2013-07-09 10:00:00	Non senectus integre dictumst vulputate fusce et dui eleifend porttitor!\n\n	38
9	2012-05-04 11:00:00	Est amet curabitur semper pellentesque massa cum at dictum ultricies...\n\n	97
77	2012-07-05 16:00:00	Cras cubilia senectus tempor inceptos massa vulputate sociis - felis ridiculus.\n\n	8
2	2013-09-02 11:00:00	Convallis vestibulum dis conubia dictum praesent fames mattis vivamus suscipit.\n\n	7
1	2012-03-03 11:00:00	Curae cursus Libero diam accumsan inceptos etiam: enim laoreet porttitor...\n\n	38
107	2012-01-04 23:00:00	Libero nisi nulla pellentesque sodales vulputate erat imperdiet, arcu nec.\n\n	48
76	2012-06-05 11:00:00	Cursus scelerisque non rutrum enim pulvinar eros feugiat conubia ultricies.\n\n	78
82	2012-03-06 18:00:00	Maecenas non dapibus ut eget nullam id dignissim at magna!\n\n	80
58	2012-04-03 10:00:00	Maecenas est cras augue quis sed lobortis - himenaeos eu molestie.\n\n	22
104	2012-03-07 22:00:00	Penatibus vitae cras in euismod ipsum risus magna parturient justo.\n\n	1
106	2013-09-08 19:00:00	Habitasse elit neque condimentum erat sagittis risus duis, nec congue?\n\n	80
107	2012-04-06 12:00:00	Penatibus luctus natoque quis integre orci erat fusce varius morbi?\n\n	104
11	2012-01-04 15:00:00	Maecenas amet fringilla magnis eu primis metus ac, sit lacinia.\n\n	90
103	2013-05-03 10:00:00	Amet litora condimentum lobortis proin aptent conubia nisl: fames ligula?\n\n	70
38	2012-08-05 11:00:00	Nostra potenti Nisi dapibus gravida posuere: laoreet varius blandit aliquam.\n\n	104
15	2012-03-05 23:00:00	Vitae nisi magnis semper volutpat condimentum; rhoncus cum imperdiet ultricies.\n\n	78
16	2012-09-01 15:00:00	Cursus suspendisse ut ullamcorper vestibulum dis sagittis - rhoncus dignissim parturient...\n\n	76
10	2013-03-06 15:00:00	Luctus accumsan Tristique sociis ullamcorper lectus purus ante mattis varius.\n\n	45
10	2012-01-02 12:00:00	Curae integre Massa vel lectus pulvinar id tellus mattis lacinia.\n\n	30
79	2012-08-01 12:00:00	Penatibus tincidunt tristique lacus fusce adipiscing duis at sit fermentum.\n\n	104
58	2013-07-09 21:00:00	Habitasse luctus tempus sollicitudin vel pulvinar id imperdiet magna ante.\n\n	16
2	2013-07-05 13:00:00	Tortor ut sollicitudin sed pretium risus eros at parturient morbi!\n\n	61
38	2012-02-07 20:00:00	Taciti quisque velit aliquet sodales consectetur sociis praesent egestas blandit...\n\n	29
61	2012-04-09 21:00:00	Non quisque accumsan bibendum adipiscing laoreet iaculis commodo: nec auctor.\n\n	38
97	2013-02-08 22:00:00	Tortor potenti curabitur pellentesque primis posuere dignissim hac facilisis habitant.\n\n	91
61	2013-01-06 17:00:00	Condimentum per vestibulum eu enim molestie ac; interdum et dui?\n\n	90
22	2013-02-04 20:00:00	Diam nulla Malesuada proin himenaeos sociis eu: ipsum sagittis donec?\n\n	30
10	2013-06-01 15:00:00	Magnis senectus ut tempor semper lacus viverra hac, ultrices ligula.\n\n	110
35	2013-03-02 12:00:00	Aenean rutrum porta sagittis molestie facilisi dignissim hac praesent ante.\n\n	7
60	2012-09-02 13:00:00	Sociosqu augue fusce enim porta magna: habitant blandit eleifend ligula.\n\n	57
100	2013-08-09 22:00:00	Tortor tincidunt dolor sollicitudin sodales etiam ullamcorper ornare viverra morbi...\n\n	57
14	2013-09-08 13:00:00	Sociosqu amet nisi ullamcorper sem ipsum - leo posuere duis laoreet?\n\n	95
80	2013-06-01 21:00:00	Taciti integre nascetur aliquet rutrum mi iaculis ante, varius lacinia.\n\n	22
97	2013-01-09 23:00:00	Velit tempus nulla inceptos sollicitudin condimentum primis quam turpis lacinia?\n\n	106
84	2012-09-05 12:00:00	Lorem amet nunc gravida proin aenean consequat - pharetra cum iaculis.\n\n	8
74	2012-07-07 21:00:00	Scelerisque tempus Proin sagittis nullam donec - et dui varius suscipit.\n\n	2
39	2012-03-07 21:00:00	Est luctus dictumst lobortis vel nam eget rutrum ligula porttitor.\n\n	69
68	2013-06-02 16:00:00	Urna nostra montes consectetur vel eu placerat at purus porttitor?\n\n	16
72	2012-06-08 17:00:00	Tortor cursus potenti nisi consequat mi; porta sagittis commodo ligula.\n\n	45
78	2013-06-05 10:00:00	Penatibus urna integre accumsan euismod sociis praesent habitant; nec morbi!\n\n	48
2	2013-03-03 13:00:00	Habitasse Scelerisque ut tempor euismod lectus ac conubia turpis eleifend.\n\n	39
\.


--
-- Name: Message_ReceiverCustomerUserID_seq; Type: SEQUENCE SET; Schema: public; Owner: postgres
--

SELECT pg_catalog.setval('"Message_ReceiverCustomerUserID_seq"', 1, false);


--
-- Name: Message_SenderCustomerUserID_seq; Type: SEQUENCE SET; Schema: public; Owner: postgres
--

SELECT pg_catalog.setval('"Message_SenderCustomerUserID_seq"', 1, false);


--
-- Data for Name: Provides; Type: TABLE DATA; Schema: public; Owner: postgres
--

COPY "Provides" ("ServiceProviderUserID", "ServiceID", "RegionID", "Days", "StartTime", "EndTime", "Name", "Price", "Discount", "Description") FROM stdin;
81	223	45	1000011	16:00:00	19:30:00	Janmesh Pet Sitters	993	0	\N
63	238	43	0011100	14:00:00	23:00:00	Gandharva Landscaping	629	5	\N
81	83	34	0110100	10:00:00	21:30:00	Janmesh Home Automation	293	5	\N
33	164	36	0010110	15:30:00	19:00:00	Janhavi Water Delivery	922	5	\N
100	381	31	1101000	13:00:00	15:30:00	Mahesh Hospice	438	3	\N
21	374	11	1010001	12:00:00	17:30:00	Firaki Blood Banks	857	1	\N
36	88	6	0001101	13:30:00	20:30:00	Ketana Home Staging	737	1	\N
95	381	7	1100100	17:00:00	19:00:00	Lord Shiva Hospice	337	1	\N
75	205	4	1010010	11:30:00	12:00:00	Jaganarayan Limo Services	536	5	\N
23	181	40	0101100	19:30:00	22:30:00	Gauri Car Accessories	744	2	\N
14	28	2	0010110	12:30:00	23:30:00	Dhwani Ceramic Tile	252	2	\N
95	250	18	0010101	15:00:00	23:00:00	Lord Shiva Marinas	995	0	\N
45	223	11	1100001	12:30:00	23:30:00	Mahalakshmi Pet Sitters	843	0	\N
85	225	39	1011000	14:00:00	20:00:00	Kaylor Pet Grooming	250	5	\N
15	221	23	1011000	11:00:00	15:30:00	Dipu Kennels	469	2	\N
98	172	21	0100110	14:30:00	17:00:00	Mahaddev Window Treatments	559	1	\N
80	13	12	0000111	11:30:00	18:00:00	Janakiraman Bathtub Refinishing	581	5	\N
15	159	6	1001001	14:30:00	18:00:00	Dipu VCR Repair	605	4	\N
70	196	21	1000101	12:00:00	21:30:00	Hrydesh Motorcycle Repair	572	3	\N
100	232	23	1000101	12:30:00	19:00:00	Mahesh Fencing	538	1	\N
39	49	50	1000101	12:00:00	16:00:00	Lavanya Drapery Cleaning	466	5	\N
47	230	37	1010010	10:00:00	20:00:00	Ojal Decks	523	1	\N
79	247	31	1101000	14:00:00	14:30:00	Jalendu Roto Tilling	529	3	\N
75	187	43	0110100	11:00:00	12:30:00	Jaganarayan Car Transport	865	3	\N
21	31	25	0000111	11:30:00	12:00:00	Firaki Chimney Repair	970	0	\N
79	165	22	1100010	10:00:00	15:30:00	Jalendu Water Heaters	248	1	\N
39	147	20	1100010	12:00:00	20:30:00	Lavanya Stamped Concrete	891	3	\N
94	53	10	0100011	18:30:00	19:00:00	Lokesh Earthquake Retrofitting	782	4	\N
23	73	33	0010011	10:00:00	22:30:00	Gauri Glass Repair	744	0	\N
21	195	20	0100011	13:30:00	17:00:00	Firaki Van Rentals	813	1	\N
45	233	37	0010011	13:30:00	23:00:00	Mahalakshmi Fountains	619	2	\N
75	170	5	0100110	18:30:00	22:30:00	Jaganarayan Window Cleaning	680	5	\N
79	381	2	0111000	20:00:00	20:30:00	Jalendu Hospice	478	0	\N
10	171	21	0101010	12:00:00	22:30:00	Bhairavi Window Tinting	876	2	\N
36	248	5	0100101	12:00:00	13:30:00	Ketana Snow Removal	538	1	\N
79	138	38	1010100	16:30:00	20:00:00	Jalendu Security Windows	997	2	\N
21	35	19	1001001	11:30:00	13:30:00	Firaki Closet Systems	546	2	\N
21	171	46	0111000	16:30:00	20:30:00	Firaki Window Tinting	218	5	\N
24	123	14	0111000	15:00:00	19:00:00	Hiral Picture Framing	309	0	\N
70	38	46	0001011	19:00:00	20:00:00	Hrydesh Computer Training	944	2	\N
71	204	36	0100011	11:30:00	17:30:00	Indradutt Florists	995	5	\N
74	248	2	0011010	16:00:00	17:00:00	Ishpreet Snow Removal	715	1	\N
22	246	2	1001001	13:30:00	16:30:00	Gangi Pool Cleaners	803	3	\N
25	375	27	1001100	17:30:00	22:30:00	Ina Blood Labs	545	1	\N
40	237	23	0100011	13:00:00	22:30:00	Likhitha Land Surveyor	451	5	\N
41	374	15	0000111	11:00:00	19:30:00	Lola Blood Banks	215	1	\N
18	399	37	1101000	11:00:00	13:30:00	Elina Copies	255	4	\N
32	119	21	0110010	10:00:00	21:00:00	Jamini Phone Sales	317	0	\N
65	249	6	1001010	18:30:00	20:30:00	Gaurav Tree Service	531	4	\N
71	115	35	0100011	14:30:00	20:00:00	Indradutt Oriental Rug Cleaning	869	2	\N
94	190	6	0100110	12:30:00	18:30:00	Lokesh Muffler Repair	321	4	\N
81	381	6	0010110	10:00:00	20:30:00	Janmesh Hospice	845	5	\N
59	133	27	0110010	17:00:00	20:30:00	Duranjaya Roof Snow Removal	326	1	\N
36	131	24	1010100	16:00:00	17:00:00	Ketana Replacement Windows	921	1	\N
95	23	38	1000110	18:30:00	20:30:00	Lord Shiva Carpenter	828	3	\N
41	143	2	1000101	15:30:00	20:00:00	Lola Siding	320	3	\N
100	191	0	0101100	10:00:00	22:00:00	Mahesh Radiator Service	906	2	\N
80	231	14	0001011	11:30:00	14:30:00	Janakiraman Dock Building	652	0	\N
85	221	36	0110001	14:30:00	15:00:00	Kaylor Kennels	227	2	\N
23	82	16	0111000	10:30:00	12:00:00	Gauri Home & Garage Organization	898	0	\N
38	18	42	0110001	20:00:00	21:00:00	Laksha Buffing & Polishing	206	0	\N
36	54	47	0100011	11:30:00	16:00:00	Ketana Egress Windows	941	1	\N
94	159	34	0111000	18:00:00	22:00:00	Lokesh VCR Repair	885	4	\N
86	80	6	1110000	14:00:00	15:30:00	Keshav Heating & Air Conditioning/HVAC	456	5	\N
45	87	3	1010001	11:30:00	15:30:00	Mahalakshmi Home Security Systems	310	4	\N
32	43	25	0100011	12:30:00	20:30:00	Jamini Countertops	510	2	\N
26	107	12	1001100	10:00:00	18:30:00	Indrayani Mattresses	632	2	\N
100	112	32	0110100	12:00:00	15:00:00	Mahesh Moving Companies	852	1	\N
41	183	33	0111000	12:30:00	16:00:00	Lola Car Rentals	830	0	\N
80	191	39	1000101	17:30:00	22:30:00	Janakiraman Radiator Service	938	0	\N
75	387	22	0110100	12:00:00	17:00:00	Jaganarayan Retail Health Clinics	617	4	\N
45	100	34	1110000	13:00:00	19:30:00	Mahalakshmi Lead Paint Removal	484	1	\N
81	69	32	1001100	10:30:00	11:00:00	Janmesh Gas Grill Repair	533	0	\N
51	25	27	0001011	17:30:00	23:00:00	Chandresh Carpet Installation	582	0	\N
80	18	26	1100010	11:00:00	12:00:00	Janakiraman Buffing & Polishing	991	5	\N
38	16	33	1001010	12:30:00	22:00:00	Laksha Biohazard Cleanup	320	3	\N
20	225	13	0110001	16:30:00	21:00:00	Falak Pet Grooming	777	5	\N
27	143	45	1000101	12:30:00	21:00:00	Indukala Siding	620	0	\N
74	209	26	0110001	13:30:00	22:00:00	Ishpreet Personal Chef	707	4	\N
65	233	27	0110001	20:00:00	22:00:00	Gaurav Fountains	939	2	\N
81	57	27	1000110	15:30:00	20:30:00	Janmesh Energy Audit	561	4	\N
71	96	29	1001001	16:30:00	17:30:00	Indradutt Internet Service	392	4	\N
24	188	24	1011000	18:30:00	22:30:00	Hiral Car Washes	902	1	\N
92	24	40	0110010	10:00:00	11:30:00	Lalitesh Carpet Cleaners	774	4	\N
55	117	40	1001100	11:00:00	22:30:00	Dilip Pest Control	566	4	\N
96	48	43	1010010	19:30:00	20:30:00	Madhujit Drain Pipe	636	5	\N
51	36	47	0110001	20:30:00	23:00:00	Chandresh Computer Repair	616	2	\N
100	47	7	0101010	15:30:00	19:00:00	Mahesh Drain Cleaning	976	3	\N
59	67	12	0001101	11:00:00	18:30:00	Duranjaya Garage Doors	785	1	\N
69	169	15	0011100	18:30:00	20:00:00	Hridyanshu Wells	401	3	\N
85	35	19	1100001	10:00:00	21:00:00	Kaylor Closet Systems	997	3	\N
48	31	48	1101000	15:30:00	16:00:00	Omkareshwari Chimney Repair	816	5	\N
71	137	0	0001011	12:00:00	19:00:00	Indradutt Screen Repair	298	4	\N
94	66	12	1000101	11:00:00	23:00:00	Lokesh Garage Builders	682	4	\N
52	181	28	0011100	10:00:00	20:00:00	Charanjit Car Accessories	293	0	\N
38	121	2	0111000	14:00:00	23:00:00	Laksha Piano Moving	942	3	\N
70	84	49	0001011	18:30:00	22:30:00	Hrydesh Home Builders	425	0	\N
65	218	17	0001110	12:30:00	17:30:00	Gaurav Dog Fence	234	4	\N
47	64	4	0010101	11:30:00	22:00:00	Ojal Furniture Repair	429	3	\N
52	14	36	0010101	14:00:00	18:30:00	Charanjit Billiard Table Repair	274	4	\N
71	9	46	1100010	11:00:00	17:00:00	Indradutt Banks	733	3	\N
16	234	16	1000011	16:30:00	22:00:00	Divya Greenhouses	250	0	\N
75	20	47	1010001	13:00:00	17:30:00	Jaganarayan Cable TV Service	999	3	\N
14	150	48	0001011	10:00:00	21:00:00	Dhwani Sunrooms	505	3	\N
36	250	8	0001110	10:00:00	16:00:00	Ketana Marinas	469	0	\N
38	397	12	1001010	10:30:00	11:00:00	Laksha Buying Services	429	1	\N
78	181	8	1010100	18:00:00	18:30:00	Jakarious Car Accessories	341	4	\N
15	374	49	0010101	14:00:00	22:30:00	Dipu Blood Banks	679	1	\N
51	28	13	0011010	11:30:00	16:30:00	Chandresh Ceramic Tile	494	4	\N
27	165	34	0110001	10:00:00	20:30:00	Indukala Water Heaters	733	2	\N
33	66	37	0011100	18:00:00	21:00:00	Janhavi Garage Builders	446	3	\N
48	123	24	0110100	12:30:00	16:00:00	Omkareshwari Picture Framing	732	0	\N
79	5	38	0011100	15:30:00	16:30:00	Jalendu Architect	932	3	\N
96	172	33	0111000	10:00:00	19:30:00	Madhujit Window Treatments	770	0	\N
33	240	16	0110010	10:00:00	16:30:00	Janhavi Lawn Service	338	4	\N
32	157	1	0110010	13:00:00	13:30:00	Jamini Upholstery Cleaning	971	1	\N
39	83	0	0010110	10:30:00	20:30:00	Lavanya Home Automation	214	5	\N
35	200	38	0110001	11:00:00	14:00:00	Keshi Calligraphy	486	3	\N
45	202	45	0110010	10:00:00	13:00:00	Mahalakshmi Costume Rental	680	3	\N
19	399	9	0100011	11:00:00	22:00:00	Eshana Copies	851	4	\N
48	31	38	1100100	16:00:00	19:00:00	Omkareshwari Chimney Repair	799	2	\N
45	45	20	0001101	15:30:00	22:00:00	Mahalakshmi Custom Furniture	519	5	\N
24	20	28	0111000	19:00:00	23:00:00	Hiral Cable TV Service	393	4	\N
70	386	27	1000011	20:30:00	21:30:00	Hrydesh Radiology	309	1	\N
48	16	29	0000111	16:00:00	22:30:00	Omkareshwari Biohazard Cleanup	210	0	\N
96	192	2	0111000	16:00:00	22:00:00	Madhujit Towing	875	5	\N
53	149	24	0001101	13:00:00	17:30:00	Chetan Stucco	730	1	\N
35	98	41	0010011	10:00:00	19:30:00	Keshi Lamp Repair	579	1	\N
70	193	35	1011000	14:30:00	16:30:00	Hrydesh Transmission Repair	777	0	\N
81	398	4	1110000	10:30:00	12:30:00	Janmesh Child Care	968	2	\N
92	143	26	0011100	20:00:00	23:30:00	Lalitesh Siding	617	5	\N
36	23	16	0110100	19:30:00	23:30:00	Ketana Carpenter	787	3	\N
96	53	41	1100001	14:30:00	21:30:00	Madhujit Earthquake Retrofitting	359	4	\N
18	167	17	0001011	14:00:00	20:30:00	Elina Web Designers	814	0	\N
81	381	8	0100011	19:00:00	23:30:00	Janmesh Hospice	689	4	\N
19	188	7	1001001	10:30:00	15:00:00	Eshana Car Washes	506	1	\N
92	31	25	0011010	20:30:00	21:30:00	Lalitesh Chimney Repair	248	5	\N
53	29	15	0100011	15:00:00	19:30:00	Chetan Childproofing	531	4	\N
46	16	25	1011000	11:00:00	16:00:00	Niyati Biohazard Cleanup	668	1	\N
98	25	19	0011001	17:30:00	22:30:00	Mahaddev Carpet Installation	818	3	\N
70	64	38	1000011	20:30:00	21:00:00	Hrydesh Furniture Repair	636	2	\N
26	68	6	0110100	20:30:00	22:30:00	Indrayani Garbage Collection	839	1	\N
33	233	49	1100001	13:00:00	18:30:00	Janhavi Fountains	329	5	\N
46	144	45	0001101	10:30:00	16:30:00	Niyati Signs	205	0	\N
55	245	22	1001010	16:00:00	21:00:00	Dilip Playground Equipment	486	5	\N
74	49	34	1000101	10:00:00	16:30:00	Ishpreet Drapery Cleaning	361	2	\N
85	128	41	0101001	11:30:00	12:00:00	Kaylor Property Management	251	0	\N
70	152	45	0100110	15:30:00	18:30:00	Hrydesh Toy Repair	727	1	\N
24	399	42	1100100	14:30:00	17:00:00	Hiral Copies	764	3	\N
14	137	38	1000110	20:00:00	21:00:00	Dhwani Screen Repair	725	3	\N
32	211	12	0001011	11:30:00	12:00:00	Jamini Reception Halls	264	1	\N
18	17	40	1010010	11:00:00	14:00:00	Elina Blind Cleaning	481	1	\N
48	42	16	0100110	17:00:00	19:00:00	Omkareshwari Cooking Classes	593	3	\N
59	226	41	1000011	10:00:00	23:00:00	Duranjaya Basketball Goals	270	5	\N
57	195	35	1110000	10:30:00	23:30:00	Dipten Van Rentals	251	0	\N
69	46	31	0001011	10:00:00	19:30:00	Hridyanshu Doors	593	3	\N
74	57	15	0100011	15:00:00	18:30:00	Ishpreet Energy Audit	718	4	\N
25	100	9	1100010	17:30:00	22:30:00	Ina Lead Paint Removal	526	2	\N
59	158	35	1110000	15:00:00	20:30:00	Duranjaya Vacuum Cleaners	814	0	\N
10	242	29	1100010	10:00:00	19:30:00	Bhairavi Leaf Removal	835	1	\N
52	226	3	0101001	10:30:00	14:30:00	Charanjit Basketball Goals	507	3	\N
32	384	47	1100100	10:30:00	19:30:00	Jamini Independent Living	501	3	\N
41	177	24	1010100	15:00:00	19:30:00	Lola Auto Glass	915	3	\N
69	156	16	1101000	19:00:00	22:30:00	Hridyanshu Upholstery	623	1	\N
21	145	15	1011000	13:00:00	18:30:00	Firaki Skylights	699	4	\N
53	50	13	0100011	15:00:00	16:00:00	Chetan Driveway Gates	809	1	\N
21	135	11	1010001	14:30:00	16:00:00	Firaki RV Sales	573	1	\N
55	151	11	0010110	12:00:00	12:30:00	Dilip Tablepads	614	3	\N
23	5	43	1010010	20:30:00	21:30:00	Gauri Architect	524	4	\N
69	86	42	0010110	11:30:00	15:00:00	Hridyanshu Home Inspection	231	4	\N
63	220	43	1000101	12:30:00	23:30:00	Gandharva Dog Walkers	452	3	\N
36	224	9	1100010	17:30:00	21:00:00	Ketana Pooper Scoopers	759	0	\N
22	31	23	0110010	10:00:00	16:00:00	Gangi Chimney Repair	657	2	\N
79	376	30	1001100	11:30:00	17:30:00	Jalendu Childrens Hospital	400	0	\N
96	121	5	0101001	15:00:00	18:00:00	Madhujit Piano Moving	212	4	\N
81	109	40	1010010	17:30:00	22:30:00	Janmesh Mobile Home Remodeling	844	0	\N
46	180	16	0001110	17:30:00	20:00:00	Niyati Auto Upholstery	481	0	\N
95	381	27	0101100	20:00:00	23:30:00	Lord Shiva Hospice	610	0	\N
48	379	13	0100110	10:30:00	12:00:00	Omkareshwari Drug Treatment Centers	870	3	\N
81	231	32	1001100	14:00:00	22:30:00	Janmesh Dock Building	256	3	\N
15	90	14	1000110	15:00:00	20:00:00	Dipu House Cleaning	835	1	\N
32	41	2	0011100	15:00:00	16:30:00	Jamini Contractors	931	4	\N
15	74	28	0000111	11:30:00	20:00:00	Dipu Graphic Designers	922	0	\N
98	68	38	0100110	11:00:00	16:00:00	Mahaddev Garbage Collection	472	1	\N
14	118	29	0101100	12:00:00	23:00:00	Dhwani Phone Repair	374	3	\N
3	191	6	1001010	17:00:00	19:30:00	Aditi Radiator Service	357	2	\N
32	390	10	0110001	12:30:00	17:00:00	Jamini Vein Treatment	556	1	\N
48	103	31	0001110	10:00:00	14:30:00	Omkareshwari Luggage Repair	374	1	\N
55	16	36	1000110	15:00:00	21:00:00	Dilip Biohazard Cleanup	449	4	\N
63	249	12	1010100	13:30:00	17:00:00	Gandharva Tree Service	719	0	\N
23	154	48	0101100	12:00:00	23:30:00	Gauri TV Repair	587	4	\N
74	33	28	1000110	11:00:00	18:00:00	Ishpreet China Repair	285	1	\N
\.


--
-- Name: Provides_RegionID_seq; Type: SEQUENCE SET; Schema: public; Owner: postgres
--

SELECT pg_catalog.setval('"Provides_RegionID_seq"', 1, false);


--
-- Name: Provides_ServiceID_seq; Type: SEQUENCE SET; Schema: public; Owner: postgres
--

SELECT pg_catalog.setval('"Provides_ServiceID_seq"', 1, false);


--
-- Name: Provides_ServiceProviderUserID_seq; Type: SEQUENCE SET; Schema: public; Owner: postgres
--

SELECT pg_catalog.setval('"Provides_ServiceProviderUserID_seq"', 1, false);


--
-- Data for Name: Question; Type: TABLE DATA; Schema: public; Owner: postgres
--

COPY "Question" ("QuestionID", "Description", "Timestamp", "CustomerUserID", "ServiceProviderUserID") FROM stdin;
2	Class tempor gravida pellentesque pretium etiam himenaeos sem venenatis justo?\n\n	2013-07-07 08:00:00	95	26
4	Potenti integre Tincidunt phasellus gravida sed leo bibendum nullam dignissim.\n\n	2013-04-07 03:00:00	57	69
8	Habitasse non accumsan massa id laoreet elementum - varius blandit fermentum.\n\n	2013-02-07 16:00:00	44	14
9	Elit lorem nisi quis litora erat nam: adipiscing molestie sit.\n\n	2013-02-02 23:00:00	30	71
22	Cursus libero Proin fusce id quam tellus elementum hendrerit ultrices!\n\n	2013-03-08 17:00:00	11	36
23	Nostra cursus dapibus tincidunt pretium nam platea: placerat nisl venenatis!\n\n	2013-05-03 18:00:00	100	75
32	Suspendisse nisi Tempor dictumst massa vestibulum eu pulvinar donec hac?\n\n	2013-06-05 18:00:00	95	45
35	Vehicula dapibus nascetur enim metus parturient; odio auctor aliquam ligula.\n\n	2013-03-06 12:00:00	8	94
39	Cubilia tincidunt litora aenean primis nullam laoreet mollis et lacinia?\n\n	2013-01-07 12:00:00	58	3
40	Convallis cursus ut tempus erat faucibus - eros cum fames sit.\n\n	2013-05-04 05:00:00	70	38
42	Penatibus nisi magnis neque ad mauris dignissim tellus praesent vivamus.\n\n	2013-02-06 14:00:00	74	69
43	Curae accumsan condimentum aenean erat eu posuere elementum; odio venenatis.\n\n	2013-02-05 06:00:00	78	81
51	Vitae cubilia luctus ut torquent malesuada erat viverra risus fermentum.\n\n	2013-07-08 15:00:00	78	100
54	Curae cursus scelerisque luctus mauris vestibulum cum hendrerit: mattis odio.\n\n	2013-08-01 00:00:00	22	19
57	Maecenas velit pellentesque erat fusce enim - facilisi facilisis felis vivamus.\n\n	2013-04-08 03:00:00	98	22
62	Maecenas neque Sollicitudin mi enim bibendum hac parturient habitant odio.\n\n	2013-02-06 11:00:00	29	95
64	Proin vestibulum bibendum sagittis facilisi iaculis ultricies venenatis sit ridiculus.\n\n	2013-04-03 14:00:00	76	70
68	Elit augue quisque tempor metus duis iaculis ultrices vivamus congue.\n\n	2013-01-08 03:00:00	77	38
74	Cursus amet neque ad velit pretium eu feugiat hendrerit blandit?\n\n	2013-04-02 19:00:00	68	19
78	Urna amet luctus senectus dapibus integre sapien faucibus rhoncus mollis.\n\n	2013-09-05 04:00:00	84	75
85	Sociosqu natoque phasellus eu mi metus id imperdiet vivamus tortor.\n\n	2013-03-05 14:00:00	79	24
91	Maecenas dapibus euismod malesuada consequat imperdiet elementum, a venenatis fermentum...\n\n	2013-01-03 14:00:00	14	85
99	Convallis cras amet nisi nulla litora eget ipsum nullam tellus.\n\n	2013-06-02 19:00:00	68	41
102	Est neque integre nascetur gravida vulputate erat aptent: magna morbi.\n\n	2013-06-01 20:00:00	95	27
103	Vitae neque sodales consectetur sapien risus pharetra platea conubia ligula.\n\n	2013-01-05 11:00:00	99	33
105	Lorem diam Gravida nibh malesuada consequat porta iaculis egestas netus.\n\n	2013-06-02 10:00:00	57	24
107	Curabitur dolor lobortis pretium etiam ornare lectus facilisis laoreet at.\n\n	2013-05-05 20:00:00	9	10
110	Taciti ut Nascetur sollicitudin condimentum lobortis ipsum; turpis auctor congue...\n\n	2013-04-05 04:00:00	35	18
118	Potenti scelerisque tempus nibh ornare ipsum, posuere eros interdum ante?\n\n	2013-05-09 00:00:00	14	20
119	Cursus elit magnis dolor pellentesque litora orci aenean, molestie laoreet?\n\n	2013-01-08 06:00:00	14	59
120	Penatibus vehicula quis class phasellus sed massa torquent erat vestibulum.\n\n	2013-01-07 12:00:00	14	78
121	Suspendisse quis consectetur vestibulum mi lectus nullam facilisi eleifend morbi.\n\n	2013-06-04 13:00:00	56	98
124	Tempus pretium etiam lectus posuere ac parturient ultricies sit justo.\n\n	2013-02-07 05:00:00	11	25
127	Cubilia dictumst pretium eget vestibulum sem dignissim: mollis egestas auctor.\n\n	2013-02-01 08:00:00	79	75
129	Habitasse nostra elit potenti ut eu, enim purus ante fermentum.\n\n	2013-09-03 21:00:00	9	100
131	Libero Nisi pellentesque himenaeos metus molestie id - placerat ultricies nec.\n\n	2013-03-08 08:00:00	69	2
132	In amet fringilla non sollicitudin sagittis adipiscing platea - conubia vivamus.\n\n	2013-06-03 06:00:00	88	24
133	Elit velit semper orci fusce sem tellus iaculis; nisl fames.\n\n	2013-03-04 16:00:00	69	3
135	Fringilla quis quisque eu pharetra rhoncus donec - fames ligula morbi.\n\n	2013-05-01 18:00:00	6	64
136	Non vel Rutrum nullam duis at hendrerit fames, odio fermentum.\n\n	2013-06-09 01:00:00	18	95
137	Nostra in Natoque lacus euismod ornare viverra; platea ultrices suscipit.\n\n	2013-05-02 08:00:00	14	22
144	Integre phasellus inceptos sociis rhoncus dignissim dictum arcu dui porttitor?\n\n	2013-07-03 19:00:00	61	26
147	Habitasse cras in nunc suspendisse lacus id hac elementum mollis?\n\n	2013-06-03 23:00:00	79	36
150	Potenti senectus Phasellus proin sociis nam: enim faucibus purus praesent.\n\n	2013-06-09 04:00:00	46	26
156	Habitasse tortor augue magnis erat viverra ac habitant; mattis eleifend.\n\n	2013-08-07 19:00:00	79	27
158	Vitae nibh per eu sapien metus aptent: habitant blandit porttitor?\n\n	2013-08-06 08:00:00	8	59
165	Montes vehicula potenti luctus ut dictumst - euismod nam eget mi?\n\n	2013-01-05 15:00:00	95	86
169	Integre dolor Class gravida sodales pretium orci: id facilisi dignissim.\n\n	2013-01-06 00:00:00	48	86
175	Fringilla integre nascetur semper pellentesque enim - pulvinar cum odio suscipit?\n\n	2013-02-06 19:00:00	46	69
176	Tortor sociosqu amet curabitur nascetur tristique feugiat platea; hendrerit turpis?\n\n	2013-03-03 10:00:00	39	20
180	In taciti vel vestibulum viverra lectus; platea magna fermentum morbi.\n\n	2013-04-02 12:00:00	100	57
181	Nostra libero nunc dictumst condimentum consectetur vel, rutrum vestibulum egestas?\n\n	2013-08-08 14:00:00	18	26
185	Magnis tincidunt pretium himenaeos nam posuere, facilisi donec imperdiet arcu.\n\n	2013-08-01 03:00:00	11	51
196	Dapibus torquent enim duis magna interdum egestas blandit a ligula!\n\n	2013-04-07 13:00:00	72	75
201	Nostra magnis quisque velit gravida proin; eu primis risus feugiat.\n\n	2013-09-05 01:00:00	18	45
203	Curae amet tincidunt lacus euismod sociis fusce primis at fames.\n\n	2013-06-05 14:00:00	82	94
213	Libero nulla mauris faucibus facilisi tellus elementum arcu nec odio!\n\n	2013-06-05 00:00:00	100	47
214	Fringilla nulla volutpat lobortis ipsum id rhoncus felis, suscipit venenatis?\n\n	2013-04-05 01:00:00	39	70
215	Amet non Natoque tempor malesuada aenean ante nec auctor netus!\n\n	2013-02-06 10:00:00	2	38
226	Fringilla nisi nascetur rutrum fusce primis porta id rhoncus eros.\n\n	2013-02-01 08:00:00	29	47
227	Curae dapibus accumsan torquent malesuada proin platea at purus turpis.\n\n	2013-09-02 09:00:00	88	16
234	Senectus dolor litora ipsum leo pharetra - mollis venenatis aliquam porttitor.\n\n	2013-04-06 12:00:00	18	53
236	Suspendisse taciti scelerisque dapibus consequat fusce molestie at arcu blandit.\n\n	2013-04-08 08:00:00	9	59
238	Potenti amet Dapibus torquent malesuada sociis; dis id netus porttitor.\n\n	2013-02-01 12:00:00	41	75
239	Convallis cras suspendisse cubilia scelerisque faucibus ultrices varius - congue venenatis?\n\n	2013-07-07 10:00:00	79	24
240	Ad class vestibulum dis bibendum hac varius blandit porttitor morbi.\n\n	2013-03-06 12:00:00	8	48
244	Habitasse dapibus sem facilisis ultricies ante commodo mus suscipit fermentum.\n\n	2013-08-05 21:00:00	90	21
247	Suspendisse nascetur Nulla vestibulum mi lectus; adipiscing tellus mus morbi.\n\n	2013-09-04 21:00:00	30	47
257	Habitasse curabitur tincidunt velit sed enim iaculis dictum: purus porttitor!\n\n	2013-05-09 16:00:00	9	71
260	Urna non quisque condimentum etiam consectetur erat ac quam himenaeos!\n\n	2013-01-02 09:00:00	45	2
271	Nulla inceptos Tristique lobortis malesuada sagittis duis tellus ultricies commodo.\n\n	2013-07-02 18:00:00	2	26
274	Urna fringilla diam pellentesque massa pretium id: hac turpis ante.\n\n	2013-06-05 16:00:00	60	85
285	Natoque dapibus dolor phasellus ac eros tellus - blandit netus morbi.\n\n	2013-01-06 17:00:00	16	24
286	Convallis taciti integre phasellus nulla torquent consequat eget ante nec?\n\n	2013-09-02 07:00:00	58	19
287	Montes neque Dapibus proin bibendum dignissim platea fames odio auctor?\n\n	2013-07-06 14:00:00	72	16
289	Maecenas nisi ad nam risus dignissim, hac duis iaculis purus.\n\n	2013-03-01 09:00:00	97	80
293	Habitasse suspendisse euismod himenaeos consequat cum hendrerit, ante vivamus blandit.\n\n	2013-09-05 04:00:00	80	63
294	Montes scelerisque dapibus class sollicitudin nam viverra sagittis faucibus commodo.\n\n	2013-05-07 15:00:00	38	2
295	Elit sociosqu Scelerisque semper sollicitudin aenean enim faucibus facilisis vivamus.\n\n	2013-08-03 11:00:00	56	75
300	Est nibh mauris vestibulum eu sagittis lectus nullam - dignissim aliquam.\n\n	2013-08-06 00:00:00	77	23
302	Vehicula nisi non euismod vestibulum porta; hendrerit purus turpis ante.\n\n	2013-08-05 18:00:00	91	33
305	Nostra elit potenti torquent erat porta cum fames et aliquam.\n\n	2013-03-06 15:00:00	7	53
309	Montes accumsan velit enim porta duis hendrerit; praesent mus aliquam?\n\n	2013-08-03 18:00:00	84	19
310	Maecenas in neque natoque accumsan nam ultricies - aliquam netus justo?\n\n	2013-05-05 05:00:00	39	18
312	Lorem accumsan Himenaeos per fusce lectus elementum, ultricies ante morbi.\n\n	2013-09-02 00:00:00	41	16
314	Curabitur dolor gravida leo dignissim facilisis iaculis: parturient felis lacinia.\n\n	2013-02-01 11:00:00	95	59
317	Ut dolor nibh condimentum ornare facilisi hac dictum nisl eleifend.\n\n	2013-09-02 06:00:00	78	40
321	Nostra elit luctus aenean eget sem rhoncus habitant auctor morbi.\n\n	2013-02-06 11:00:00	95	78
327	In fringilla curabitur dolor tempor ornare sem ac aptent sit.\n\n	2013-05-05 06:00:00	88	40
337	Nostra dolor lacus aenean per sem; platea conubia et ligula?\n\n	2013-09-03 12:00:00	68	75
339	Natoque eu ipsum feugiat laoreet mollis commodo felis odio ligula...\n\n	2013-07-06 10:00:00	69	18
340	Tortor cursus pretium himenaeos ornare ipsum dis; enim vivamus venenatis.\n\n	2013-04-09 20:00:00	6	100
347	Nunc taciti class phasellus tempor leo; molestie rhoncus at aliquam.\n\n	2013-08-06 18:00:00	14	63
350	Augue magnis sed ullamcorper rutrum sapien habitant, ante sit fermentum.\n\n	2013-09-03 23:00:00	10	24
359	Taciti senectus Diam viverra porta risus feugiat nisl - et odio!\n\n	2013-03-01 21:00:00	10	48
360	Lorem non Natoque vulputate aenean vestibulum mi pulvinar molestie dignissim.\n\n	2013-09-01 03:00:00	60	95
362	Tincidunt accumsan massa porta hac tellus magna: dui suscipit justo.\n\n	2013-09-01 13:00:00	84	80
370	Amet ad tincidunt tempus lobortis porta dignissim laoreet et varius.\n\n	2013-04-04 19:00:00	62	59
372	Est Suspendisse tristique nibh vel lectus auctor varius congue justo?\n\n	2013-08-06 20:00:00	95	79
373	Convallis urna Sociosqu ad pellentesque pharetra pulvinar rhoncus mollis nisl!\n\n	2013-01-02 07:00:00	1	22
377	Penatibus habitasse Diam class lobortis metus pharetra facilisis, platea et?\n\n	2013-09-05 09:00:00	7	92
383	In magnis neque euismod pretium sem mi ipsum felis sit.\n\n	2013-02-06 10:00:00	90	27
386	Suspendisse cubilia ad ut rutrum enim dignissim - parturient eleifend fermentum!\n\n	2013-09-09 23:00:00	7	100
396	Taciti luctus lacus erat nam mi metus: magna dictum blandit.\n\n	2013-05-07 03:00:00	48	20
397	Nunc Velit tempus torquent rutrum leo aptent elementum ante porttitor.\n\n	2013-02-09 19:00:00	60	100
404	Vehicula sociosqu nisi ullamcorper risus faucibus rhoncus imperdiet at blandit?\n\n	2013-01-05 06:00:00	8	25
413	Taciti luctus Neque curabitur sociis enim placerat: elementum dictum aliquam.\n\n	2013-09-02 03:00:00	72	80
419	Amet gravida per erat aptent hac magna ultrices dui justo.\n\n	2013-03-04 20:00:00	6	95
421	Scelerisque sollicitudin mauris aenean eget bibendum: duis hendrerit commodo ridiculus.\n\n	2013-02-03 05:00:00	72	70
422	Senectus diam phasellus tempor semper sociis posuere pulvinar magna auctor.\n\n	2013-02-06 15:00:00	18	64
423	Penatibus sociosqu Class inceptos sed lobortis; conubia varius suscipit justo.\n\n	2013-09-04 08:00:00	38	75
426	Habitasse suspendisse tempor inceptos gravida volutpat etiam eget nullam ridiculus.\n\n	2013-07-06 03:00:00	29	14
431	Cras scelerisque class phasellus semper etiam consectetur rutrum primis metus.\n\n	2013-01-07 03:00:00	34	63
433	Montes dolor diam gravida consectetur leo metus - facilisi praesent ultrices.\n\n	2013-03-03 12:00:00	84	18
435	Sociosqu dolor aliquet torquent proin vestibulum bibendum ultricies vivamus sit.\n\n	2013-08-04 10:00:00	11	25
436	Habitasse accumsan Massa leo bibendum risus rhoncus; auctor suscipit ridiculus...\n\n	2013-05-01 17:00:00	95	55
444	Ut integre nulla aliquet litora fusce sem donec duis odio.\n\n	2013-06-09 23:00:00	88	25
449	Est scelerisque luctus litora torquent vel eget - pharetra ultrices fermentum?\n\n	2013-01-08 03:00:00	67	39
452	Scelerisque sodales proin aenean consequat leo aptent iaculis ante dui.\n\n	2013-01-05 12:00:00	45	26
464	Cursus luctus Gravida semper dictumst vestibulum adipiscing rhoncus aptent ultrices.\n\n	2013-06-01 09:00:00	1	15
467	Montes tristique litora sapien dignissim aptent cum; at vivamus elit...\n\n	2013-03-03 16:00:00	14	64
468	Nostra libero quisque euismod ullamcorper dis metus laoreet ultricies fames.\n\n	2013-02-08 19:00:00	18	39
471	Vitae sociosqu fringilla velit tempus gravida etiam mauris hendrerit justo.\n\n	2013-01-08 06:00:00	78	23
473	Scelerisque curabitur Sodales sagittis posuere pulvinar dignissim quam fames sit?\n\n	2013-02-06 18:00:00	9	35
476	Potenti sed massa nam placerat mollis nisl ante mus congue!\n\n	2013-04-02 13:00:00	69	52
478	Nostra luctus aliquet enim pulvinar facilisi aptent parturient et class.\n\n	2013-02-09 18:00:00	41	64
482	Penatibus dapibus curabitur lacus proin ullamcorper viverra, cum turpis netus.\n\n	2013-08-02 00:00:00	15	51
484	Tortor amet Neque ut pellentesque vel; sapien ac rhoncus facilisis.\n\n	2013-09-02 04:00:00	11	33
486	Maecenas nunc taciti sapien primis faucibus donec mollis: purus odio?\n\n	2013-08-03 17:00:00	90	51
487	Convallis in Accumsan gravida nibh pretium ipsum - et mattis felis.\n\n	2013-01-01 08:00:00	15	36
489	Curae lorem Nisi sollicitudin consectetur porta adipiscing feugiat platea habitant.\n\n	2013-06-05 16:00:00	14	75
493	Augue scelerisque dolor sollicitudin condimentum fusce sagittis imperdiet, interdum id...\n\n	2013-06-03 12:00:00	58	78
495	Tortor scelerisque senectus pretium consequat viverra bibendum habitant blandit nam.\n\n	2013-04-09 05:00:00	72	57
498	Habitasse fringilla suspendisse ad nascetur class primis leo conubia justo.\n\n	2013-01-01 16:00:00	68	39
499	Urna class Sollicitudin erat eu rhoncus; at ultrices odio sit.\n\n	2013-02-01 05:00:00	48	78
502	Augue Natoque nibh mauris consectetur rutrum leo dis duis felis.\n\n	2013-02-09 19:00:00	72	57
503	Natoque phasellus Vulputate rutrum adipiscing quam tellus elementum, hendrerit ligula?\n\n	2013-01-09 21:00:00	39	15
504	Tortor augue dolor dictumst tristique sollicitudin massa: vestibulum hac dictum?\n\n	2013-01-03 19:00:00	90	74
507	Vitae semper sed euismod sociis ullamcorper eu id ante blandit.\n\n	2013-05-01 12:00:00	77	95
516	Vehicula quisque dapibus pellentesque lectus pulvinar dictum mattis ligula porttitor.\n\n	2013-07-06 16:00:00	70	53
518	Quis litora nibh lobortis consequat mi bibendum posuere facilisi eleifend?\n\n	2013-05-05 22:00:00	45	21
524	Maecenas elit senectus mi bibendum elementum et felis nec aliquam.\n\n	2013-05-09 06:00:00	77	94
525	Penatibus habitasse scelerisque luctus natoque ad litora fames mus porttitor?\n\n	2013-05-01 03:00:00	62	3
531	Cubilia ad Accumsan class lobortis proin aenean; dis ligula fermentum...\n\n	2013-02-06 08:00:00	39	79
532	Sociosqu nulla gravida torquent etiam vel facilisi; laoreet dictum ridiculus.\n\n	2013-03-09 15:00:00	84	55
537	Vehicula nisi dolor nulla volutpat euismod eros duis; magna habitant.\n\n	2013-01-03 01:00:00	68	40
538	Sociosqu scelerisque quisque sem dis posuere adipiscing cum varius suscipit.\n\n	2013-03-07 01:00:00	100	15
539	Penatibus nibh per mi lectus facilisi imperdiet conubia interdum nec.\n\n	2013-02-02 05:00:00	60	65
546	Penatibus ad ut velit gravida lobortis metus rhoncus mollis habitant?\n\n	2013-02-08 12:00:00	29	92
547	Cubilia phasellus tempor sed nibh ullamcorper at; elementum hendrerit auctor...\n\n	2013-09-01 16:00:00	15	92
548	Maecenas taciti phasellus lacus lobortis mauris eget primis ac sit.\n\n	2013-03-01 03:00:00	38	36
549	Magnis tristique vulputate etiam erat nullam faucibus tellus arcu ridiculus...\n\n	2013-07-05 22:00:00	77	36
554	Cubilia ut lacus sociis vel erat - nam eu duis mollis.\n\n	2013-05-06 08:00:00	45	85
555	Est nostra Elit diam torquent etiam consectetur ornare - sapien imperdiet.\n\n	2013-04-06 22:00:00	46	15
556	Maecenas tortor natoque integre curabitur consequat conubia: mattis congue sit?\n\n	2013-07-02 22:00:00	1	23
557	Taciti ad dapibus condimentum etiam mauris faucibus mollis parturient varius.\n\n	2013-08-09 00:00:00	100	46
563	Libero Ut litora etiam aenean fusce viverra - nullam at congue.\n\n	2013-09-07 18:00:00	74	96
566	Luctus diam dictumst litora mi nullam: placerat hendrerit turpis lacinia.\n\n	2013-09-03 07:00:00	95	32
577	Urna quis senectus quisque curabitur gravida rutrum fusce imperdiet fames.\n\n	2013-09-09 23:00:00	98	78
584	Est class pellentesque ullamcorper lectus nullam, duis iaculis arcu ante.\n\n	2013-02-04 03:00:00	9	39
585	Sociosqu Volutpat sem dis nullam adipiscing dignissim aptent egestas lacinia.\n\n	2013-02-05 12:00:00	97	74
587	Integre tincidunt Lacus sodales vulputate lectus quam: at ligula justo.\n\n	2013-06-04 02:00:00	58	74
594	Nascetur gravida pellentesque ullamcorper vestibulum eu adipiscing facilisi, facilisis laoreet?\n\n	2013-09-04 04:00:00	9	15
597	Nostra quis himenaeos bibendum pharetra facilisi tellus placerat magna ridiculus.\n\n	2013-05-01 18:00:00	80	15
602	Maecenas potenti libero scelerisque volutpat sapien, lectus cum varius morbi...\n\n	2013-01-01 05:00:00	10	47
607	Curae tortor sociosqu accumsan euismod vel nam lectus: placerat parturient?\n\n	2013-09-01 22:00:00	7	45
608	Nunc suspendisse Magnis phasellus vestibulum fames et mattis - felis eleifend.\n\n	2013-03-05 04:00:00	30	38
609	Convallis in Taciti non luctus tristique lacus ipsum commodo suscipit.\n\n	2013-06-03 00:00:00	98	92
615	Quis semper sed pretium orci porta cum mollis praesent vivamus.\n\n	2013-05-06 19:00:00	6	51
619	Cras nascetur sociis sem nullam feugiat placerat; fames lacinia porttitor.\n\n	2013-07-04 15:00:00	14	25
623	Convallis luctus Massa sodales erat duis elementum mattis auctor lacinia.\n\n	2013-01-03 21:00:00	95	24
625	Curae habitasse tortor elit aliquet primis bibendum sagittis praesent lacinia.\n\n	2013-01-04 16:00:00	9	19
626	Est libero cubilia ut pretium orci consequat sagittis fames lacinia.\n\n	2013-06-03 13:00:00	60	69
634	Cursus cras ut litora pretium ullamcorper ipsum, viverra fames eleifend!\n\n	2013-07-07 20:00:00	58	95
635	Euismod condimentum mauris nam pharetra molestie feugiat turpis habitant odio?\n\n	2013-02-02 16:00:00	68	2
637	Cubilia neque Curabitur massa pretium risus nisl habitant - fames commodo!\n\n	2013-02-08 19:00:00	45	86
653	Vehicula non ad aenean primis facilisi laoreet arcu interdum vivamus.\n\n	2013-01-02 14:00:00	84	51
656	Urna Cras in quisque etiam molestie facilisis; laoreet varius suscipit.\n\n	2013-09-06 13:00:00	69	57
666	Penatibus tortor Tristique sed enim viverra faucibus, donec quam congue...\n\n	2013-04-06 08:00:00	39	10
672	Taciti integre Velit class euismod malesuada quam purus, auctor morbi!\n\n	2013-05-03 06:00:00	91	92
678	Penatibus libero neque nibh leo conubia turpis, varius eleifend sit.\n\n	2013-09-06 20:00:00	15	81
682	Sociosqu cubilia augue inceptos dictumst vulputate facilisi laoreet mollis ridiculus.\n\n	2013-07-02 15:00:00	79	48
689	Suspendisse quis Tempus fusce placerat mollis, magna suscipit eleifend porttitor.\n\n	2013-07-08 16:00:00	8	35
690	Lorem fringilla lobortis per fusce eu nullam ac duis feugiat?\n\n	2013-06-08 07:00:00	76	69
695	Curae litora malesuada consectetur eget posuere id ultricies interdum egestas!\n\n	2013-07-04 21:00:00	67	79
699	Curae fringilla senectus sociis praesent egestas - vivamus auctor sit netus.\n\n	2013-06-06 11:00:00	88	47
702	Urna quis gravida pretium per erat lectus duis facilisis arcu.\n\n	2013-08-01 06:00:00	62	35
704	Suspendisse nisi tincidunt dictumst vel ullamcorper: consequat tellus ultricies netus.\n\n	2013-02-04 00:00:00	77	22
707	Vehicula tincidunt semper dictumst sociis sapien sagittis tellus habitant auctor.\n\n	2013-02-07 14:00:00	7	35
708	Curabitur pretium Per ullamcorper ornare elementum egestas blandit a venenatis.\n\n	2013-03-02 17:00:00	79	94
720	Tortor cras non quisque ut volutpat pellentesque proin ridiculus ligula.\n\n	2013-09-07 06:00:00	9	69
723	Sociosqu amet quisque tristique nullam rhoncus platea tellus et morbi.\n\n	2013-05-05 00:00:00	56	94
728	Potenti quisque Class sed condimentum lobortis eros placerat hendrerit ridiculus.\n\n	2013-05-04 21:00:00	100	32
734	In suspendisse Dolor euismod erat enim platea ante nec enim.\n\n	2013-07-06 01:00:00	48	75
738	Vitae neque curabitur tincidunt litora lobortis primis eros et nec.\n\n	2013-09-06 21:00:00	14	98
743	Cras cubilia senectus tempor inceptos massa vulputate sociis - felis ridiculus.\n\n	2013-01-08 05:00:00	72	92
751	Ut litora sodales faucibus molestie laoreet mollis, turpis nisl blandit.\n\n	2013-08-04 14:00:00	61	27
754	Habitasse augue etiam fusce eu ac: elementum egestas congue lacinia.\n\n	2013-04-09 03:00:00	77	70
755	Habitasse cursus potenti nulla ullamcorper posuere fames, egestas et aliquam.\n\n	2013-09-02 02:00:00	30	3
759	Nostra montes nisi luctus quis volutpat rutrum lectus mattis netus.\n\n	2013-05-01 20:00:00	7	38
771	Nulla lacus eu duis feugiat turpis egestas vivamus blandit justo?\n\n	2013-07-01 08:00:00	78	96
774	Penatibus luctus natoque quis integre orci erat fusce varius morbi?\n\n	2013-09-06 02:00:00	1	59
782	Neque fusce eros hac tellus fames - mattis varius aliquam morbi.\n\n	2013-01-09 15:00:00	7	70
790	Elit fringilla sed sociis viverra molestie: aptent ultricies nisl accumsan.\n\n	2013-01-05 21:00:00	82	85
791	Amet litora condimentum lobortis proin aptent conubia nisl: fames ligula?\n\n	2013-09-02 19:00:00	58	70
798	In augue vulputate vel porta bibendum egestas - mattis blandit aliquam?\n\n	2013-08-06 17:00:00	62	100
801	Libero integre diam aenean mi sagittis feugiat imperdiet; laoreet parturient!\n\n	2013-05-01 00:00:00	11	85
805	Luctus accumsan Tristique sociis ullamcorper lectus purus ante mattis varius.\n\n	2013-07-03 01:00:00	15	3
809	Nunc neque Dapibus nascetur semper nullam; laoreet egestas et ligula...\n\n	2013-09-07 08:00:00	15	10
811	Potenti libero cubilia luctus accumsan donec facilisis fames commodo felis.\n\n	2013-02-09 11:00:00	79	33
813	Cubilia ut litora rutrum viverra pharetra mollis praesent egestas justo.\n\n	2013-04-04 01:00:00	97	64
817	Penatibus tincidunt tristique lacus fusce adipiscing duis at sit fermentum.\n\n	2013-01-07 20:00:00	84	81
820	Urna nulla inceptos orci malesuada ipsum posuere commodo ligula morbi.\n\n	2013-01-05 22:00:00	45	71
835	Tortor potenti curabitur pellentesque primis posuere dignissim hac facilisis habitant.\n\n	2013-05-04 05:00:00	100	14
837	Montes sociosqu lorem suspendisse tempor inceptos gravida lectus purus ante...\n\n	2013-04-05 12:00:00	72	19
845	Montes sociosqu condimentum consectetur nam ipsum cum turpis varius lacinia.\n\n	2013-07-07 04:00:00	10	95
850	Sociosqu amet nisi ullamcorper sem ipsum - leo posuere duis laoreet?\n\n	2013-09-06 10:00:00	11	23
851	Suspendisse nisi quis velit gravida proin; ullamcorper aptent conubia dui.\n\n	2013-03-09 02:00:00	78	41
857	Scelerisque tempus Proin sagittis nullam donec - et dui varius suscipit.\n\n	2013-05-09 11:00:00	39	24
861	Vitae sociosqu in libero natoque massa sem pharetra ultricies blandit...\n\n	2013-06-06 03:00:00	18	71
862	Potenti neque mi leo praesent egestas vivamus congue venenatis porttitor...\n\n	2013-08-03 21:00:00	14	25
864	Penatibus senectus sollicitudin malesuada ornare fusce ipsum suscipit ridiculus morbi?\n\n	2013-04-03 22:00:00	14	75
873	Tortor Libero suspendisse quisque velit litora faucibus laoreet placerat orci.\n\n	2013-08-09 20:00:00	11	96
876	Penatibus urna integre accumsan euismod sociis praesent habitant; nec morbi!\n\n	2013-06-02 13:00:00	2	57
887	Lorem potenti Tempor volutpat nibh sodales torquent: facilisi suscipit aliquam.\n\n	2013-08-05 02:00:00	68	33
889	Sociosqu lorem sollicitudin metus quam arcu - felis nec odio sit.\n\n	2013-08-04 10:00:00	69	39
891	Tortor nunc gravida dictumst mauris porta - adipiscing eleifend aliquam lacinia?\n\n	2013-01-01 08:00:00	80	64
899	Suspendisse nisi lacus mi tellus magna purus habitant fames et!\n\n	2013-01-01 20:00:00	48	23
905	Lorem velit class tempor volutpat proin ullamcorper - nam adipiscing netus?\n\n	2013-07-07 22:00:00	98	23
908	Cras augue sed risus faucibus eros facilisis magna commodo blandit.\n\n	2013-06-02 15:00:00	90	27
909	Vitae cursus luctus inceptos himenaeos rutrum enim viverra conubia auctor.\n\n	2013-03-07 07:00:00	88	85
912	Est amet Nunc sed torquent molestie facilisis at nisl ultrices?\n\n	2013-05-07 12:00:00	15	48
914	Cras vehicula amet ad ut condimentum pretium aptent - cum tellus.\n\n	2013-06-09 23:00:00	15	52
917	Curae penatibus nunc nascetur sed sem; elementum commodo nec ligula.\n\n	2013-07-01 11:00:00	77	24
921	Lorem scelerisque natoque senectus dictumst lacus himenaeos nam pharetra rhoncus.\n\n	2013-04-07 11:00:00	29	33
923	Ut phasellus Inceptos sed nibh viverra adipiscing varius: ligula morbi.\n\n	2013-05-05 23:00:00	8	26
927	Vehicula potenti Luctus tristique torquent dis porta rhoncus magna ultrices.\n\n	2013-09-06 23:00:00	70	26
930	Libero natoque Torquent vulputate per enim; pulvinar eros odio lacinia.\n\n	2013-01-01 10:00:00	98	45
931	Tincidunt accumsan tempus tempor per pulvinar id dictum ridiculus porttitor.\n\n	2013-09-09 19:00:00	2	75
933	Penatibus neque quisque tincidunt euismod ullamcorper vestibulum vivamus auctor aliquam.\n\n	2013-04-01 01:00:00	69	10
934	Vehicula libero neque mauris nullam posuere; facilisis placerat turpis aliquam.\n\n	2013-06-08 06:00:00	48	96
939	Habitasse montes magnis torquent consectetur dis egestas nec a lacinia.\n\n	2013-07-08 03:00:00	18	39
940	Nisi luctus volutpat aliquet malesuada posuere id eros, hac purus.\n\n	2013-05-01 21:00:00	70	94
942	Maecenas vestibulum Ipsum iaculis parturient blandit venenatis ridiculus - netus fermentum.\n\n	2013-09-02 04:00:00	7	65
946	Maecenas urna tempus himenaeos nullam hac tellus laoreet sit morbi...\n\n	2013-08-06 21:00:00	91	52
950	Potenti fringilla nunc quisque ante nec dui sit; fermentum porttitor.\n\n	2013-06-07 07:00:00	7	45
955	Potenti libero quisque class lacus vel imperdiet tellus at interdum.\n\n	2013-06-09 23:00:00	56	47
961	Est taciti quis nulla inceptos sollicitudin malesuada aenean; et venenatis.\n\n	2013-03-02 12:00:00	48	79
963	Fringilla senectus dapibus litora pretium nam ipsum enim risus at.\n\n	2013-03-02 14:00:00	77	21
966	Suspendisse sollicitudin dignissim quam facilisis imperdiet mollis interdum fames varius.\n\n	2013-07-04 19:00:00	58	96
970	Vehicula nascetur torquent sem ac et ante mattis commodo congue.\n\n	2013-01-01 23:00:00	78	24
979	Nisi dapibus pellentesque lobortis pretium vulputate pulvinar placerat egestas odio.\n\n	2013-06-05 17:00:00	45	23
980	Lorem senectus ad tristique vulputate eu ipsum leo magna venenatis.\n\n	2013-07-08 06:00:00	84	65
986	Neque quis curabitur aliquet sapien donec at: arcu fames imperdiet.\n\n	2013-06-03 08:00:00	15	51
990	Suspendisse senectus curabitur inceptos per id hac laoreet commodo netus.\n\n	2013-02-02 17:00:00	57	48
991	Lorem volutpat Aenean porta rhoncus laoreet et felis congue sit.\n\n	2013-04-05 15:00:00	78	80
999	Habitasse libero Dolor torquent eget sapien molestie parturient commodo porta.\n\n	2013-04-06 01:00:00	45	80
1000	Elit amet nulla aenean ullamcorper viverra ante dui, eleifend porttitor.	2013-04-05 00:00:00	84	74
\.


--
-- Name: Question_QuestionID_seq; Type: SEQUENCE SET; Schema: public; Owner: postgres
--

SELECT pg_catalog.setval('"Question_QuestionID_seq"', 1000, true);


--
-- Data for Name: Review; Type: TABLE DATA; Schema: public; Owner: postgres
--

COPY "Review" ("ReviewID", "ServiceID", "CustomerUserID", "Content", "Rating", "Timestamp", "ServiceProviderUserID", "UpVotes", "DownVotes") FROM stdin;
14814	45	48	We have experienced this service provider a few times in the past. The workers are very cooperative. I would stongly recommend willing customers to try.	1	2013-03-08 17:30:00	45	3	2
14759	31	41	I have tried this service provider never before. These people take pride in providing best service. I would stongly recommend people to go here.	1	2013-05-05 01:22:00	48	3	3
14747	86	79	I am using this portal to express my opinion about the service review on this portal. These people are not as good as they publicise.	0	2013-01-01 03:22:00	69	4	5
14768	17	97	I have experienced this type of service many times in the past. I feel like sharing the service experience here. These people put customers on high pedestal. I would recommend this service.	0	2013-04-04 12:23:00	18	1	2
14883	223	95	I should share the experience here. The staff are not as good as they publicise.	1	2013-03-02 20:49:00	81	5	3
14887	36	9	I want to mention the service experience on this portal. The people here are very cooperative.	2	2013-03-07 22:11:00	51	2	2
14750	73	61	We have tried this type of service a few times before. The workers are not as good as they publicise. I would never recommend willing people to give them a chance.	1	2013-08-03 11:45:00	23	5	5
14880	42	2	We have experienced this service provider never before. The workers have a very good customer care. I would never recommend this service.	3	2013-05-09 13:21:00	48	3	4
14876	137	30	We gave a try to this service provider never in the past. The workers are very cooperative. I want to recommend this service.	3	2013-01-04 12:54:00	71	4	4
14769	165	39	These people take pride in providing best service. I would never recommend people to go here.	4	2013-09-01 00:25:00	27	0	2
14888	138	9	I have experienced this type of service many times in the past. I am using this portal to express my opinion about the service review here. These people are very irritating. I would never recommend willing customers to try.	4	2013-06-01 12:37:00	79	3	4
14791	158	45	I feel like sharing the experience on this website. The managers are very cooperative.	5	2013-04-01 19:15:00	59	0	1
14789	159	76	I have experienced this type of service many times before. I am writing the experience here. The staff take pride in providing best service. I would never recommend this service provider.	0	2013-04-03 21:10:00	94	0	3
14746	49	29	I have experienced this type of service never in the past. These people take pride in providing best service. I would stongly recommend willing people to give them a chance.	4	2013-09-07 14:27:00	39	3	3
14919	399	14	We have experienced this type of service a few times in the past. These people are not as good as they publicise. I would stongly recommend willing people to give them a chance.	0	2013-02-02 16:30:00	18	4	3
14760	157	82	I have experienced this type of service many times in the past. I am using this portal to express my opinion about the service review here. These people are very irritating. I would never recommend willing customers to try.	4	2013-08-07 20:44:00	32	3	3
14886	16	58	The staff are not as good as they publicise. I would recommend willing people to give them a chance.	3	2013-09-05 00:55:00	38	2	3
14802	82	72	I have experienced this type of service never in the past. The people here give the best possible service. I would stongly recommend people to go here.	0	2013-07-04 21:54:00	23	5	4
14773	233	7	I feel like sharing the experience on this website. The people here put customers on high pedestal.	3	2013-01-05 15:52:00	65	4	0
14861	5	56	These people take pride in providing best service. I would never recommend people to go here.	4	2013-05-08 23:25:00	79	1	3
14770	103	80	I am using this portal to express my opinion about the service experience on this portal. The people here put customers on high pedestal.	0	2013-08-07 19:42:00	48	4	1
14744	29	35	I have tried this type of service never before. The workers take pride in providing best service. I would stongly recommend willing people to give them a chance.	4	2013-05-06 14:34:00	53	2	5
14764	245	70	The workers take pride in providing best service. I would never recommend willing people to give them a chance.	2	2013-03-06 09:40:00	55	4	2
14767	107	10	We have experienced this type of service never in the past. The managers take pride in providing best service. I would stongly recommend people to go here.	4	2013-02-04 13:15:00	26	5	4
14933	67	72	The people here have a very good customer care. I would stongly recommend people to go here.	3	2013-02-08 03:55:00	59	1	3
14752	200	14	We have experienced this service provider a few times before. I am sharing the service experience via ConcumerConnect. The staff put customers on high pedestal. I would stongly recommend people to go here.	1	2013-03-05 11:14:00	35	4	2
14749	123	91	I have tried this type of service never in the past. I must mention the service experience on this portal. The managers take pride in providing best service. I would recommend people to go here.	2	2013-09-07 01:11:00	48	1	1
14754	57	69	I have experienced this type of service many times in the past. I feel like sharing the incident on this portal. The workers put customers on high pedestal. I would never recommend willing customers to try.	1	2013-02-07 03:46:00	81	1	2
14788	157	95	I want to mention the incident on this website. The people here have a very good customer care.	4	2013-03-09 05:29:00	32	6	2
14915	171	29	I gave a try to this type of service never before. I think I should write the incident here. The staff give the best possible service. I would stongly recommend this service.	2	2013-02-02 20:21:00	10	6	1
14757	117	15	I am using this portal to express my opinion about the service experience on this website. The people here are very irritating.	2	2013-03-09 08:33:00	55	5	2
14742	18	34	The workers take pride in providing best service. I would never recommend willing people to give them a chance.	2	2013-06-04 08:11:00	38	2	1
14740	46	67	I want to mention the service experience on this portal. The people here are very cooperative.	2	2013-05-08 06:37:00	69	2	4
14753	119	62	These people take pride in providing best service. I would recommend willing customers to try.	5	2013-03-02 03:46:00	32	4	4
15003	240	80	The workers take pride in providing best service. I would recommend willing customers to try.	3	2013-06-02 10:44:00	33	0	0
14800	5	68	We have experienced this service provider a few times before. I think I should write the service review here. The managers take pride in providing best service. I want to recommend people to go here.	1	2013-08-09 08:34:00	79	4	7
14831	172	44	The staff have a very good customer care. I want to recommend willing people to give them a chance.	2	2013-01-09 11:39:00	96	0	3
14903	24	7	We gave a try to this service provider never in the past. I am using this portal to express my opinion about the incident via ConcumerConnect. These people put customers on high pedestal. I highly recommend this service.	1	2013-01-05 07:43:00	92	3	2
14797	250	74	I gave a try to this service provider never before. These people are very irritating. I would stongly recommend this service.	1	2013-05-07 13:45:00	95	0	3
14806	231	34	The people here have a very good customer care. I would stongly recommend people to go here.	3	2013-04-09 18:39:00	80	2	8
14851	226	2	The managers have a very good customer care. I would stongly recommend this service.	5	2013-08-08 13:18:00	52	4	3
14810	399	2	I have tried this service provider a few times in the past. These people are very cooperative. I want to recommend willing customers to try.	1	2013-05-08 14:40:00	24	6	6
14899	43	68	The staff take pride in providing best service. I would never recommend willing customers to try.	1	2013-05-03 18:51:00	32	5	3
14811	381	69	We gave a try to this service provider many times before. I feel like sharing the experience via ConcumerConnect. The staff are not as good as they publicise. I would stongly recommend willing people to give them a chance.	3	2013-07-02 07:51:00	100	5	3
14799	28	70	I have tried this type of service never before. The managers are very irritating. I want to recommend people to go here.	5	2013-02-09 02:47:00	51	2	4
14890	250	9	I have experienced this type of service many times before. I am writing the experience here. The staff take pride in providing best service. I would never recommend this service provider.	0	2013-01-08 13:40:00	36	3	2
14868	172	1	I want to mention the incident via ConcumerConnect. The workers have a very good customer care.	1	2013-02-09 11:33:00	98	3	4
14830	242	77	I should share the incident on this portal. The people here are not as good as they publicise.	3	2013-09-02 21:19:00	10	4	2
14793	172	57	We have experienced this service provider never in the past. The workers are not as good as they publicise. I would recommend willing people to give them a chance.	4	2013-07-06 15:24:00	96	4	1
14782	149	9	The staff have a very good customer care. I want to recommend this service provider.	5	2013-06-07 07:42:00	53	5	4
14783	171	90	The people here put customers on high pedestal. I would recommend people to go here.	4	2013-07-01 00:33:00	21	3	4
14838	100	9	The people here put customers on high pedestal. I would recommend people to go here.	4	2013-09-04 09:48:00	45	5	3
14916	376	67	We have tried this type of service never in the past. I am writing the incident on this website. The people here put customers on high pedestal. I want to recommend this service provider.	4	2013-08-04 00:22:00	79	4	5
14803	158	11	I have experienced this service provider many times before. These people are not as good as they publicise. I would never recommend willing customers to try.	1	2013-01-06 17:28:00	59	4	3
14985	150	100	I have experienced this type of service never before. I am using this portal to express my opinion about the incident on this portal. The managers are not as good as they publicise. I want to recommend willing people to give them a chance.	1	2013-02-08 20:15:00	14	7	4
14819	84	18	The workers take pride in providing best service. I would recommend willing customers to try.	3	2013-08-02 09:15:00	70	2	2
14774	45	35	The people here are not as good as they publicise. I highly recommend this service.	5	2013-06-05 11:54:00	45	2	3
14842	165	14	The managers take pride in providing best service. I highly recommend this service provider.	3	2013-09-01 18:15:00	79	4	3
14823	200	70	I have experienced this type of service never before. I am writing the experience on this portal. The workers put customers on high pedestal. I would recommend willing customers to try.	1	2013-01-06 21:41:00	35	4	3
14796	23	56	The staff take pride in providing best service. I would never recommend willing customers to try.	1	2013-03-06 04:11:00	95	2	3
14822	238	46	I want to mention the experience via ConcumerConnect. The staff have a very good customer care.	4	2013-08-08 10:30:00	63	3	7
14839	242	82	We have experienced this service provider never before. The workers have a very good customer care. I would never recommend this service.	3	2013-01-01 04:39:00	10	1	3
14918	123	39	We have tried this type of service never in the past. I am writing the incident on this website. The people here put customers on high pedestal. I want to recommend this service provider.	4	2013-01-07 02:10:00	24	0	1
14911	187	16	The managers have a very good customer care. I would stongly recommend this service.	5	2013-03-07 18:41:00	75	3	5
14809	240	77	We gave a try to this service provider a few times before. I am sharing the experience on this portal. The managers are not as good as they publicise. I highly recommend willing people to give them a chance.	1	2013-07-01 15:53:00	33	2	6
14841	115	72	The people here put customers on high pedestal. I would recommend willing people to give them a chance.	3	2013-01-08 04:41:00	71	1	1
14955	31	67	The people here put customers on high pedestal. I highly recommend this service.	4	2013-09-06 09:32:00	92	3	4
14827	17	48	The workers are not as good as they publicise. I would never recommend willing people to give them a chance.	5	2013-04-09 17:37:00	18	4	2
14923	221	57	These people are very irritating. I want to recommend people to go here.	2	2013-05-06 15:19:00	15	6	2
14808	245	79	The staff have a very good customer care. I want to recommend this service provider.	5	2013-05-03 22:55:00	55	5	0
14956	53	35	We gave a try to this type of service never before. I must mention the experience on this website. These people are not as good as they publicise. I want to recommend willing customers to try.	1	2013-09-09 05:53:00	94	0	0
15081	84	46	I have tried this service provider never in the past. The workers are very irritating. I want to recommend this service.	5	2013-03-09 09:34:00	70	0	0
15180	191	79	I feel like sharing the experience on this website. The managers are very cooperative.	5	2013-09-01 18:46:00	80	0	0
14847	73	29	I think I should write the experience via ConcumerConnect. The people here have a very good customer care.	5	2013-05-03 04:34:00	23	5	3
14859	381	98	The workers put customers on high pedestal. I would never recommend willing people to give them a chance.	3	2013-08-05 12:49:00	81	4	3
14962	54	70	We have experienced this type of service never in the past. The managers take pride in providing best service. I would stongly recommend people to go here.	4	2013-06-04 18:18:00	36	5	5
14939	245	70	I have experienced this service provider a few times before. I should share the experience on this portal. The workers give the best possible service. I would never recommend this service provider.	1	2013-08-06 05:22:00	55	6	1
14981	181	6	We have tried this type of service a few times before. The managers are not as good as they publicise. I highly recommend willing people to give them a chance.	3	2013-06-07 21:36:00	23	4	5
14935	33	45	The managers have a very good customer care. I would recommend willing people to give them a chance.	4	2013-07-09 16:29:00	74	3	3
14828	247	30	These people take pride in providing best service. I would never recommend people to go here.	4	2013-08-05 00:33:00	79	2	3
14910	121	48	I have tried this service provider never in the past. The managers give the best possible service. I would recommend willing people to give them a chance.	1	2013-06-04 16:27:00	38	4	2
14940	135	60	We have tried this type of service many times in the past. I want to mention the incident here. The staff put customers on high pedestal. I would never recommend willing customers to try.	0	2013-06-02 18:28:00	21	2	2
14826	156	72	The people here have a very good customer care. I would never recommend willing customers to try.	1	2013-02-02 05:12:00	69	3	2
14947	103	61	The people here have a very good customer care. I highly recommend this service provider.	3	2013-03-09 19:45:00	48	5	4
14860	221	1	I want to mention the incident via ConcumerConnect. The workers take pride in providing best service.	2	2013-09-07 10:39:00	85	4	5
14951	137	60	We gave a try to this service provider never in the past. I am using this portal to express my opinion about the incident via ConcumerConnect. These people put customers on high pedestal. I highly recommend this service.	1	2013-04-07 11:24:00	71	4	2
14816	57	10	We gave a try to this service provider never in the past. The workers are very cooperative. I want to recommend this service.	3	2013-03-07 01:47:00	81	2	4
14924	240	67	We have tried this service provider never in the past. I am sharing the experience via ConcumerConnect. The managers are very irritating. I want to recommend people to go here.	2	2013-07-07 00:17:00	33	2	0
14929	250	62	I have experienced this type of service a few times before. The people here have a very good customer care. I highly recommend willing customers to try.	1	2013-02-07 23:50:00	95	2	5
14968	390	91	I gave a try to this service provider a few times before. The workers put customers on high pedestal. I would never recommend willing people to give them a chance.	5	2013-05-05 20:18:00	32	3	3
14837	223	10	I have experienced this type of service a few times before. The people here have a very good customer care. I highly recommend willing customers to try.	1	2013-09-07 21:49:00	45	2	1
14964	49	18	I should share the incident on this portal. The people here are not as good as they publicise.	3	2013-06-02 08:47:00	39	3	1
14948	246	70	The managers are not as good as they publicise. I would stongly recommend willing people to give them a chance.	0	2013-05-03 20:43:00	22	5	4
14921	152	69	I gave a try to this type of service never in the past. These people have a very good customer care. I highly recommend people to go here.	0	2013-06-09 06:14:00	70	1	5
14854	180	77	I have experienced this type of service a few times before. I am using this portal to express my opinion about the service experience on this portal. The staff are very irritating. I would stongly recommend this service.	5	2013-07-05 04:28:00	46	4	5
14945	118	79	I gave a try to this service provider many times in the past. These people are very irritating. I want to recommend this service provider.	2	2013-08-07 20:23:00	14	1	2
14941	48	100	I must mention the experience here. The managers take pride in providing best service.	2	2013-06-01 00:12:00	96	5	3
14936	374	9	These people are very irritating. I would stongly recommend willing people to give them a chance.	5	2013-06-05 07:43:00	15	4	5
14858	249	56	I gave a try to this type of service a few times before. I should share the experience on this portal. The people here take pride in providing best service. I would stongly recommend willing customers to try.	5	2013-07-08 12:34:00	63	3	8
14984	45	61	I have experienced this service provider never in the past. I am writing the experience via ConcumerConnect. The people here are very irritating. I would recommend this service provider.	4	2013-09-03 23:28:00	45	4	3
14832	170	10	These people take pride in providing best service. I would recommend willing customers to try.	5	2013-06-01 20:10:00	75	5	4
14942	183	35	I must mention the experience on this portal. The staff have a very good customer care.	2	2013-04-08 12:26:00	41	8	4
14946	169	10	I am using this portal to express my opinion about the service review on this portal. These people are not as good as they publicise.	0	2013-09-07 21:50:00	69	4	2
14938	248	79	I am using this portal to express my opinion about the experience on this portal. The people here have a very good customer care.	0	2013-09-01 22:49:00	36	2	4
15098	50	56	The workers put customers on high pedestal. I would never recommend willing people to give them a chance.	3	2013-08-03 10:44:00	53	0	0
15005	399	79	The staff take pride in providing best service. I want to recommend willing people to give them a chance.	3	2013-02-07 00:37:00	19	0	0
15006	181	74	The staff take pride in providing best service. I would never recommend willing customers to try.	1	2013-04-05 19:55:00	52	0	0
15007	188	77	The staff give the best possible service. I would never recommend this service.	4	2013-08-06 06:38:00	19	0	0
15010	245	74	I have experienced this type of service many times in the past. The workers are very cooperative. I would stongly recommend willing customers to try.	1	2013-05-07 07:36:00	55	0	0
15012	119	91	I have experienced this type of service never before. The people here have a very good customer care. I would stongly recommend people to go here.	3	2013-05-08 04:42:00	32	0	0
15014	16	88	I am writing the experience here. The staff are not as good as they publicise.	2	2013-08-06 07:17:00	48	0	0
15017	159	91	I have tried this service provider never in the past. The managers give the best possible service. I would recommend willing people to give them a chance.	1	2013-06-03 10:10:00	94	0	0
15018	237	95	The workers put customers on high pedestal. I would never recommend willing people to give them a chance.	3	2013-07-03 13:52:00	40	0	0
15019	242	2	We gave a try to this type of service never before. I should share the service review via ConcumerConnect. The people here have a very good customer care. I want to recommend willing customers to try.	0	2013-08-09 15:53:00	10	0	0
15020	381	98	I must mention the experience here. The managers take pride in providing best service.	2	2013-07-03 01:46:00	79	0	0
15021	248	56	I have experienced this service provider a few times before. I should share the experience on this portal. The workers give the best possible service. I would never recommend this service provider.	1	2013-06-05 02:36:00	36	0	0
15022	83	22	I have experienced this type of service many times before. I am writing the experience here. The staff take pride in providing best service. I would never recommend this service provider.	0	2013-04-05 18:49:00	81	0	0
15024	107	38	We have tried this type of service never in the past. The managers put customers on high pedestal. I would recommend this service.	5	2013-01-05 06:41:00	26	0	0
15025	165	44	We gave a try to this type of service never before. The managers have a very good customer care. I want to recommend willing people to give them a chance.	3	2013-08-04 09:34:00	79	0	0
15068	191	79	The workers are not as good as they publicise. I would recommend willing customers to try.	2	2013-07-03 03:22:00	80	0	0
14973	82	6	I have experienced this type of service many times in the past. I am using this portal to express my opinion about the service review here. These people are very irritating. I would never recommend willing customers to try.	4	2013-06-01 18:35:00	23	3	1
14976	46	44	I think I should write the service review on this portal. These people give the best possible service.	3	2013-09-08 00:26:00	69	6	5
14961	240	77	I feel like sharing the experience on this website. The managers are very cooperative.	5	2013-07-01 22:25:00	33	8	2
14982	123	22	I want to mention the service review on this website. These people take pride in providing best service.	4	2013-04-05 16:53:00	48	1	3
14992	137	88	I have tried this type of service never before. The workers take pride in providing best service. I would stongly recommend willing people to give them a chance.	4	2013-05-06 21:29:00	14	2	3
14991	159	74	I want to mention the incident via ConcumerConnect. The workers take pride in providing best service.	2	2013-05-05 10:41:00	94	6	5
14967	374	1	I have experienced this service provider never in the past. I am writing the experience via ConcumerConnect. The people here are very irritating. I would recommend this service provider.	4	2013-07-09 01:33:00	15	5	2
14997	47	68	We have tried this type of service a few times before. The workers are not as good as they publicise. I would never recommend willing people to give them a chance.	1	2013-05-07 14:26:00	100	5	4
14972	191	1	These people give the best possible service. I would recommend willing customers to try.	1	2013-04-06 21:23:00	100	3	1
14994	158	6	We gave a try to this type of service never before. The people here put customers on high pedestal. I want to recommend willing people to give them a chance.	4	2013-08-08 16:36:00	59	5	6
14999	374	100	We have experienced this service provider a few times before. I feel like sharing the service review here. The managers give the best possible service. I highly recommend willing people to give them a chance.	1	2013-07-03 17:11:00	21	5	3
14993	118	16	We have tried this service provider never in the past. I want to mention the service review on this website. The managers take pride in providing best service. I would never recommend willing customers to try.	1	2013-01-08 00:18:00	14	2	2
14958	249	34	I gave a try to this service provider never before. The managers take pride in providing best service. I would recommend willing customers to try.	4	2013-06-09 03:49:00	65	5	0
14996	398	58	I have experienced this type of service many times before. I am writing the experience here. The staff take pride in providing best service. I would never recommend this service provider.	0	2013-05-05 12:51:00	81	2	4
14995	397	11	I have experienced this type of service many times in the past. I feel like sharing the service experience here. These people put customers on high pedestal. I would recommend this service.	0	2013-03-07 13:49:00	38	2	4
14974	159	45	The workers are not as good as they publicise. I would never recommend willing people to give them a chance.	5	2013-05-02 00:54:00	94	3	3
14966	66	78	We have experienced this type of service a few times in the past. These people are not as good as they publicise. I would stongly recommend willing people to give them a chance.	0	2013-08-08 06:40:00	94	3	1
14983	158	8	We have experienced this service provider a few times before. I am sharing the service experience via ConcumerConnect. The staff put customers on high pedestal. I would stongly recommend people to go here.	1	2013-09-05 15:41:00	59	3	3
15026	48	6	We gave a try to this type of service never before. I should share the service review via ConcumerConnect. The people here have a very good customer care. I want to recommend willing customers to try.	0	2013-07-09 15:15:00	96	0	0
15027	177	15	We have tried this type of service a few times in the past. The managers take pride in providing best service. I want to recommend this service provider.	3	2013-08-08 08:16:00	41	0	0
15031	399	18	We gave a try to this service provider never in the past. I am using this portal to express my opinion about the incident via ConcumerConnect. These people put customers on high pedestal. I highly recommend this service.	1	2013-08-01 14:49:00	24	0	0
15032	109	79	I have experienced this type of service never before. I am writing the experience on this portal. The workers put customers on high pedestal. I would recommend willing customers to try.	1	2013-05-08 20:15:00	81	0	0
15033	205	45	The people here put customers on high pedestal. I would recommend people to go here.	4	2013-02-02 05:43:00	75	0	0
15034	118	58	We have tried this service provider never in the past. I want to mention the service review on this website. The managers take pride in providing best service. I would never recommend willing customers to try.	1	2013-03-09 06:35:00	14	0	0
15035	88	35	The staff have a very good customer care. I want to recommend this service provider.	5	2013-01-06 18:36:00	36	0	0
15036	188	68	We gave a try to this type of service never before. The people here put customers on high pedestal. I want to recommend willing people to give them a chance.	4	2013-08-09 18:18:00	24	0	0
15037	221	57	I have tried this service provider many times in the past. The people here take pride in providing best service. I would never recommend willing customers to try.	5	2013-01-03 03:52:00	85	0	0
15038	100	74	I have tried this type of service never in the past. I must mention the service experience on this portal. The managers take pride in providing best service. I would recommend people to go here.	2	2013-03-09 10:18:00	25	0	0
15040	387	14	I am using this portal to express my opinion about the service review on this portal. These people are not as good as they publicise.	0	2013-03-09 13:16:00	75	0	0
15044	84	88	We have tried this type of service a few times before. The managers are not as good as they publicise. I highly recommend willing people to give them a chance.	3	2013-08-02 17:41:00	70	0	0
15046	224	1	The staff take pride in providing best service. I want to recommend willing people to give them a chance.	3	2013-04-06 09:47:00	36	0	0
15050	53	69	These people have a very good customer care. I would recommend this service.	2	2013-09-05 00:36:00	96	0	0
15053	31	7	I have tried this type of service never in the past. I must mention the service experience on this portal. The managers take pride in providing best service. I would recommend people to go here.	2	2013-04-08 15:42:00	21	0	0
15056	221	90	The workers take pride in providing best service. I would never recommend willing people to give them a chance.	2	2013-08-03 05:15:00	85	0	0
15058	231	16	We have experienced this service provider never in the past. The workers are not as good as they publicise. I would recommend willing people to give them a chance.	4	2013-06-07 09:12:00	80	0	0
15059	157	78	These people are very irritating. I want to recommend people to go here.	2	2013-03-07 22:18:00	32	0	0
15061	86	88	I have tried this type of service a few times before. The workers give the best possible service. I would never recommend this service provider.	4	2013-07-05 16:42:00	69	0	0
15063	87	15	I want to mention the service experience via ConcumerConnect. The people here are not as good as they publicise.	1	2013-08-07 09:54:00	45	0	0
15067	381	48	These people take pride in providing best service. I would recommend willing customers to try.	5	2013-01-05 21:50:00	95	0	0
15071	57	80	I have experienced this type of service many times in the past. I am using this portal to express my opinion about the service review here. These people are very irritating. I would never recommend willing customers to try.	4	2013-01-04 07:25:00	81	0	0
15072	177	15	We have tried this service provider never before. I am using this portal to express my opinion about the incident on this website. The workers give the best possible service. I highly recommend people to go here.	5	2013-09-03 16:22:00	41	0	0
15075	249	99	I gave a try to this type of service many times before. I want to mention the service experience via ConcumerConnect. These people put customers on high pedestal. I would never recommend people to go here.	5	2013-08-07 06:25:00	65	0	0
15079	221	35	We have experienced this service provider never before. The workers have a very good customer care. I would never recommend this service.	3	2013-02-01 05:27:00	85	0	0
15080	248	57	I have experienced this type of service a few times in the past. I should share the service review via ConcumerConnect. The managers put customers on high pedestal. I would never recommend willing customers to try.	2	2013-06-06 18:29:00	74	0	0
15083	240	69	I have experienced this type of service never in the past. The people here give the best possible service. I would stongly recommend people to go here.	0	2013-05-06 03:43:00	33	0	0
15084	43	35	I feel like sharing the experience on this website. The managers are very cooperative.	5	2013-02-04 02:38:00	32	0	0
15085	220	61	I have experienced this type of service never in the past. The people here give the best possible service. I would stongly recommend people to go here.	0	2013-05-06 11:38:00	63	0	0
15087	49	48	The workers are very irritating. I would recommend this service provider.	1	2013-05-01 20:17:00	39	0	0
15089	202	98	These people have a very good customer care. I would recommend willing people to give them a chance.	2	2013-02-07 09:54:00	45	0	0
15091	381	76	The people here put customers on high pedestal. I would recommend people to go here.	4	2013-09-04 07:20:00	81	0	0
15092	33	61	I have experienced this type of service many times in the past. The workers are very cooperative. I would stongly recommend willing customers to try.	1	2013-01-09 19:22:00	74	0	0
15099	73	8	The people here give the best possible service. I would stongly recommend this service provider.	2	2013-07-07 15:50:00	23	0	0
15100	250	35	These people are very cooperative. I would recommend this service provider.	1	2013-07-03 15:11:00	95	0	0
15101	16	91	I want to mention the incident via ConcumerConnect. The workers have a very good customer care.	1	2013-03-01 12:50:00	55	0	0
15105	9	79	I am sharing the service review here. The people here give the best possible service.	2	2013-08-06 00:24:00	71	0	0
15106	190	16	These people are not as good as they publicise. I want to recommend this service.	5	2013-03-08 01:54:00	94	0	0
15107	36	30	We have experienced this service provider a few times before. I am sharing the service experience via ConcumerConnect. The staff put customers on high pedestal. I would stongly recommend people to go here.	1	2013-04-03 02:46:00	51	0	0
15112	88	68	We gave a try to this service provider many times in the past. I am writing the service experience via ConcumerConnect. The managers give the best possible service. I would never recommend willing people to give them a chance.	2	2013-04-08 01:10:00	36	0	0
15116	147	22	The workers are very irritating. I would recommend this service provider.	1	2013-08-04 08:54:00	39	0	0
15117	48	57	I am using this portal to express my opinion about the service experience via ConcumerConnect. The people here are very irritating.	1	2013-09-05 12:16:00	96	0	0
15120	250	100	We gave a try to this type of service never before. The people here put customers on high pedestal. I want to recommend willing people to give them a chance.	4	2013-05-03 14:30:00	36	0	0
15122	100	18	We have tried this type of service a few times before. The workers are not as good as they publicise. I would never recommend willing people to give them a chance.	1	2013-03-07 07:18:00	45	0	0
15123	137	29	We have experienced this service provider never before. The workers have a very good customer care. I would never recommend this service.	3	2013-03-04 09:38:00	71	0	0
15125	196	30	We have tried this service provider never in the past. I am sharing the experience via ConcumerConnect. The managers are very irritating. I want to recommend people to go here.	2	2013-08-06 10:37:00	70	0	0
15126	96	78	I want to mention the service review on this portal. These people are very irritating.	2	2013-07-07 15:20:00	71	0	0
15128	154	39	I have tried this type of service never before. The managers are very irritating. I want to recommend people to go here.	5	2013-03-08 12:24:00	23	0	0
15129	16	70	I have experienced this service provider many times before. These people are not as good as they publicise. I would never recommend willing customers to try.	1	2013-09-06 08:31:00	38	0	0
15131	167	88	We have experienced this type of service a few times before. I feel like sharing the incident here. The staff are very irritating. I would recommend willing customers to try.	4	2013-03-01 17:53:00	18	0	0
15133	41	98	I have experienced this service provider never before. I think I should write the experience here. These people are very irritating. I would never recommend willing people to give them a chance.	3	2013-08-07 06:50:00	32	0	0
15134	31	44	The managers take pride in providing best service. I would stongly recommend this service provider.	0	2013-02-02 11:11:00	92	0	0
15136	123	11	The workers put customers on high pedestal. I would recommend people to go here.	3	2013-08-06 02:27:00	24	0	0
15138	98	61	We gave a try to this type of service never before. I should share the service review via ConcumerConnect. The people here have a very good customer care. I want to recommend willing customers to try.	0	2013-06-06 19:15:00	35	0	0
15140	195	35	We have tried this type of service many times before. The people here are not as good as they publicise. I would never recommend this service provider.	2	2013-03-05 04:25:00	57	0	0
15141	167	56	We have tried this service provider never in the past. I want to mention the service review on this website. The managers take pride in providing best service. I would never recommend willing customers to try.	1	2013-05-05 02:30:00	18	0	0
15142	187	76	I have tried this type of service a few times before. I think I should write the experience on this website. The managers are very cooperative. I would never recommend willing people to give them a chance.	5	2013-09-03 14:12:00	75	0	0
15145	387	16	The workers put customers on high pedestal. I would recommend people to go here.	3	2013-04-05 07:45:00	75	0	0
15146	49	30	I want to mention the experience via ConcumerConnect. The staff have a very good customer care.	4	2013-08-04 04:29:00	39	0	0
15147	46	97	These people are not as good as they publicise. I want to recommend this service.	5	2013-03-01 05:29:00	69	0	0
15151	225	98	I have experienced this service provider many times in the past. I want to mention the incident on this portal. These people take pride in providing best service. I want to recommend people to go here.	1	2013-05-08 15:45:00	85	0	0
15152	171	58	The workers take pride in providing best service. I would recommend willing customers to try.	3	2013-01-03 04:54:00	21	0	0
15154	183	34	The workers put customers on high pedestal. I would recommend people to go here.	3	2013-04-01 16:10:00	41	0	0
15156	374	46	I am sharing the service review here. The people here give the best possible service.	2	2013-02-06 00:36:00	15	0	0
15157	249	18	The people here have a very good customer care. I would stongly recommend people to go here.	3	2013-07-06 17:21:00	63	0	0
15158	181	58	I have experienced this type of service never before. I am sharing the service experience on this portal. These people put customers on high pedestal. I would stongly recommend this service provider.	5	2013-05-05 01:24:00	23	0	0
15162	171	69	I have experienced this type of service never before. I am sharing the service experience on this portal. These people put customers on high pedestal. I would stongly recommend this service provider.	5	2013-07-02 18:30:00	10	0	0
15163	88	98	These people are very irritating. I would stongly recommend willing people to give them a chance.	5	2013-02-07 04:46:00	36	0	0
15165	20	9	I have tried this type of service never in the past. The people here put customers on high pedestal. I would never recommend people to go here.	1	2013-03-09 19:44:00	24	0	0
15167	83	97	I have tried this type of service a few times before. The workers give the best possible service. I would never recommend this service provider.	4	2013-07-08 14:36:00	81	0	0
15169	80	2	I am sharing the service review here. The people here give the best possible service.	2	2013-05-08 00:13:00	86	0	0
15172	156	2	We gave a try to this type of service never before. The managers have a very good customer care. I want to recommend willing people to give them a chance.	3	2013-04-05 16:14:00	69	0	0
15173	46	38	The people here are not as good as they publicise. I highly recommend this service.	5	2013-05-02 17:10:00	69	0	0
15177	249	57	I am sharing the service review here. The people here give the best possible service.	2	2013-09-01 08:33:00	65	0	0
15178	90	100	I am using this portal to express my opinion about the service review on this portal. These people are not as good as they publicise.	0	2013-09-01 08:23:00	15	0	0
15179	128	95	I have experienced this type of service never in the past. The people here give the best possible service. I would stongly recommend people to go here.	0	2013-03-05 23:39:00	85	0	0
15182	9	80	I have experienced this type of service many times before. These people are not as good as they publicise. I would never recommend this service.	5	2013-01-08 00:52:00	71	0	0
15183	42	60	These people are very cooperative. I want to recommend this service.	3	2013-08-04 06:31:00	48	0	0
15184	24	62	We have experienced this type of service a few times before. I feel like sharing the incident here. The staff are very irritating. I would recommend willing customers to try.	4	2013-04-08 11:49:00	92	0	0
14821	375	58	I have experienced this type of service never before. I am using this portal to express my opinion about the incident on this portal. The managers are not as good as they publicise. I want to recommend willing people to give them a chance.	1	2013-03-02 10:18:00	25	3	1
14864	191	78	I am using this portal to express my opinion about the service experience via ConcumerConnect. The people here are very irritating.	1	2013-04-09 12:26:00	100	4	3
14870	233	82	We have experienced this type of service never in the past. The managers take pride in providing best service. I would stongly recommend people to go here.	4	2013-05-09 13:27:00	65	3	4
14825	177	35	The staff give the best possible service. I would never recommend this service.	4	2013-07-04 17:52:00	41	4	5
14743	374	78	The workers are not as good as they publicise. I would recommend willing people to give them a chance.	0	2013-09-06 22:19:00	21	4	4
14785	128	60	I have tried this type of service a few times before. I think I should write the experience on this website. The managers are very cooperative. I would never recommend willing people to give them a chance.	5	2013-02-07 06:35:00	85	3	3
14975	376	84	I have tried this type of service never in the past. I must mention the service experience on this portal. The managers take pride in providing best service. I would recommend people to go here.	2	2013-08-09 06:16:00	79	6	5
14989	48	61	I gave a try to this type of service many times before. I am using this portal to express my opinion about the service experience on this portal. These people put customers on high pedestal. I would recommend people to go here.	5	2013-04-07 11:17:00	96	3	8
14849	387	74	We gave a try to this type of service never before. The people here put customers on high pedestal. I want to recommend willing people to give them a chance.	4	2013-04-06 05:34:00	75	6	3
14893	107	74	The staff take pride in providing best service. I want to recommend willing people to give them a chance.	3	2013-09-09 14:13:00	26	3	4
14960	221	57	We have experienced this service provider a few times before. I feel like sharing the service review here. The managers give the best possible service. I highly recommend willing people to give them a chance.	1	2013-06-07 06:23:00	85	3	4
14775	143	38	We have tried this service provider never before. I am using this portal to express my opinion about the incident on this website. The workers give the best possible service. I highly recommend people to go here.	5	2013-07-02 17:36:00	41	4	2
14971	172	46	I gave a try to this type of service many times before. I want to mention the service experience via ConcumerConnect. These people put customers on high pedestal. I would never recommend people to go here.	5	2013-07-06 04:34:00	96	4	1
\.


--
-- Name: Review_CustomerUserID_seq; Type: SEQUENCE SET; Schema: public; Owner: postgres
--

SELECT pg_catalog.setval('"Review_CustomerUserID_seq"', 1, false);


--
-- Name: Review_ReviewID_seq; Type: SEQUENCE SET; Schema: public; Owner: postgres
--

SELECT pg_catalog.setval('"Review_ReviewID_seq"', 15185, true);


--
-- Name: Review_ServiceID_seq; Type: SEQUENCE SET; Schema: public; Owner: postgres
--

SELECT pg_catalog.setval('"Review_ServiceID_seq"', 1, false);


--
-- Data for Name: Service; Type: TABLE DATA; Schema: public; Owner: postgres
--

COPY "Service" ("ServiceID", "Type", "SubType", "MiniDescription") FROM stdin;
0	Home	Air Duct Cleaning	\N
1	Home	Animal Removal	\N
2	Home	Appliance Refinishing	\N
3	Home	Appliance Repair	\N
4	Home	Appliance Sales	\N
5	Home	Architect	\N
6	Home	Asbestos Removal	\N
7	Home	Asphalt Driveway	\N
8	Home	Awnings	\N
9	Home	Banks	\N
10	Home	Basement Remodeling	\N
11	Home	Basement Waterproofing	\N
12	Home	Bathroom Remodeling	\N
13	Home	Bathtub Refinishing	\N
14	Home	Billiard Table Repair	\N
15	Home	Billiard Table Sales	\N
16	Home	Biohazard Cleanup	\N
17	Home	Blind Cleaning	\N
18	Home	Buffing & Polishing	\N
19	Home	Cabinet Refacing	\N
20	Home	Cable TV Service	\N
21	Home	Camcorder Repair	\N
22	Home	Camera Repair	\N
23	Home	Carpenter	\N
24	Home	Carpet Cleaners	\N
25	Home	Carpet Installation	\N
26	Home	Ceiling Fans	\N
27	Home	Cell Phone Service	\N
28	Home	Ceramic Tile	\N
29	Home	Childproofing	\N
30	Home	Chimney Caps	\N
31	Home	Chimney Repair	\N
32	Home	Chimney Sweep	\N
33	Home	China Repair	\N
34	Home	Clock Repair	\N
35	Home	Closet Systems	\N
36	Home	Computer Repair	\N
37	Home	Computer Sales	\N
38	Home	Computer Training	\N
39	Home	Concrete Driveway	\N
40	Home	Concrete Repair	\N
41	Home	Contractors	\N
42	Home	Cooking Classes	\N
43	Home	Countertops	\N
44	Home	Custom Cabinets	\N
45	Home	Custom Furniture	\N
46	Home	Doors	\N
47	Home	Drain Cleaning	\N
48	Home	Drain Pipe	\N
49	Home	Drapery Cleaning	\N
50	Home	Driveway Gates	\N
51	Home	Dryer Vent Cleaning	\N
52	Home	Drywall	\N
53	Home	Earthquake Retrofitting	\N
54	Home	Egress Windows	\N
55	Home	Electrician	\N
56	Home	Electronic Repair	\N
57	Home	Energy Audit	\N
58	Home	Epoxy Flooring	\N
59	Home	Fireplaces	\N
60	Home	Firewood	\N
61	Home	Floor Cleaning	\N
62	Home	Flooring	\N
63	Home	Foundation Repair	\N
64	Home	Furniture Repair	\N
65	Home	Furniture Sales	\N
66	Home	Garage Builders	\N
67	Home	Garage Doors	\N
68	Home	Garbage Collection	\N
69	Home	Gas Grill Repair	\N
70	Home	Gas Leak Repair	\N
71	Home	Gas Logs	\N
72	Home	Glass Block	\N
73	Home	Glass Repair	\N
74	Home	Graphic Designers	\N
75	Home	Gutter Cleaning	\N
76	Home	Gutter Repair	\N
77	Home	Handyman Service	\N
78	Home	Hardwood Floor Repair	\N
79	Home	Hauling Services	\N
80	Home	Heating & Air Conditioning/HVAC	\N
81	Home	Holiday Decorators	\N
82	Home	Home & Garage Organization	\N
83	Home	Home Automation	\N
84	Home	Home Builders	\N
85	Home	Home Improvement Stores	\N
86	Home	Home Inspection	\N
87	Home	Home Security Systems	\N
88	Home	Home Staging	\N
89	Home	Home Theater Design	\N
90	Home	House Cleaning	\N
91	Home	House Painters	\N
92	Home	Hurricane Shutters	\N
93	Home	Insulation	\N
94	Home	Interior Designers	\N
95	Home	Interior Painters	\N
96	Home	Internet Service	\N
97	Home	Kitchen Remodeling	\N
98	Home	Lamp Repair	\N
99	Home	Landline Phone Service	\N
100	Home	Lead Paint Removal	\N
101	Home	Lighting	\N
102	Home	Locksmith	\N
103	Home	Luggage Repair	\N
104	Home	Mailbox Repair	\N
105	Home	Marble & Granite	\N
106	Home	Masonry	\N
107	Home	Mattresses	\N
108	Home	Metal Restoration	\N
109	Home	Mobile Home Remodeling	\N
110	Home	Mold Removal	\N
111	Home	Mortgage Broker	\N
112	Home	Moving Companies	\N
113	Home	Mudjacking	\N
114	Home	Muralist	\N
115	Home	Oriental Rug Cleaning	\N
116	Home	Outdoor Lighting	\N
117	Home	Pest Control	\N
118	Home	Phone Repair	\N
119	Home	Phone Sales	\N
120	Home	Phone Wiring	\N
121	Home	Piano Moving	\N
122	Home	Piano Tuning	\N
123	Home	Picture Framing	\N
124	Home	Plastering	\N
125	Home	Plumbing	\N
126	Home	Pressure Washing	\N
127	Home	Propane Sales	\N
128	Home	Property Management	\N
129	Home	Radon Testing	\N
130	Home	Remodeling	\N
131	Home	Replacement Windows	\N
132	Home	Roof Cleaning	\N
133	Home	Roof Snow Removal	\N
134	Home	Roofing	\N
135	Home	RV Sales	\N
136	Home	Satellite TV Service	\N
137	Home	Screen Repair	\N
138	Home	Security Windows	\N
139	Home	Septic Tank	\N
140	Home	Sewer Cleaning	\N
141	Home	Sewing Machine Repair	\N
142	Home	Sharpening	\N
143	Home	Siding	\N
144	Home	Signs	\N
145	Home	Skylights	\N
146	Home	Solar Panels	\N
147	Home	Stamped Concrete	\N
148	Home	Structural Engineer	\N
149	Home	Stucco	\N
150	Home	Sunrooms	\N
151	Home	Tablepads	\N
152	Home	Toy Repair	\N
153	Home	TV Antenna	\N
154	Home	TV Repair	\N
155	Home	TV Sales	\N
156	Home	Upholstery	\N
157	Home	Upholstery Cleaning	\N
158	Home	Vacuum Cleaners	\N
159	Home	VCR Repair	\N
160	Home	Voice Mail	\N
161	Home	Wallpaper	\N
162	Home	Wallpaper Removal	\N
163	Home	Water Damage Restoration	\N
164	Home	Water Delivery	\N
165	Home	Water Heaters	\N
166	Home	Water Softeners	\N
167	Home	Web Designers	\N
168	Home	Welding	\N
169	Home	Wells	\N
170	Home	Window Cleaning	\N
171	Home	Window Tinting	\N
172	Home	Window Treatments	\N
173	Home	Woodworking	\N
174	Home	Wrought Iron	\N
175	Auto	Auto Body Repair	\N
176	Auto	Auto Detailing	\N
177	Auto	Auto Glass	\N
178	Auto	Auto Painting	\N
179	Auto	Auto Repair	\N
180	Auto	Auto Upholstery	\N
181	Auto	Car Accessories	\N
182	Auto	Car Alarms	\N
183	Auto	Car Rentals	\N
184	Auto	Car Sales	\N
185	Auto	Car Stereo Installation	\N
186	Auto	Car Tires	\N
187	Auto	Car Transport	\N
188	Auto	Car Washes	\N
189	Auto	Leather & Vinyl Repair	\N
190	Auto	Muffler Repair	\N
191	Auto	Radiator Service	\N
192	Auto	Towing	\N
193	Auto	Transmission Repair	\N
194	Auto	Truck Rentals	\N
195	Auto	Van Rentals	\N
196	Auto	Motorcycle Repair	\N
197	Weddings, Parties, Entertainment	Alterations	\N
198	Weddings, Parties, Entertainment	Bridal Shops	\N
199	Weddings, Parties, Entertainment	Cake Decorating	\N
200	Weddings, Parties, Entertainment	Calligraphy	\N
201	Weddings, Parties, Entertainment	Catering	\N
202	Weddings, Parties, Entertainment	Costume Rental	\N
203	Weddings, Parties, Entertainment	Equipment Rentals	\N
204	Weddings, Parties, Entertainment	Florists	\N
205	Weddings, Parties, Entertainment	Limo Services	\N
206	Weddings, Parties, Entertainment	Nail Salons	\N
207	Weddings, Parties, Entertainment	Party Planning	\N
208	Weddings, Parties, Entertainment	Party Rentals	\N
209	Weddings, Parties, Entertainment	Personal Chef	\N
210	Weddings, Parties, Entertainment	Photographers	\N
211	Weddings, Parties, Entertainment	Reception Halls	\N
212	Weddings, Parties, Entertainment	Tuxedo Rental	\N
213	Weddings, Parties, Entertainment	Video Production	\N
214	Weddings, Parties, Entertainment	Video Transfer	\N
215	Weddings, Parties, Entertainment	Wedding Planning	\N
216	Weddings, Parties, Entertainment	Invitations	\N
217	Weddings, Parties, Entertainment	Ticket Brokers	\N
218	Pet	Dog Fence	\N
219	Pet	Dog Trainers	\N
220	Pet	Dog Walkers	\N
221	Pet	Kennels	\N
222	Pet	Pet Insurance	\N
223	Pet	Pet Sitters	\N
224	Pet	Pooper Scoopers	\N
225	Pet	Pet Grooming	\N
226	Outdoor	Basketball Goals	\N
227	Outdoor	Bicycles	\N
228	Outdoor	Boat Sales	\N
229	Outdoor	Deck Cleaning	\N
230	Outdoor	Decks	\N
231	Outdoor	Dock Building	\N
232	Outdoor	Fencing	\N
233	Outdoor	Fountains	\N
234	Outdoor	Greenhouses	\N
235	Outdoor	Irrigation Systems	\N
236	Outdoor	Lakefront Landscaping	\N
237	Outdoor	Land Surveyor	\N
238	Outdoor	Landscaping	\N
239	Outdoor	Lawn Mower Repair	\N
240	Outdoor	Lawn Service	\N
241	Outdoor	Lawn Treatment	\N
242	Outdoor	Leaf Removal	\N
243	Outdoor	Misting Systems	\N
244	Outdoor	Mulch	\N
245	Outdoor	Playground Equipment	\N
246	Outdoor	Pool Cleaners	\N
247	Outdoor	Roto Tilling	\N
248	Outdoor	Snow Removal	\N
249	Outdoor	Tree Service	\N
250	Outdoor	Marinas	\N
251	Outdoor	Hardscaping	\N
371	Medical Facilities	Adult Day Care	\N
372	Medical Facilities	Alcohol Treatment Centers	\N
373	Medical Facilities	Assisted Living	\N
374	Medical Facilities	Blood Banks	\N
375	Medical Facilities	Blood Labs	\N
376	Medical Facilities	Childrens Hospital	\N
377	Medical Facilities	Denture Labs	\N
378	Medical Facilities	Drug & Alcohol Testing	\N
379	Medical Facilities	Drug Treatment Centers	\N
380	Medical Facilities	Family Planning Center	\N
381	Medical Facilities	Hospice	\N
382	Medical Facilities	Hospitalist	\N
383	Medical Facilities	Hospitals	\N
384	Medical Facilities	Independent Living	\N
385	Medical Facilities	Nursing Homes	\N
386	Medical Facilities	Radiology	\N
387	Medical Facilities	Retail Health Clinics	\N
388	Medical Facilities	Therapy/Respite Camps	\N
389	Medical Facilities	Urgent Care Center	\N
390	Medical Facilities	Vein Treatment	\N
391	Medical Facilities	Diagnostic Labs	\N
392	Other	Furs	\N
393	Other	Accountant	\N
394	Other	Antiques	\N
395	Other	Auction Services	\N
396	Other	Baby Equipment Rental	\N
397	Other	Buying Services	\N
398	Other	Child Care	\N
399	Other	Copies	\N
400	Other	Dance Classes	\N
401	Other	Day Care	\N
402	Other	Delivery Service	\N
403	Other	Drivers Ed	\N
404	Other	Dry Cleaning	\N
405	Other	Dumpster Service	\N
406	Other	Errand Service	\N
407	Other	Film Developing	\N
408	Other	Financial Advisor	\N
409	Other	Funeral Homes	\N
410	Other	Genealogy	\N
411	Other	Gift Shops	\N
412	Other	Hair Removal 	\N
413	Other	Hair Salon	\N
414	Other	Home Child Care	\N
415	Other	Home Warranty Companies	\N
416	Other	Insurance Companies	\N
417	Other	Ironing	\N
418	Other	Jewelry Appraisal	\N
419	Other	Jewelry Stores	\N
420	Other	Mailing Service	\N
421	Other	Music Lessons	\N
422	Other	Musical Instrument Repair	\N
423	Other	Office Equipment Repair	\N
424	Other	Paper Shredding	\N
425	Other	Private Investigators	\N
426	Other	Real Estate Appraisal	\N
427	Other	Resume Services	\N
428	Other	Secretarial Services	\N
429	Other	Shoe Repair	\N
430	Other	Storage Units	\N
431	Other	Tanning Salons	\N
432	Other	Tattoos	\N
433	Other	Taxi Service	\N
434	Other	Title Companies	\N
435	Other	Travel Agency	\N
436	Other	Trophy Shops	\N
437	Other	Tutoring	\N
438	Other	Warranty Companies	\N
439	Other	Watch Repair	\N
440	Other	Furs	\N
441	Other	Real Estate Agents	\N
\.


--
-- Data for Name: ServiceProvider; Type: TABLE DATA; Schema: public; Owner: postgres
--

COPY "ServiceProvider" ("UserID", "Webpage", "Rating") FROM stdin;
2	www.achala.com	0
16	www.divya.com	0
20	www.falak.com	0
78	www.jakarious.com	0
3	www.aditi.com	0
47	www.ojal.com	0
64	www.gangesh.com	0
19	www.eshana.com	2.58823529411764719
35	www.keshi.com	2.5
98	www.mahaddev.com	2.56000000000000005
57	www.dipten.com	2.4975609756097561
18	www.elina.com	2.49029126213592233
40	www.likhitha.com	2.56737588652482263
75	www.jaganarayan.com	2.50480769230769251
39	www.lavanya.com	2.51196172248803817
46	www.niyati.com	2.60240963855421681
26	www.indrayani.com	2.53424657534246567
27	www.indukala.com	2.15789473684210531
79	www.jalendu.com	2.53741496598639449
21	www.firaki.com	2.5188679245283021
41	www.lola.com	2.52112676056338048
100	www.mahesh.com	2.53333333333333321
63	www.gandharva.com	2.52093023255813931
23	www.gauri.com	2.53240740740740744
10	www.bhairavi.com	2.54377880184331806
36	www.ketana.com	2.55504587155963314
14	www.dhwani.com	2.5
24	www.hiral.com	2.54794520547945202
81	www.janmesh.com	2.55454545454545467
86	www.keshav.com	2.55203619909502244
69	www.hridyanshu.com	2.56502242152466353
65	www.gaurav.com	2.5625
25	www.ina.com	2.53750000000000009
15	www.dipu.com	2.55111111111111111
85	www.kaylor.com	2.5398230088495577
80	www.janakiraman.com	2.55066079295154191
71	www.indradutt.com	2.56140350877192979
48	www.omkareshwari.com	2.56331877729257629
92	www.lalitesh.com	2.56956521739130439
33	www.janhavi.com	2.55932203389830493
74	www.ishpreet.com	2.54644808743169415
95	www.lord shiva.com	2.535135135135135
55	www.dilip.com	2.5268817204301075
94	www.lokesh.com	2.5372340425531914
22	www.gangi.com	2.57547169811320753
51	www.chandresh.com	2.52910052910052929
96	www.madhujit.com	2.51041666666666652
45	www.mahalakshmi.com	2.51030927835051543
53	www.chetan.com	2.62790697674418583
59	www.duranjaya.com	2.60606060606060597
52	www.charanjit.com	2.57777777777777795
70	www.hrydesh.com	2.51020408163265296
38	www.laksha.com	2.51256281407035198
32	www.jamini.com	2.52238805970149249
\.


--
-- Name: ServiceProvider_UserID_seq; Type: SEQUENCE SET; Schema: public; Owner: postgres
--

SELECT pg_catalog.setval('"ServiceProvider_UserID_seq"', 1, false);


--
-- Name: Service_ServiceID_seq; Type: SEQUENCE SET; Schema: public; Owner: postgres
--

SELECT pg_catalog.setval('"Service_ServiceID_seq"', 1, false);


--
-- Name: User_UserID_seq; Type: SEQUENCE SET; Schema: public; Owner: postgres
--

SELECT pg_catalog.setval('"User_UserID_seq"', 90907, true);


--
-- Data for Name: Users; Type: TABLE DATA; Schema: public; Owner: postgres
--

COPY "Users" ("UserID", "LoginID", "Password", "FirstName", "LastName", "EmailID", "Photograph", "ContactNumber") FROM stdin;
1	aashi	J3COln57	Aashi	Shah	aashi@gmail.com	people/women/1.jpg	90495-83522
2	achala	54L4vJTF04	Achala	Shah	achala@college.in	people/women/2.jpg	32428-83190
3	aditi	94R7vTZN78	Aditi	Rangarajan	aditi@iitb.ac.in	people/women/3.jpg	22484-88728
4	aishani	02dwMS59	Aishani	Chavan	aishani@yahoo.com	people/women/4.jpg	94148-43464
5	akhila	E5SGvw37	Akhila	Mistry	akhila@yahoo.com	people/women/5.jpg	94427-55639
6	alisha	57F3pRGE62	Alisha	Mohammad	alisha@rediffmail.com	people/women/6.jpg	90409-43423
7	amber	AE79YEq2k	Amber	Chauhan	amber@rediffmail.com	people/women/7.jpg	45795-53404
8	banhi	24K3jRQY36	Banhi	Subramanium	banhi@gmail.com	people/women/8.jpg	72216-63737
9	bela	29P6lAAC32	Bela	Dasgupta	bela@gmail.com	people/women/9.jpg	92413-30754
10	bhairavi	MG53ZOb6a	Bhairavi	Pawar	bhairavi@rediffmail.com	people/women/10.jpg	96527-43062
11	chandani	27F9zLDI19	Chandani	Mehta	chandani@gmail.com	people/women/11.jpg	22598-88787
12	chandrima	71hqRL99	Chandrima	Kansal	chandrima@gmail.com	people/women/12.jpg	78437-87528
13	charulekha	XR81NWe0s	Charulekha	Chattopadhyay	charulekha@gmail.com	people/women/13.jpg	41603-55662
14	dhwani	BH93OOq9e	Dhwani	Garg	dhwani@college.in	people/women/14.jpg	83031-31028
15	dipu	T2VZdj51	Dipu	Sarin	dipu@gmail.com	people/women/15.jpg	44813-42547
16	divya	GS86NMt0a	Divya	Agarwal	divya@yahoo.com	people/women/16.jpg	95843-65953
17	dulari	NJ30IYh3h	Dulari	Dutta	dulari@gmail.com	people/women/17.jpg	19403-87011
18	elina	DN39UZo9i	Elina	Jayaraman	elina@rediffmail.com	people/women/18.jpg	70283-32129
19	eshana	DK69QMn5a	Eshana	Chauhan	eshana@gmail.com	people/women/19.jpg	86925-84475
20	falak	Y8TOht82	Falak	Mehta	falak@gmail.com	people/women/20.jpg	19078-21179
21	firaki	61vyKO66	Firaki	Pillai	firaki@gmail.com	people/women/21.jpg	74400-15742
22	gangi	KW17GZh4e	Gangi	Dsouza	gangi@gmail.com	people/women/22.jpg	75281-52307
23	gauri	87zsBR14	Gauri	Chavan	gauri@yahoo.com	people/women/23.jpg	39325-95354
24	hiral	J9CCwf19	Hiral	Saxena	hiral@yahoo.com	people/women/24.jpg	84189-09463
25	ina	86dfJK20	Ina	Chavan	ina@college.in	people/women/25.jpg	91746-13320
26	indrayani	MB86OUu1q	Indrayani	Malhotra	indrayani@fanmail.com	people/women/26.jpg	81753-06728
27	indukala	KM15IDi7h	Indukala	Lobo	indukala@gmail.com	people/women/27.jpg	95849-23885
28	induprabha	Y3ERvi21	Induprabha	Kadam	induprabha@college.in	people/women/28.jpg	88157-29041
29	iram	83wmFA37	Iram	Mohammad	iram@rediffmail.com	people/women/29.jpg	19745-70617
30	ishana	68peYX26	Ishana	Sharma	ishana@gmail.com	people/women/30.jpg	58163-29979
31	ishta	41H7aCIB34	Ishta	Pawar	ishta@college.in	people/women/31.jpg	30812-47831
32	jamini	23T7iVDR69	Jamini	Garg	jamini@gmail.com	people/women/32.jpg	20789-41073
33	janhavi	SK92FPk6t	Janhavi	Chopra	janhavi@rediffmail.com	people/women/33.jpg	33292-93909
34	kavika	C3MOkt68	Kavika	Subramanium	kavika@yahoo.com	people/women/34.jpg	58249-02018
35	keshi	06roZL73	Keshi	Agarwal	keshi@college.in	people/women/35.jpg	82807-98791
36	ketana	IW85PCl1p	Ketana	Shah	ketana@gmail.com	people/women/36.jpg	42653-05479
37	khyati	A7YLxw05	Khyati	Lobo	khyati@yahoo.com	people/women/37.jpg	42442-02069
38	laksha	35G2bSHI75	Laksha	Mittal	laksha@iitb.ac.in	people/women/38.jpg	15811-75711
39	lavanya	X5NTfv15	Lavanya	Kadam	lavanya@iitb.ac.in	people/women/39.jpg	35872-12812
40	likhitha	06H9jLAX48	Likhitha	Subramanium	likhitha@gmail.com	people/women/40.jpg	97240-14105
41	lola	88R0rMHS12	Lola	Bose	lola@iitb.ac.in	people/women/41.jpg	30286-39170
42	madhuksara	73T0vCYS87	Madhuksara	Mittal	madhuksara@fanmail.com	people/women/42.jpg	70338-70834
43	madhumati	B4UWag63	Madhumati	Yadav	madhumati@yahoo.com	people/women/43.jpg	89815-32284
44	madhurima	04A2dTQP54	Madhurima	Das	madhurima@yahoo.com	people/women/44.jpg	81743-86589
45	mahalakshmi	KR08MWm4y	Mahalakshmi	Jhadav	mahalakshmi@fanmail.com	people/women/45.jpg	72536-36087
46	niyati	71C4cNZK51	Niyati	Sarin	niyati@fanmail.com	people/women/46.jpg	34272-28646
47	ojal	Z7VWcy07	Ojal	Dasgupta	ojal@gmail.com	people/women/47.jpg	69851-39618
48	omkareshwari	42idSZ91	Omkareshwari	Pillai	omkareshwari@yahoo.com	people/women/48.jpg	30211-28902
49	orpita	19X3gDTT16	Orpita	Saxena	orpita@rediffmail.com	people/women/49.jpg	87847-87368
50	pallavi	58J5kCZN43	Pallavi	Rangan	pallavi@gmail.com	people/women/50.jpg	10867-66291
51	chandresh	U5FIey01	Chandresh	Pawar	chandresh@yahoo.com	people/men/1.jpg	35841-22868
52	charanjit	56cwJV95	Charanjit	Patil	charanjit@gmail.com	people/men/2.jpg	43563-72775
53	chetan	58M7hUYW70	Chetan	Sen	chetan@gmail.com	people/men/3.jpg	79497-82799
54	dikshan	J8ZFbp33	Dikshan	Kapur	dikshan@rediffmail.com	people/men/4.jpg	57919-79356
55	dilip	N5LKaf10	Dilip	Saxena	dilip@iitb.ac.in	people/men/5.jpg	53083-41153
56	dinkar	AW48NDm5l	Dinkar	Pawar	dinkar@rediffmail.com	people/men/6.jpg	64855-10967
57	dipten	U9OBea57	Dipten	Chattopadhyay	dipten@college.in	people/men/7.jpg	76330-38527
58	divyanshu	37V8eLJC97	Divyanshu	Verma	divyanshu@yahoo.com	people/men/8.jpg	83474-82242
59	duranjaya	S2TTqq47	Duranjaya	Chavan	duranjaya@college.in	people/men/9.jpg	14686-66963
60	eshaan	11yxPV22	Eshaan	Sharma	eshaan@gmail.com	people/men/10.jpg	85828-59501
61	gagan	K1XWey07	Gagan	Rangan	gagan@gmail.com	people/men/11.jpg	33815-62533
62	gajendranath	EX40OVb9c	Gajendranath	Jayaraman	gajendranath@gmail.com	people/men/12.jpg	54203-66176
63	gandharva	TB88BKb5z	Gandharva	Mohammad	gandharva@college.in	people/men/13.jpg	35937-28826
64	gangesh	ZG82YXs3b	Gangesh	Jayaraman	gangesh@yahoo.com	people/men/14.jpg	41833-85118
65	gaurav	CL66RMy6b	Gaurav	Sharma	gaurav@gmail.com	people/men/15.jpg	33482-63453
66	gaurish	82giVT02	Gaurish	Jaiteley	gaurish@college.in	people/men/16.jpg	44900-93221
67	himanshu	94H2wSBC02	Himanshu	Rao	himanshu@gmail.com	people/men/17.jpg	97667-81003
68	hitendra	33cyBX96	Hitendra	Bansal	hitendra@college.in	people/men/18.jpg	95109-38710
69	hridyanshu	RX41WDt8z	Hridyanshu	Malik	hridyanshu@gmail.com	people/men/19.jpg	58177-33372
70	hrydesh	A7IGyx22	Hrydesh	Goel	hrydesh@gmail.com	people/men/20.jpg	99998-19002
71	indradutt	03Q1vUOK94	Indradutt	Chavan	indradutt@yahoo.com	people/men/21.jpg	29911-12254
72	induj	69doQE04	Induj	Lobo	induj@yahoo.com	people/men/22.jpg	56224-34586
73	iravan	DI99UNq8e	Iravan	Saxena	iravan@gmail.com	people/men/23.jpg	17975-19372
74	ishpreet	XE56OZj1a	Ishpreet	Kadam	ishpreet@gmail.com	people/men/24.jpg	75157-97859
75	jaganarayan	76V6fZKT24	Jaganarayan	Chattopadhyay	jaganarayan@iitb.ac.in	people/men/25.jpg	11249-09012
76	jagatpal	L2MSyk22	Jagatpal	Dasgupta	jagatpal@yahoo.com	people/men/26.jpg	46628-67443
77	jahi	RA91MEv4h	Jahi	Tambe	jahi@yahoo.com	people/men/27.jpg	53726-86432
78	jakarious	XK75YWe3x	Jakarious	Dasgupta	jakarious@gmail.com	people/men/28.jpg	37656-13983
79	jalendu	42Q3iMJD77	Jalendu	Bhatnagar	jalendu@gmail.com	people/men/29.jpg	94075-91338
80	janakiraman	84D6fEGK51	Janakiraman	Kadam	janakiraman@college.in	people/men/30.jpg	25462-18825
81	janmesh	31ygKW53	Janmesh	Yadav	janmesh@yahoo.com	people/men/31.jpg	34640-87808
82	jaskaran	F8IBpn24	Jaskaran	Saxena	jaskaran@yahoo.com	people/men/32.jpg	93842-76206
83	jatin	AC22NWe0i	Jatin	Jhadav	jatin@gmail.com	people/men/33.jpg	76693-99062
84	kaushik	06M4fQKE32	Kaushik	Subramanium	kaushik@fanmail.com	people/men/34.jpg	88611-88363
85	kaylor	U1JKyv44	Kaylor	Dutta	kaylor@fanmail.com	people/men/35.jpg	12798-98647
86	keshav	F4WShj36	Keshav	Chatterjee	keshav@college.in	people/men/36.jpg	59537-24036
87	khagesh	14ttSZ08	Khagesh	Subramanium	khagesh@gmail.com	people/men/37.jpg	72511-86399
88	kiash	34wtYC72	Kiash	Jayaraman	kiash@yahoo.com	people/men/38.jpg	10803-44770
89	lailesh	61P9jPHO02	Lailesh	Dsouza	lailesh@college.in	people/men/39.jpg	65906-81271
90	lakshminath	E0BRon18	Lakshminath	Sen	lakshminath@iitb.ac.in	people/men/40.jpg	52955-71735
91	lalchand	B1EVfk88	Lalchand	Rao	lalchand@gmail.com	people/men/41.jpg	90330-01106
92	lalitesh	73G8cEJC25	Lalitesh	Mistry	lalitesh@gmail.com	people/men/42.jpg	28420-84331
93	lohit	C6XTcw92	Lohit	Sengupta	lohit@gmail.com	people/men/43.jpg	44089-41469
94	lokesh	90dyEJ67	Lokesh	Lobo	lokesh@gmail.com	people/men/44.jpg	51436-82977
95	lord shiva	X2VTbc80	Lord Shiva	Chauhan	lord shiva@gmail.com	people/men/45.jpg	21207-37264
96	madhujit	59U4kSLJ87	Madhujit	Chavan	madhujit@rediffmail.com	people/men/46.jpg	63310-12069
97	madhusudhana	68V2kCZR03	Madhusudhana	Rangarajan	madhusudhana@gmail.com	people/men/47.jpg	15877-37853
98	mahaddev	BP44EWa3j	Mahaddev	Gupta	mahaddev@gmail.com	people/men/48.jpg	90601-23308
99	mahasvin	UP33UKh8z	Mahasvin	Pawar	mahasvin@yahoo.com	people/men/49.jpg	16333-83394
100	mahesh	55twXV95	Mahesh	Mehra	mahesh@college.in	people/men/50.jpg	46523-88350
101	mahipati	N0SJrs15	Mahipati	Kapur	mahipati@gmail.com	people/men/51.jpg	20651-77051
102	nrip	C5OWaw64	Nrip	Kapur	nrip@college.in	people/men/52.jpg	94215-01167
103	ojas	93ktWO18	Ojas	Bose	ojas@rediffmail.com	people/men/53.jpg	72307-20027
104	omesh	29V3rWPH27	Omesh	Nair	omesh@yahoo.com	people/men/54.jpg	19430-73021
105	omprakash	SC38VVo3y	Omprakash	Goyal	omprakash@yahoo.com	people/men/55.jpg	63196-26628
106	padmalochan	BR77NMc1i	Padmalochan	Chauhan	padmalochan@gmail.com	people/men/56.jpg	22439-28337
107	padmesh	M9HMyo97	Padmesh	Sen	padmesh@yahoo.com	people/men/57.jpg	10049-92654
108	pallav	IX83EOp0k	Pallav	Garg	pallav@yahoo.com	people/men/58.jpg	57304-74134
109	panduranga	92Y4mENN51	Panduranga	Sengupta	panduranga@fanmail.com	people/men/59.jpg	44757-21302
110	pankajeet	BW16OWf3x	Pankajeet	Saxena	pankajeet@gmail.com	people/men/60.jpg	22565-34090
111	raivata	55X4pGSN03	Raivata	Goel	raivata@gmail.com	people/men/61.jpg	61799-80537
112	rajan	U6SDvn25	Rajan	Bose	rajan@fanmail.com	people/men/62.jpg	18259-82286
113	rajat	VG73UJg4z	Rajat	Mehra	rajat@fanmail.com	people/men/63.jpg	24369-62838
\.


--
-- Data for Name: Vote; Type: TABLE DATA; Schema: public; Owner: postgres
--

COPY "Vote" ("ReviewID", "CustomerUserID", "VotedByCustomerUserID", "TypeOfVote") FROM stdin;
14971	46	6	-1
14961	77	44	1
14893	74	90	-1
14825	35	38	-1
14743	78	14	-1
14864	78	76	-1
14821	58	48	1
14960	57	100	1
14880	2	99	1
14975	84	30	1
14997	68	67	1
14802	72	45	-1
14744	35	41	-1
14851	2	68	-1
14961	77	67	1
14893	74	62	1
14842	14	76	-1
14797	74	35	-1
14870	82	9	-1
14782	9	14	1
14985	100	39	1
14870	82	18	1
14964	18	90	1
14823	70	45	-1
14864	78	6	-1
14923	57	7	1
14785	60	45	1
14976	44	58	-1
14800	68	10	-1
14849	74	91	-1
14742	34	2	1
14989	61	68	1
14941	100	99	-1
14947	61	7	1
14921	69	72	-1
14800	68	70	-1
14940	60	78	-1
14854	77	91	-1
14923	57	45	1
14997	68	11	-1
14814	48	82	1
14923	57	76	1
14972	1	29	1
14859	98	74	1
14757	15	7	-1
14984	61	34	-1
14989	61	98	1
14764	70	90	1
14929	62	84	1
14783	90	8	-1
14830	77	88	-1
14799	70	88	-1
14864	78	67	-1
14783	90	74	-1
14938	79	60	1
14989	61	62	1
14994	6	77	1
14991	74	82	-1
14983	8	57	-1
14962	70	95	-1
14838	9	72	1
14810	2	88	-1
14997	68	46	1
14809	77	100	-1
14847	29	10	1
14995	11	10	-1
14991	74	10	1
14976	44	62	1
14837	10	41	1
14945	79	41	-1
14827	48	39	1
14826	72	79	-1
14971	46	84	1
14983	8	78	-1
14936	9	8	1
14832	10	79	1
14822	46	1	1
14945	79	58	1
14858	56	15	1
14972	1	8	1
14921	69	57	-1
14938	79	15	-1
14916	67	80	-1
14837	10	78	-1
14782	9	38	-1
14961	77	78	-1
14821	58	29	-1
14915	29	7	1
14782	9	35	-1
14868	1	98	-1
14941	100	78	1
14830	77	82	1
14911	16	70	1
14993	16	14	-1
14854	77	6	1
14841	72	56	-1
14788	95	57	1
14803	11	88	1
14747	79	7	-1
14893	74	11	-1
14816	10	15	-1
14976	44	16	1
14859	98	58	-1
14982	22	62	-1
14962	70	34	1
14832	10	41	-1
14974	45	79	-1
14806	34	11	1
14958	34	60	1
14999	100	80	1
14974	45	57	1
14936	9	57	1
14774	35	61	-1
14750	61	6	1
14767	10	98	-1
14785	60	2	-1
14806	34	15	-1
14971	46	62	1
14868	1	39	-1
14996	58	68	1
14746	29	90	-1
14983	8	6	-1
14929	62	97	-1
14842	14	1	-1
14764	70	60	1
14941	100	2	-1
14997	68	39	-1
14747	79	34	-1
14814	48	79	-1
14947	61	48	-1
14849	74	76	1
14966	78	6	1
14916	67	99	1
14973	6	35	-1
14816	10	84	-1
14938	79	90	-1
14796	56	62	-1
14753	62	16	-1
14764	70	41	-1
14976	44	82	1
14994	6	76	-1
14923	57	99	1
14923	57	10	1
14942	35	70	1
14989	61	1	-1
14785	60	99	-1
14828	30	44	-1
14942	35	76	1
14858	56	22	-1
14999	100	84	-1
14940	60	67	-1
14999	100	30	1
14760	82	100	1
14981	6	97	1
14938	79	99	1
14899	68	69	1
14939	70	30	1
14967	1	58	1
14759	41	68	-1
14984	61	46	-1
14742	34	45	-1
14964	18	16	-1
14782	9	1	1
14876	30	16	1
14785	60	72	1
14821	58	15	1
14858	56	79	-1
14800	68	57	-1
14964	18	39	1
14984	61	22	1
14982	22	18	-1
14803	11	62	-1
14958	34	62	1
14989	61	95	-1
14789	76	10	-1
14744	35	39	-1
14782	9	15	1
14933	72	97	-1
14775	38	91	1
14744	35	38	1
14985	100	61	1
14921	69	41	1
14992	88	68	-1
14899	68	99	-1
14883	95	30	1
14806	34	76	-1
14951	60	72	1
14767	10	56	1
14876	30	29	-1
14832	10	58	1
14984	61	56	1
14752	14	1	1
14996	58	80	-1
14774	35	77	-1
14916	67	22	-1
14746	29	74	-1
14838	9	46	-1
14822	46	78	-1
14828	30	38	-1
14955	67	22	-1
14740	67	29	-1
14803	11	30	1
14842	14	6	1
14888	9	16	-1
14775	38	60	1
14814	48	8	1
14854	77	67	-1
14994	6	62	-1
14770	80	57	1
14973	6	70	1
14939	70	34	1
14828	30	70	1
14754	69	48	-1
14929	62	95	-1
14994	6	60	1
14753	62	76	1
14868	1	60	1
14948	70	48	1
14985	100	10	1
14851	2	15	-1
14847	29	30	1
14921	69	61	-1
14839	82	41	-1
14870	82	98	-1
14752	14	82	1
14839	82	2	-1
14962	70	48	-1
14923	57	58	-1
14858	56	6	1
14825	35	8	-1
14864	78	44	1
14849	74	97	1
14851	2	16	1
14854	77	100	1
14842	14	7	-1
14933	72	61	-1
14938	79	41	-1
14803	11	14	1
14989	61	45	-1
14975	84	100	-1
14782	9	78	-1
14888	9	39	1
14773	7	82	1
14799	70	98	1
14858	56	7	-1
14967	1	90	1
14746	29	57	1
14880	2	72	1
14757	15	44	1
14981	6	57	1
14806	34	10	-1
14974	45	10	1
14996	58	95	-1
14783	90	34	1
14788	95	80	1
14810	2	8	1
14740	67	72	-1
14984	61	6	1
14802	72	39	1
14810	2	79	1
14981	6	82	1
14793	57	82	1
14942	35	15	-1
14995	11	57	1
14796	56	69	1
14740	67	2	1
14961	77	72	1
14822	46	72	-1
14973	6	84	1
14767	10	30	1
14955	67	9	-1
14974	45	38	-1
14942	35	74	1
14910	48	7	-1
14860	1	62	-1
14859	98	41	1
14747	79	74	1
14966	78	99	-1
14803	11	48	-1
14822	46	22	-1
14810	2	41	-1
14860	1	98	1
14800	68	69	1
14816	10	2	1
14831	44	91	-1
14951	60	61	1
14825	35	7	-1
14859	98	2	-1
14749	91	80	1
14860	1	70	-1
14975	84	57	1
14823	70	39	1
14749	91	98	-1
14936	9	14	1
14946	10	38	-1
14947	61	80	1
14868	1	77	-1
14770	80	67	1
14788	95	82	1
14961	77	57	1
14939	70	100	1
14743	78	29	-1
14888	9	58	1
14936	9	11	1
14974	45	39	-1
14991	74	72	1
14811	69	77	1
14995	11	95	-1
14859	98	8	1
14975	84	7	1
14995	11	77	-1
14903	7	35	1
14936	9	70	-1
14775	38	2	-1
14750	61	38	-1
14819	18	39	1
14793	57	68	1
14791	45	1	-1
14915	29	8	-1
14870	82	11	-1
14831	44	90	-1
14961	77	100	1
14800	68	58	1
14992	88	2	-1
14832	10	1	1
14982	22	76	1
14995	11	76	-1
14849	74	72	1
14811	69	100	1
14994	6	78	-1
14955	67	68	-1
14830	77	57	1
14802	72	99	1
14919	14	58	-1
14883	95	15	-1
14962	70	60	1
14899	68	16	-1
14861	56	30	-1
14819	18	100	-1
14808	79	46	1
14832	10	76	-1
14793	57	56	-1
14842	14	39	1
14810	2	70	-1
14800	68	11	-1
14825	35	18	1
14886	58	1	1
14940	60	14	1
14948	70	30	1
14746	29	39	-1
14981	6	90	-1
14994	6	70	1
14994	6	10	1
14941	100	34	1
14893	74	16	-1
14985	100	14	1
14967	1	10	1
14810	2	39	1
14802	72	84	-1
14858	56	29	-1
14945	79	2	-1
14811	69	15	1
14819	18	10	1
14799	70	11	1
14854	77	80	1
14921	69	67	-1
14910	48	22	1
14983	8	61	1
14991	74	39	-1
14903	7	72	1
14847	29	97	1
14976	44	1	-1
14743	78	72	-1
14923	57	15	1
14839	82	97	1
14929	62	88	-1
14788	95	79	1
14941	100	39	1
14940	60	56	1
14782	9	76	1
14809	77	9	1
14783	90	98	-1
14802	72	91	1
14924	67	34	1
14744	35	6	-1
14947	61	14	1
14773	7	58	1
14962	70	41	-1
14910	48	9	-1
14888	9	100	-1
14935	45	7	1
14962	70	8	-1
14967	1	39	1
14793	57	88	1
14887	9	15	-1
14743	78	1	1
14851	2	72	1
14797	74	29	-1
14947	61	95	1
14808	79	57	1
14851	2	62	1
14753	62	69	-1
14823	70	41	1
14810	2	62	1
14849	74	56	-1
14916	67	98	-1
14854	77	58	-1
14827	48	7	1
14830	77	18	1
14809	77	98	-1
14910	48	15	1
14858	56	77	-1
14842	14	10	1
14810	2	7	1
14960	57	6	1
14783	90	46	1
14981	6	18	-1
14814	48	67	1
14936	9	72	-1
14890	9	8	1
14964	18	77	1
14860	1	97	1
14995	11	61	1
14854	77	30	1
14962	70	98	1
14767	10	45	1
14996	58	18	1
14823	70	6	1
14994	6	98	-1
14923	57	60	-1
14888	9	22	-1
14809	77	68	-1
14946	10	9	1
14825	35	68	-1
14838	9	57	-1
14936	9	48	-1
14753	62	67	1
14809	77	79	-1
14919	14	35	1
14968	91	69	-1
14822	46	18	-1
14810	2	57	-1
14890	9	84	1
14747	79	57	-1
14989	61	91	-1
14919	14	80	1
14947	61	16	1
14893	74	88	1
14997	68	18	1
14935	45	74	-1
14942	35	82	-1
14822	46	61	-1
14936	9	16	-1
14985	100	69	-1
14808	79	74	1
14742	34	97	1
14788	95	34	-1
14800	68	6	-1
14899	68	61	-1
14861	56	62	1
14929	62	60	-1
14768	97	82	1
14811	69	91	1
14860	1	30	-1
14961	77	99	1
14975	84	72	-1
14838	9	97	1
14752	14	80	-1
14825	35	69	1
14948	70	77	1
14800	68	46	1
14806	34	97	-1
14803	11	34	-1
14899	68	70	1
14880	2	62	-1
14767	10	100	-1
14827	48	62	1
14811	69	61	-1
14993	16	38	1
14757	15	48	1
14814	48	60	-1
14991	74	35	-1
14888	9	67	-1
14809	77	70	1
14806	34	38	-1
14985	100	56	1
14955	67	70	1
14768	97	1	-1
14960	57	90	-1
14911	16	88	-1
14799	70	46	-1
14744	35	95	-1
14910	48	78	1
14837	10	57	1
14760	82	11	1
14858	56	16	1
14746	29	44	1
14752	14	58	-1
14985	100	77	1
14810	2	84	1
14929	62	61	-1
14810	2	68	-1
14991	74	56	-1
14860	1	60	-1
14827	48	98	1
14915	29	16	1
14740	67	45	-1
14811	69	8	-1
14764	70	57	-1
14981	6	7	-1
14961	77	76	-1
14951	60	9	1
14989	61	100	-1
14842	14	90	1
14788	95	22	1
14915	29	46	1
14973	6	74	1
14962	70	7	1
14880	2	8	-1
14941	100	72	-1
14915	29	11	1
14911	16	58	-1
14910	48	98	1
14825	35	57	-1
14939	70	16	-1
14785	60	97	1
14826	72	58	-1
14800	68	44	-1
14976	44	57	1
14826	72	46	1
14948	70	9	-1
14890	9	90	-1
14868	1	11	-1
14788	95	97	-1
14911	16	35	-1
14915	29	30	1
14968	91	80	1
14832	10	78	1
14946	10	100	1
14903	7	76	-1
14759	41	56	1
14757	15	22	1
14967	1	70	-1
14903	7	10	1
14839	82	76	-1
14946	10	39	1
14984	61	67	-1
14750	61	57	-1
14783	90	48	1
14838	9	30	1
14750	61	80	1
14974	45	56	1
14750	61	82	1
14769	39	97	-1
14822	46	99	-1
14858	56	72	-1
14933	72	1	-1
14982	22	77	-1
14744	35	67	-1
14975	84	46	1
14740	67	97	1
14883	95	98	1
14942	35	100	1
14760	82	14	-1
14948	70	16	-1
14826	72	41	1
14860	1	15	1
14770	80	74	-1
14989	61	46	-1
14816	10	95	1
14983	8	79	1
14996	58	15	-1
14770	80	91	1
14832	10	44	-1
14849	74	2	1
14808	79	95	1
14929	62	22	1
14782	9	62	1
14976	44	80	-1
14890	9	6	-1
14966	78	7	1
14876	30	15	1
14947	61	62	-1
14760	82	10	-1
14822	46	11	-1
14958	34	80	1
14864	78	35	1
14883	95	1	1
14883	95	70	1
14916	67	97	-1
14757	15	45	1
14955	67	1	-1
14823	70	84	-1
14759	41	80	-1
14796	56	68	-1
14899	68	57	1
14975	84	8	-1
14951	60	84	1
14946	10	44	-1
14760	82	72	-1
14916	67	9	1
14946	10	14	1
14919	14	100	1
14811	69	16	-1
14864	78	41	1
14916	67	68	1
14991	74	70	1
14942	35	6	1
14960	57	29	-1
14958	34	68	1
14886	58	98	1
14809	77	29	-1
14948	70	90	1
14911	16	57	-1
14991	74	18	1
14991	74	6	1
14915	29	2	1
14806	34	30	-1
14997	68	56	1
14999	100	67	1
14989	61	70	-1
14883	95	8	-1
14747	79	11	1
14999	100	1	1
14743	78	16	1
14825	35	15	1
14994	6	74	-1
14775	38	18	-1
14750	61	16	-1
14827	48	29	-1
14903	7	8	-1
14774	35	62	1
14775	38	70	1
14916	67	8	1
14960	57	11	-1
14757	15	30	-1
14948	70	80	1
14823	70	67	1
14826	72	60	1
14919	14	82	1
14841	72	80	1
14830	77	74	1
14971	46	1	1
14935	45	58	1
14919	14	88	-1
14782	9	97	-1
14939	70	82	1
14788	95	56	1
14760	82	77	1
14743	78	90	-1
14797	74	10	-1
14911	16	56	1
14991	74	95	-1
14803	11	10	1
14890	9	76	1
14941	100	76	1
14918	39	22	-1
14991	74	2	1
14752	14	35	1
14847	29	100	-1
14942	35	1	1
14860	1	6	1
14808	79	82	1
14893	74	22	-1
14960	57	68	-1
14924	67	58	1
14774	35	44	-1
14958	34	100	1
14819	18	22	-1
14858	56	70	-1
14838	9	11	-1
14809	77	61	-1
14955	67	79	1
14828	30	74	1
14851	2	41	1
14994	6	67	-1
14992	88	79	1
14775	38	41	1
14942	35	57	1
14757	15	61	1
14955	67	44	1
14747	79	41	-1
14806	34	45	1
14851	2	90	-1
14967	1	60	1
14847	29	79	-1
14868	1	34	1
14821	58	1	1
14838	9	67	1
14911	16	77	-1
14743	78	98	1
14764	70	22	1
14994	6	15	1
14880	2	34	-1
14899	68	88	1
14740	67	74	-1
14976	44	95	1
14870	82	67	-1
14773	7	8	1
14942	35	41	-1
14947	61	82	-1
14773	7	11	1
14880	2	97	-1
14989	61	2	-1
14759	41	16	1
14747	79	45	1
14764	70	78	1
14802	72	30	-1
14832	10	45	1
14941	100	62	1
14992	88	61	1
14806	34	74	-1
14876	30	39	-1
14893	74	15	1
14767	10	8	1
14961	77	90	1
14981	6	15	-1
14858	56	11	-1
14939	70	61	1
14883	95	80	1
14767	10	2	-1
14870	82	39	1
14796	56	1	1
14876	30	74	-1
14968	91	39	1
14985	100	68	-1
14847	29	67	1
14971	46	99	1
14968	91	14	1
14948	70	61	-1
14887	9	68	-1
14860	1	67	-1
14861	56	99	-1
14800	68	29	1
14849	74	6	1
14870	82	30	1
14854	77	1	-1
14972	1	14	-1
14916	67	58	-1
14823	70	30	-1
14935	45	72	-1
14802	72	80	1
14838	9	100	1
14759	41	69	1
14750	61	22	1
14886	58	69	-1
14827	48	61	-1
14993	16	34	1
14861	56	61	-1
14985	100	91	1
14997	68	69	1
14887	9	91	1
14997	68	79	-1
14942	35	69	1
14743	78	95	1
14750	61	56	-1
14985	100	88	-1
14747	79	88	-1
14750	61	70	1
14849	74	78	1
14942	35	14	-1
14831	44	30	-1
14767	10	14	-1
14886	58	70	-1
14935	45	78	1
14972	1	88	1
14976	44	30	1
14975	84	80	1
14968	91	58	-1
14951	60	10	-1
14976	44	22	-1
14938	79	44	-1
14822	46	8	1
14899	68	97	1
14961	77	80	1
14849	74	79	-1
14975	84	58	-1
14983	8	62	1
14753	62	90	-1
14754	69	14	-1
14975	84	74	1
14810	2	91	-1
14767	10	78	1
14888	9	34	1
14993	16	84	-1
14999	100	60	-1
14947	61	60	-1
14828	30	100	-1
14811	69	97	1
14933	72	34	1
14789	76	35	-1
14802	72	56	1
14876	30	1	-1
14822	46	57	1
14864	78	39	1
14999	100	69	-1
14868	1	91	1
14752	14	44	1
14962	70	38	-1
14967	1	72	-1
14887	9	90	1
14750	61	69	-1
14774	35	70	1
14939	70	44	1
14825	35	2	1
14997	68	99	-1
14992	88	74	-1
14785	60	16	-1
14962	70	79	1
14816	10	14	-1
14968	91	46	-1
14919	14	79	-1
14984	61	35	1
14876	30	22	1
14793	57	8	1
14796	56	61	-1
14981	6	77	1
14816	10	78	-1
14966	78	45	1
14935	45	60	-1
14753	62	82	1
14859	98	76	-1
14768	97	62	-1
14769	39	72	-1
14975	84	2	-1
14753	62	14	-1
14948	70	100	-1
14847	29	95	1
14783	90	61	-1
14876	30	44	1
14976	44	2	-1
14789	76	29	-1
14981	6	98	-1
14800	68	2	-1
14996	58	69	-1
14806	34	57	-1
14753	62	99	1
14911	16	10	1
14999	100	68	1
14747	79	97	1
14960	57	82	1
14830	77	84	-1
14759	41	76	-1
14921	69	76	-1
14754	69	38	1
14744	35	48	1
14847	29	80	-1
14883	95	39	-1
14770	80	79	1
14880	2	46	1
14802	72	60	-1
14832	10	29	-1
14936	9	2	-1
14854	77	16	-1
14985	100	22	-1
14859	98	22	1
14886	58	62	-1
14746	29	91	1
14799	70	99	-1
14951	60	30	-1
14799	70	67	-1
\.


--
-- Data for Name: Wish; Type: TABLE DATA; Schema: public; Owner: postgres
--

COPY "Wish" ("WishID", "CustomerUserID", "Description", "MaximumPrice", "StartDate", "EndDate", "Days", "StartTime", "EndTime", "ServiceID", "RegionID", "Timestamp") FROM stdin;
0	79	Lorem ipsum dolor sit amet, consectetur adipiscing elit. Vehicula tempus proin mauris sociis sapien mi facilisi parturient praesent.\n\n	548	2014-05-08	2014-07-07	0111001	22:00:00	04:00:00	249	1	2013-07-02 14:00:00
1	91	Class tempor gravida pellentesque pretium etiam himenaeos sem venenatis justo?\n\n	575	2014-03-07	2014-04-08	1100011	14:00:00	18:00:00	70	18	2013-07-01 03:00:00
3	72	Potenti integre Tincidunt phasellus gravida sed leo bibendum nullam dignissim.\n\n	460	2014-03-05	2014-06-03	0111100	23:30:00	09:00:00	375	37	2013-04-07 15:00:00
5	68	Luctus nulla volutpat lobortis adipiscing donec hac ultrices mattis eleifend.\n\n	735	2014-02-04	2014-08-07	1101100	19:00:00	17:30:00	105	50	2013-04-06 17:00:00
6	57	Nostra dapibus euismod condimentum sem bibendum metus, fames commodo blandit...\n\n	226	2014-09-02	2014-07-06	1100011	22:30:00	20:30:00	100	36	2013-01-09 07:00:00
9	67	Penatibus tortor Elit semper lacus vulputate lectus id facilisis ultrices.\n\n	654	2014-04-02	2014-01-04	0011011	11:00:00	05:00:00	400	10	2013-07-01 15:00:00
12	44	Maecenas elit accumsan rutrum sapien enim faucibus rhoncus nec lacinia.\n\n	737	2014-06-07	2014-03-06	0110101	11:30:00	09:00:00	31	50	2013-07-04 15:00:00
14	70	Dapibus dictumst lacus vulputate sociis cum, purus turpis ultrices eleifend.\n\n	341	2014-03-08	2014-05-03	0101110	09:30:00	08:30:00	239	22	2013-08-01 23:00:00
17	41	In tempus dictumst etiam rutrum primis id aptent eros magna.\n\n	823	2014-01-03	2014-04-08	1110001	19:00:00	18:00:00	97	49	2013-03-03 06:00:00
20	82	Maecenas nisi augue ut fusce risus rhoncus felis, odio dui.\n\n	410	2014-07-01	2014-05-08	0101101	04:00:00	13:30:00	5	26	2013-06-04 10:00:00
25	48	Nostra neque nascetur class leo conubia habitant fames ridiculus justo?\n\n	249	2014-07-04	2014-03-04	0111100	15:00:00	04:30:00	229	50	2013-01-03 19:00:00
26	69	Urna nunc Tincidunt semper himenaeos eu leo ac dignissim congue.\n\n	629	2014-03-05	2014-08-01	1001101	20:00:00	21:00:00	204	38	2013-01-06 22:00:00
27	16	Tortor tempus sodales torquent mauris per iaculis nisl blandit congue.\n\n	854	2014-03-01	2014-04-02	0111100	19:00:00	05:30:00	377	41	2013-01-01 08:00:00
30	84	Dapibus sapien lectus quam facilisis laoreet - nisl egestas mattis nec.\n\n	270	2014-01-05	2014-05-01	0110110	21:30:00	05:00:00	65	50	2013-03-08 19:00:00
33	7	Nisi quis accumsan tristique aenean sociis molestie interdum - fames fermentum?\n\n	588	2014-08-09	2014-09-06	0010111	17:00:00	02:00:00	35	7	2013-08-09 17:00:00
35	77	Convallis urna Lacus ullamcorper vestibulum enim porta parturient turpis ligula.\n\n	597	2014-06-03	2014-09-09	1011010	04:30:00	00:00:00	183	8	2013-05-04 21:00:00
36	72	Fringilla natoque Curabitur dictumst litora aenean - rutrum eu congue fermentum.\n\n	764	2014-09-04	2014-03-08	1010110	23:00:00	00:30:00	238	44	2013-03-03 14:00:00
38	56	Cubilia tincidunt litora aenean primis nullam laoreet mollis et lacinia?\n\n	624	2014-05-01	2014-04-09	1001011	23:00:00	14:00:00	153	0	2013-05-09 05:00:00
39	88	Convallis cursus ut tempus erat faucibus - eros cum fames sit.\n\n	559	2014-09-01	2014-08-02	0011011	10:30:00	17:00:00	245	12	2013-06-08 05:00:00
42	45	Curae accumsan condimentum aenean erat eu posuere elementum; odio venenatis.\n\n	774	2014-04-04	2014-02-01	0011110	01:30:00	19:30:00	154	18	2013-04-02 03:00:00
43	22	Libero nunc Inceptos torquent proin nam dis porta commodo eleifend.\n\n	823	2014-06-08	2014-02-07	0111010	00:00:00	02:00:00	74	9	2013-08-05 07:00:00
44	97	Taciti non Tempus pellentesque sodales pretium etiam consectetur dui ligula.\n\n	207	2014-02-09	2014-08-05	1000111	11:00:00	16:00:00	88	3	2013-04-06 06:00:00
47	79	Habitasse vehicula litora malesuada sapien mi molestie praesent varius eleifend.\n\n	327	2014-09-08	2014-01-04	1100110	06:00:00	16:00:00	45	46	2013-02-07 14:00:00
48	77	Cursus in cubilia scelerisque nascetur volutpat: aenean sagittis ultricies turpis?\n\n	400	2014-09-06	2014-09-06	0101011	21:00:00	12:00:00	152	11	2013-03-01 04:00:00
50	70	Vitae cubilia luctus ut torquent malesuada erat viverra risus fermentum.\n\n	662	2014-09-09	2014-08-05	1101010	23:30:00	01:00:00	188	21	2013-09-09 17:00:00
52	98	Elit vehicula neque gravida massa ornare sagittis iaculis: dictum varius?\n\n	961	2014-01-09	2014-03-03	1100110	14:00:00	13:30:00	129	48	2013-09-08 03:00:00
56	14	Maecenas velit pellentesque erat fusce enim - facilisi facilisis felis vivamus.\n\n	946	2014-02-06	2014-02-03	1010011	09:30:00	06:00:00	168	38	2013-02-02 16:00:00
58	8	Augue scelerisque quisque diam velit inceptos sodales - bibendum parturient ultrices.\n\n	588	2014-03-02	2014-09-01	0110101	05:30:00	17:00:00	197	44	2013-05-02 16:00:00
64	45	Maecenas cursus potenti luctus sodales pretium per arcu ultrices egestas?\n\n	877	2014-09-06	2014-03-03	1010110	10:30:00	07:30:00	161	50	2013-01-05 16:00:00
65	18	Est in fringilla augue dapibus nibh per rutrum sapien conubia?\n\n	512	2014-01-07	2014-03-07	1010011	02:00:00	06:00:00	122	23	2013-05-01 13:00:00
68	48	Cursus montes sociosqu in aliquet donec mollis; egestas mus varius!\n\n	298	2014-08-02	2014-05-09	0111010	02:00:00	11:00:00	198	11	2013-09-05 20:00:00
72	2	Dictumst malesuada sociis donec aptent elementum venenatis fermentum - porttitor morbi.\n\n	795	2014-03-03	2014-02-04	1011010	00:30:00	09:30:00	171	32	2013-09-07 04:00:00
75	45	Convallis tempus tristique vel erat vestibulum porta adipiscing praesent ultrices.\n\n	689	2014-08-02	2014-01-04	0110101	22:30:00	08:30:00	245	30	2013-06-02 13:00:00
77	44	Urna amet luctus senectus dapibus integre sapien faucibus rhoncus mollis.\n\n	503	2014-09-03	2014-04-01	1000111	07:30:00	14:30:00	146	45	2013-04-08 10:00:00
78	70	Potenti nunc nisi senectus aliquet massa erat; id at mus.\n\n	496	2014-08-08	2014-05-03	1101100	11:00:00	10:30:00	40	8	2013-06-06 21:00:00
82	98	Lorem sed orci aenean eget cum purus; ultricies fames lacinia.\n\n	770	2014-05-06	2014-05-01	1001101	23:00:00	23:30:00	44	0	2013-03-07 10:00:00
83	79	Taciti integre tempus malesuada eu mi hac magna nisl aliquam.\n\n	581	2014-05-07	2014-05-09	1110100	14:30:00	02:30:00	28	11	2013-04-05 12:00:00
85	77	Habitasse scelerisque Quisque sodales sapien platea conubia nec blandit justo!\n\n	491	2014-01-05	2014-09-03	0001111	09:30:00	08:00:00	75	19	2013-09-08 16:00:00
88	91	Nisi magnis dolor tristique orci mauris leo viverra: at blandit.\n\n	401	2014-05-03	2014-08-07	0110101	15:00:00	11:00:00	373	30	2013-09-09 15:00:00
89	44	Suspendisse velit lacus aliquet ipsum leo cum conubia suscipit congue!\n\n	554	2014-06-06	2014-01-02	1100011	22:30:00	06:30:00	10	18	2013-06-09 07:00:00
90	41	Maecenas dapibus euismod malesuada consequat imperdiet elementum, a venenatis fermentum...\n\n	237	2014-05-06	2014-04-07	1110100	19:00:00	15:00:00	31	6	2013-05-06 05:00:00
92	77	Tortor dapibus diam sed ipsum leo lectus ultricies egestas sit?\n\n	669	2014-03-02	2014-06-02	0101101	16:00:00	17:30:00	384	23	2013-03-08 12:00:00
93	84	Penatibus nisi taciti neque diam accumsan, sollicitudin magna habitant vivamus.\n\n	729	2014-03-08	2014-03-08	1101100	09:30:00	19:30:00	393	45	2013-03-03 11:00:00
95	100	Accumsan class gravida mauris sociis posuere molestie donec: platea elementum.\n\n	518	2014-06-06	2014-09-09	1011010	06:00:00	11:30:00	381	38	2013-04-06 20:00:00
97	57	Convallis urna Amet nunc diam velit at nisl: egestas venenatis.\n\n	861	2014-04-01	2014-07-07	0001111	15:00:00	15:00:00	384	31	2013-02-07 10:00:00
99	45	Integre lacus nibh lobortis erat eu pharetra mattis venenatis fermentum.\n\n	277	2014-05-06	2014-05-08	0111010	02:30:00	23:00:00	176	47	2013-01-06 17:00:00
100	98	Elit vehicula nibh malesuada vulputate himenaeos per vel aptent aliquam!\n\n	986	2014-08-03	2014-07-05	0101101	08:30:00	14:00:00	237	9	2013-05-07 08:00:00
101	60	Est neque integre nascetur gravida vulputate erat aptent: magna morbi.\n\n	773	2014-03-05	2014-08-06	0011110	09:00:00	06:30:00	216	27	2013-04-03 02:00:00
108	99	Cras dapibus inceptos pharetra pulvinar facilisis nisl; mus a eleifend.\n\n	703	2014-04-09	2014-03-06	1011100	01:30:00	13:30:00	103	28	2013-05-07 16:00:00
110	45	Penatibus tortor Elit nisi phasellus ac id ligula: fermentum justo!\n\n	606	2014-01-05	2014-03-01	1011001	07:00:00	16:30:00	145	45	2013-08-07 11:00:00
114	82	Non magnis euismod pharetra quam elementum - interdum felis congue lacinia.\n\n	926	2014-02-05	2014-08-03	1010101	14:30:00	18:00:00	13	40	2013-01-07 01:00:00
115	14	Convallis vehicula scelerisque neque quis gravida ornare bibendum rhoncus egestas.\n\n	319	2014-04-03	2014-03-05	1101001	13:00:00	23:30:00	67	20	2013-02-04 00:00:00
120	22	Suspendisse quis consectetur vestibulum mi lectus nullam facilisi eleifend morbi.\n\n	442	2014-09-09	2014-06-06	1101010	10:30:00	14:30:00	234	18	2013-05-01 07:00:00
122	99	Maecenas potenti neque velit litora proin mi donec arcu egestas.\n\n	557	2014-04-09	2014-03-09	0100111	05:00:00	16:30:00	202	17	2013-02-04 18:00:00
131	60	In amet fringilla non sollicitudin sagittis adipiscing platea - conubia vivamus.\n\n	225	2014-05-08	2014-03-06	0100111	07:00:00	20:30:00	35	50	2013-06-01 05:00:00
136	60	Nostra in Natoque lacus euismod ornare viverra; platea ultrices suscipit.\n\n	941	2014-05-09	2014-07-05	0011101	12:00:00	10:00:00	151	28	2013-06-08 22:00:00
140	10	Potenti taciti Condimentum porta bibendum eros fames mus varius eleifend.\n\n	812	2014-06-05	2014-02-01	1110010	21:00:00	03:00:00	229	30	2013-02-03 05:00:00
141	77	Suspendisse volutpat sollicitudin mauris nam nullam interdum; blandit suscipit justo.\n\n	687	2014-03-04	2014-04-05	1000111	16:30:00	10:30:00	241	28	2013-07-08 05:00:00
146	48	Habitasse cras in nunc suspendisse lacus id hac elementum mollis?\n\n	456	2014-09-02	2014-03-06	1000111	19:00:00	16:00:00	12	7	2013-07-01 23:00:00
148	91	Vitae luctus neque accumsan torquent viverra posuere quam nec dui.\n\n	762	2014-04-04	2014-08-02	1100011	09:00:00	13:00:00	88	32	2013-07-06 13:00:00
150	57	Libero semper litora leo bibendum pulvinar faucibus; cum odio dui.\n\n	965	2014-02-09	2014-03-05	1101100	19:00:00	16:30:00	371	21	2013-02-02 03:00:00
152	99	Vehicula potenti neque quisque phasellus massa lobortis ac cum dictum?\n\n	845	2014-05-09	2014-05-09	0010111	01:30:00	14:30:00	115	14	2013-07-08 10:00:00
154	76	Vehicula curabitur massa vel bibendum hac ultrices mattis varius sit?\n\n	856	2014-09-08	2014-07-03	0001111	08:30:00	13:00:00	4	11	2013-03-05 08:00:00
158	30	Cubilia Scelerisque quisque sociis ornare dignissim donec cum iaculis fermentum.\n\n	858	2014-04-05	2014-06-05	1100110	12:30:00	07:30:00	131	25	2013-09-06 17:00:00
159	29	Tortor natoque euismod sodales eu facilisi rhoncus arcu fames vivamus.\n\n	210	2014-04-08	2014-03-02	0100111	10:30:00	21:30:00	95	48	2013-04-07 09:00:00
166	8	Nunc nisi tincidunt gravida nibh sapien faucibus quam elementum ante.\n\n	928	2014-05-03	2014-07-03	0010111	03:00:00	09:30:00	249	13	2013-01-09 22:00:00
168	9	Integre dolor Class gravida sodales pretium orci: id facilisi dignissim.\n\n	403	2014-05-01	2014-01-07	1101100	08:30:00	21:00:00	27	35	2013-01-08 21:00:00
169	60	Tortor ut semper aliquet proin risus molestie eros - hac feugiat?\n\n	494	2014-06-02	2014-04-05	0111100	18:00:00	22:30:00	48	34	2013-08-09 08:00:00
177	8	Gravida proin ullamcorper ipsum metus dignissim - conubia dictum nisl venenatis?\n\n	836	2014-06-07	2014-06-01	1111000	07:00:00	13:00:00	35	50	2013-03-01 13:00:00
190	97	Lorem integre Velit tristique litora condimentum sem bibendum - vivamus morbi?\n\n	658	2014-02-04	2014-02-08	1010101	15:00:00	09:00:00	124	9	2013-05-04 12:00:00
192	1	Pretium fusce sem bibendum rhoncus facilisis elementum - nisl ante ligula!\n\n	714	2014-09-07	2014-01-04	0110101	05:00:00	02:30:00	167	17	2013-08-09 17:00:00
193	70	Nunc Non quis pellentesque leo molestie elementum mollis interdum et?\n\n	490	2014-04-07	2014-08-01	1010011	21:30:00	20:00:00	132	38	2013-06-08 05:00:00
195	62	Dapibus torquent enim duis magna interdum egestas blandit a ligula!\n\n	618	2014-01-09	2014-07-05	1010011	04:00:00	00:00:00	58	7	2013-09-04 14:00:00
203	79	Curae tempor nulla inceptos aliquet proin id; laoreet venenatis ligula.\n\n	577	2014-03-05	2014-03-05	1011100	08:30:00	19:00:00	127	2	2013-04-01 15:00:00
209	35	Tortor dolor tempus leo risus nullam; mollis egestas aliquam porttitor!\n\n	223	2014-04-08	2014-01-09	1010101	00:30:00	20:00:00	43	2	2013-05-09 10:00:00
210	35	Scelerisque integre pellentesque per nullam adipiscing ac cum, facilisis justo?\n\n	867	2014-02-09	2014-06-06	0100111	21:00:00	23:30:00	137	38	2013-07-09 04:00:00
211	44	Gravida nibh per eu sem enim; adipiscing facilisi iaculis dictum?\n\n	571	2014-02-04	2014-06-03	1010110	14:00:00	01:00:00	92	23	2013-01-06 00:00:00
215	48	Nunc vulputate vel leo pharetra faucibus feugiat dictum turpis varius?\n\n	622	2014-03-09	2014-02-08	1010101	02:30:00	14:00:00	242	38	2013-09-05 23:00:00
216	84	Montes scelerisque neque nascetur tristique aptent: mollis magna et venenatis.\n\n	309	2014-09-06	2014-04-09	0100111	09:30:00	02:00:00	164	16	2013-06-06 21:00:00
219	79	Curae gravida nibh sociis sapien adipiscing id iaculis aliquam morbi?\n\n	271	2014-01-04	2014-04-02	0111100	19:30:00	20:00:00	226	20	2013-06-09 11:00:00
221	69	Cubilia taciti Magnis sociis molestie id hac - imperdiet laoreet congue.\n\n	605	2014-06-06	2014-06-08	1101100	10:30:00	03:00:00	19	37	2013-03-07 23:00:00
224	97	Tincidunt sodales torquent rutrum eros parturient turpis - egestas mus dui.\n\n	283	2014-08-05	2014-02-07	1000111	11:30:00	14:00:00	390	23	2013-07-09 11:00:00
225	8	Fringilla nisi nascetur rutrum fusce primis porta id rhoncus eros.\n\n	834	2014-03-07	2014-08-07	1100011	05:30:00	23:30:00	116	23	2013-05-01 16:00:00
231	34	Nostra Cras neque pharetra facilisi hac tellus iaculis, placerat magna.\n\n	742	2014-05-08	2014-02-07	1110100	19:00:00	15:00:00	399	29	2013-06-09 05:00:00
234	91	Maecenas curae Non mi risus dignissim hendrerit; commodo dui justo!\n\n	689	2014-05-08	2014-09-01	0011101	03:00:00	01:30:00	19	8	2013-04-06 15:00:00
235	72	Suspendisse taciti scelerisque dapibus consequat fusce molestie at arcu blandit.\n\n	211	2014-06-04	2014-08-03	1001011	07:00:00	17:00:00	61	48	2013-04-07 16:00:00
238	48	Convallis cras suspendisse cubilia scelerisque faucibus ultrices varius - congue venenatis?\n\n	928	2014-06-07	2014-06-04	1011010	05:00:00	05:30:00	248	0	2013-09-01 14:00:00
239	48	Ad class vestibulum dis bibendum hac varius blandit porttitor morbi.\n\n	466	2014-01-01	2014-04-07	1101010	07:00:00	16:30:00	69	44	2013-06-07 03:00:00
240	11	Curae vehicula diam lobortis ipsum cum iaculis purus egestas ante.\n\n	479	2014-02-09	2014-02-03	0011011	17:30:00	12:00:00	379	34	2013-01-07 05:00:00
243	67	Habitasse dapibus sem facilisis ultricies ante commodo mus suscipit fermentum.\n\n	354	2014-09-01	2014-01-02	1011001	16:00:00	21:30:00	13	27	2013-01-02 06:00:00
250	2	Est potenti tincidunt litora lobortis mauris: vel pharetra pulvinar ligula!\n\n	291	2014-06-01	2014-09-03	0110110	23:30:00	13:00:00	37	9	2013-01-01 07:00:00
252	16	Accumsan nulla massa lectus nullam elementum dictum ultricies - vivamus lacinia.\n\n	298	2014-08-04	2014-05-06	1111000	19:30:00	15:00:00	96	42	2013-06-02 19:00:00
254	74	Dapibus tincidunt Lacus euismod sociis sapien: viverra praesent fames et.\n\n	627	2014-07-03	2014-09-07	1111000	10:00:00	19:00:00	380	32	2013-05-02 05:00:00
256	98	Habitasse curabitur tincidunt velit sed enim iaculis dictum: purus porttitor!\n\n	549	2014-08-03	2014-06-04	1100110	03:00:00	19:00:00	173	25	2013-06-06 10:00:00
257	98	Urna magnis Neque quisque enim sagittis rhoncus et nec dui!\n\n	656	2014-03-06	2014-09-07	0101110	10:00:00	18:30:00	33	3	2013-02-05 01:00:00
258	68	Maecenas sed Orci proin aenean vestibulum sapien porta - facilisis arcu?\n\n	849	2014-02-07	2014-03-03	1011010	07:00:00	16:00:00	22	50	2013-04-03 15:00:00
261	84	Penatibus amet Augue quisque consequat ac: quam at habitant eleifend!\n\n	375	2014-06-09	2014-08-02	0101011	15:30:00	07:00:00	385	43	2013-01-01 14:00:00
263	70	Integre semper massa pretium molestie platea laoreet magna dictum mus?\n\n	489	2014-09-05	2014-08-01	1100101	06:30:00	22:00:00	193	7	2013-03-07 03:00:00
267	76	Augue integre class porta pulvinar mollis purus praesent nec fermentum.\n\n	273	2014-02-04	2014-07-01	1100101	21:30:00	05:30:00	182	9	2013-07-04 12:00:00
268	79	Tortor non quis tempor semper himenaeos erat - ac platea tellus.\n\n	681	2014-01-09	2014-05-06	0110011	06:00:00	01:00:00	4	21	2013-01-06 01:00:00
270	100	Nulla inceptos Tristique lobortis malesuada sagittis duis tellus ultricies commodo.\n\n	403	2014-06-08	2014-06-08	1010110	13:00:00	09:30:00	42	39	2013-01-04 20:00:00
277	90	Lorem quisque Curabitur nam primis viverra; platea hendrerit varius nisl?\n\n	520	2014-06-01	2014-07-05	1001110	15:00:00	13:00:00	2	47	2013-04-06 07:00:00
280	14	Cras in nisi quis massa himenaeos hac quam at mattis?\n\n	502	2014-01-09	2014-02-09	0010111	08:30:00	18:00:00	137	19	2013-07-06 11:00:00
283	38	In dolor diam velit class consequat tellus suscipit a justo.\n\n	972	2014-05-09	2014-05-07	1110001	20:00:00	07:30:00	66	13	2013-07-07 19:00:00
284	74	Natoque dapibus dolor phasellus ac eros tellus - blandit netus morbi.\n\n	451	2014-06-05	2014-09-05	0110110	22:30:00	07:30:00	15	43	2013-09-07 16:00:00
290	88	Convallis vitae lorem non dapibus gravida sociis rhoncus - eros netus.\n\n	901	2014-02-01	2014-09-02	1001110	19:00:00	13:30:00	143	36	2013-06-03 16:00:00
291	6	Maecenas nostra sociosqu libero scelerisque dolor velit, vel lectus venenatis.\n\n	298	2014-07-01	2014-03-04	0110011	04:00:00	02:00:00	195	39	2013-06-09 12:00:00
296	22	Neque ad accumsan velit class tristique vel consequat, ipsum donec?\n\n	924	2014-02-04	2014-06-07	0110101	20:30:00	11:30:00	244	25	2013-01-02 08:00:00
301	84	Vehicula nisi non euismod vestibulum porta; hendrerit purus turpis ante.\n\n	989	2014-02-08	2014-03-05	0101101	06:00:00	14:30:00	216	34	2013-06-09 03:00:00
307	61	Suspendisse malesuada proin per ipsum turpis auctor: a sit fermentum.\n\n	437	2014-03-02	2014-05-06	1001011	05:00:00	04:00:00	379	50	2013-01-04 19:00:00
308	100	Montes accumsan velit enim porta duis hendrerit; praesent mus aliquam?\n\n	644	2014-02-02	2014-03-09	1010110	11:30:00	08:00:00	97	37	2013-06-05 05:00:00
311	80	Lorem accumsan Himenaeos per fusce lectus elementum, ultricies ante morbi.\n\n	742	2014-09-04	2014-05-01	1101010	16:30:00	14:30:00	58	25	2013-05-08 01:00:00
312	90	Nunc ut nulla aliquet faucibus aptent quam elementum mus aliquam.\n\n	672	2014-08-04	2014-04-08	1110100	23:00:00	20:30:00	113	41	2013-06-06 01:00:00
314	70	Penatibus dolor aenean nullam hac duis dictum purus ante commodo.\n\n	737	2014-06-01	2014-06-07	0011101	06:30:00	19:30:00	171	13	2013-07-09 16:00:00
317	90	Amet libero cubilia diam semper condimentum vestibulum; arcu habitant suscipit.\n\n	677	2014-06-04	2014-01-08	0010111	14:00:00	23:00:00	85	48	2013-09-02 18:00:00
320	70	Nostra elit luctus aenean eget sem rhoncus habitant auctor morbi.\n\n	685	2014-02-03	2014-03-01	0101110	11:00:00	17:00:00	397	17	2013-02-05 08:00:00
324	70	Urna phasellus nulla per sociis vel sem, nec aliquam lacinia?\n\n	632	2014-07-03	2014-07-06	0111100	19:30:00	02:00:00	190	38	2013-06-09 20:00:00
326	34	In fringilla curabitur dolor tempor ornare sem ac aptent sit.\n\n	326	2014-05-03	2014-06-02	0111010	15:30:00	18:00:00	239	10	2013-06-01 08:00:00
327	99	Litora sed Vulputate proin molestie ultrices et auctor blandit habitant.\n\n	571	2014-09-08	2014-05-03	1010101	14:00:00	10:30:00	184	14	2013-03-05 06:00:00
341	15	Penatibus vitae cubilia scelerisque ad nascetur: proin consectetur laoreet lacinia.\n\n	326	2014-04-02	2014-05-04	1101100	12:00:00	22:00:00	61	34	2013-06-06 12:00:00
344	67	Penatibus lorem potenti suspendisse senectus phasellus volutpat vestibulum primis imperdiet.\n\n	880	2014-09-02	2014-05-05	0011101	23:30:00	09:30:00	95	35	2013-07-07 20:00:00
346	70	Nunc taciti class phasellus tempor leo; molestie rhoncus at aliquam.\n\n	752	2014-08-01	2014-04-08	1001101	16:30:00	12:30:00	125	35	2013-06-07 02:00:00
349	99	Augue magnis sed ullamcorper rutrum sapien habitant, ante sit fermentum.\n\n	278	2014-04-06	2014-01-05	1101010	04:30:00	15:00:00	57	4	2013-09-09 17:00:00
350	6	Est aenean per sapien primis sagittis lectus faucibus, porttitor justo?\n\n	920	2014-09-09	2014-05-07	1100110	11:00:00	20:00:00	70	23	2013-07-07 20:00:00
355	6	Habitasse cubilia Natoque euismod tellus hendrerit interdum, nisl odio congue!\n\n	381	2014-07-01	2014-06-03	1001101	10:00:00	19:00:00	109	8	2013-03-03 20:00:00
356	2	Maecenas nisi senectus tempus nascetur euismod, mi conubia nisl fames...\n\n	424	2014-04-05	2014-08-03	1110001	19:00:00	05:00:00	399	20	2013-07-07 11:00:00
360	90	Habitasse elit Inceptos tristique sollicitudin lobortis risus - eros a venenatis?\n\n	527	2014-07-06	2014-04-08	1011010	12:30:00	15:30:00	228	0	2013-08-06 07:00:00
361	2	Tincidunt accumsan massa porta hac tellus magna: dui suscipit justo.\n\n	483	2014-07-01	2014-05-01	1110100	03:30:00	15:00:00	26	22	2013-05-04 21:00:00
366	18	Habitasse libero cubilia scelerisque nibh condimentum facilisi quam facilisis praesent?\n\n	240	2014-01-07	2014-05-09	0101011	01:00:00	16:00:00	187	37	2013-08-02 01:00:00
367	34	Cras montes Elit in fringilla etiam sociis sapien donec interdum.\n\n	652	2014-04-03	2014-06-04	0101110	13:00:00	05:30:00	182	41	2013-08-08 03:00:00
369	35	Amet ad tincidunt tempus lobortis porta dignissim laoreet et varius.\n\n	937	2014-06-03	2014-05-03	1100110	08:00:00	04:30:00	134	2	2013-07-04 19:00:00
372	62	Convallis urna Sociosqu ad pellentesque pharetra pulvinar rhoncus mollis nisl!\n\n	208	2014-07-04	2014-06-02	1110001	08:30:00	01:00:00	133	34	2013-02-05 20:00:00
375	14	Montes massa mauris metus facilisi dignissim, hac imperdiet conubia fames?\n\n	551	2014-04-07	2014-08-04	1010110	04:30:00	07:00:00	4	14	2013-09-05 13:00:00
376	9	Penatibus habitasse Diam class lobortis metus pharetra facilisis, platea et?\n\n	850	2014-03-04	2014-06-09	1111000	17:00:00	08:00:00	395	42	2013-07-03 14:00:00
378	22	Maecenas neque dolor tempor erat vestibulum dis feugiat purus mattis.\n\n	961	2014-06-05	2014-01-08	1110001	23:00:00	08:00:00	170	7	2013-09-06 22:00:00
382	67	In magnis neque euismod pretium sem mi ipsum felis sit.\n\n	617	2014-08-06	2014-02-07	0101110	01:00:00	03:00:00	148	39	2013-04-02 15:00:00
389	16	Penatibus amet quis quisque tincidunt mi dignissim nec eleifend justo?\n\n	531	2014-05-09	2014-09-03	0011101	08:00:00	13:30:00	10	8	2013-07-02 04:00:00
390	48	Suspendisse ad mi sagittis nullam posuere donec hac duis odio.\n\n	414	2014-01-08	2014-06-02	0111001	02:30:00	17:00:00	187	8	2013-03-03 12:00:00
394	90	Est montes in vulputate rutrum eros duis - hendrerit ultrices felis...\n\n	554	2014-06-09	2014-07-03	1010101	18:30:00	09:00:00	381	44	2013-01-02 12:00:00
396	1	Nunc Velit tempus torquent rutrum leo aptent elementum ante porttitor.\n\n	835	2014-08-02	2014-03-06	1010110	12:30:00	23:00:00	371	36	2013-09-06 14:00:00
398	22	Nostra cras montes accumsan class semper pellentesque nullam rhoncus quam.\n\n	791	2014-08-04	2014-01-09	1111000	14:00:00	00:30:00	45	18	2013-07-02 23:00:00
404	67	Sociosqu fringilla nunc litora lobortis eros parturient; ultricies felis porttitor?\n\n	975	2014-04-06	2014-03-03	0010111	08:30:00	00:00:00	12	47	2013-02-06 14:00:00
411	46	Penatibus in fringilla scelerisque dictumst volutpat eu elementum: conubia ultricies...\n\n	452	2014-01-08	2014-08-07	0111001	17:30:00	08:30:00	154	36	2013-07-01 06:00:00
414	7	Fringilla sociis ullamcorper eu porta pharetra - conubia mus eleifend netus?\n\n	627	2014-04-04	2014-06-08	0111010	00:00:00	21:30:00	128	1	2013-02-06 15:00:00
416	97	Taciti luctus Tristique euismod etiam dis pharetra turpis habitant commodo!\n\n	974	2014-03-04	2014-08-02	1100011	21:30:00	14:30:00	379	25	2013-01-03 06:00:00
417	1	Habitasse sociosqu Potenti faucibus donec duis laoreet interdum et pharetra.\n\n	422	2014-06-07	2014-04-09	0001111	00:30:00	15:00:00	151	24	2013-05-09 03:00:00
418	95	Amet gravida per erat aptent hac magna ultrices dui justo.\n\n	859	2014-09-04	2014-07-01	1110010	22:30:00	17:30:00	109	43	2013-01-06 09:00:00
420	61	Scelerisque sollicitudin mauris aenean eget bibendum: duis hendrerit commodo ridiculus.\n\n	635	2014-03-07	2014-04-09	1111000	14:30:00	03:00:00	200	0	2013-04-06 07:00:00
421	80	Senectus diam phasellus tempor semper sociis posuere pulvinar magna auctor.\n\n	415	2014-06-04	2014-08-09	1010011	14:00:00	12:30:00	94	26	2013-03-04 05:00:00
422	88	Penatibus sociosqu Class inceptos sed lobortis; conubia varius suscipit justo.\n\n	581	2014-03-05	2014-05-05	0111001	14:30:00	10:30:00	144	16	2013-06-07 06:00:00
425	68	Habitasse suspendisse tempor inceptos gravida volutpat etiam eget nullam ridiculus.\n\n	783	2014-07-09	2014-03-01	1100101	19:30:00	13:30:00	93	15	2013-02-02 22:00:00
427	95	Elit lorem fringilla nunc accumsan platea imperdiet purus praesent interdum?\n\n	802	2014-09-09	2014-07-06	0111010	10:30:00	18:30:00	74	20	2013-04-03 17:00:00
428	88	Maecenas taciti tempus dis rhoncus parturient fames vivamus aliquam ligula.\n\n	865	2014-05-08	2014-08-03	1110100	08:00:00	14:30:00	87	35	2013-08-09 16:00:00
429	48	Convallis velit nascetur lacus sollicitudin nam sem: donec aptent nec.\n\n	937	2014-08-09	2014-07-06	1000111	11:00:00	02:30:00	61	6	2013-02-03 12:00:00
433	8	Neque integre tristique risus dignissim egestas felis varius venenatis porttitor.\n\n	343	2014-06-02	2014-09-07	1010101	13:00:00	09:30:00	66	6	2013-02-01 02:00:00
437	68	Curae libero quisque sollicitudin eu risus parturient: praesent auctor porttitor.\n\n	583	2014-09-02	2014-01-07	1010110	17:30:00	07:00:00	79	12	2013-04-03 11:00:00
439	78	Ut dolor Phasellus aliquet sollicitudin nam eget - id platea fames.\n\n	592	2014-09-03	2014-06-07	0001111	03:30:00	17:30:00	16	48	2013-04-03 13:00:00
441	41	Nulla erat ullamcorper posuere placerat at mollis conubia venenatis fermentum?\n\n	652	2014-07-07	2014-05-01	1101001	07:30:00	18:00:00	26	2	2013-07-01 14:00:00
445	10	Quisque ut pretium rutrum ac placerat egestas et nec ridiculus.\n\n	750	2014-07-07	2014-01-05	1000111	21:00:00	02:00:00	201	4	2013-03-04 17:00:00
447	84	Nostra velit Orci malesuada mi nullam nisl commodo varius eleifend.\n\n	775	2014-09-08	2014-07-04	0101101	04:00:00	10:00:00	192	35	2013-06-08 15:00:00
450	57	Convallis sociosqu augue dapibus gravida volutpat donec hendrerit; purus et.\n\n	275	2014-07-04	2014-01-08	0101110	01:00:00	03:30:00	179	48	2013-09-03 00:00:00
454	11	Penatibus sociosqu cubilia eu sapien risus facilisi praesent ante eleifend.\n\n	700	2014-08-09	2014-06-01	0011101	15:00:00	10:00:00	191	22	2013-09-01 01:00:00
455	29	Quis dictumst Lacus orci placerat nisl et felis odio lacinia?\n\n	451	2014-01-07	2014-09-02	1101001	01:00:00	13:00:00	201	33	2013-03-01 16:00:00
457	7	Nostra cras Quis tempor torquent etiam vestibulum leo: donec tellus?\n\n	294	2014-09-01	2014-03-01	0010111	06:30:00	04:30:00	219	25	2013-01-06 21:00:00
465	61	Dapibus ut nascetur sed fusce leo, at ultrices eleifend aliquam.\n\n	931	2014-01-05	2014-01-09	1010011	11:00:00	10:30:00	234	3	2013-05-06 10:00:00
470	82	Vitae sociosqu fringilla velit tempus gravida etiam mauris hendrerit justo.\n\n	659	2014-02-07	2014-04-02	1100110	12:00:00	16:00:00	70	8	2013-05-02 20:00:00
473	48	Cras in Tristique lobortis aenean eget laoreet, egestas venenatis netus.\n\n	240	2014-03-08	2014-07-06	0111001	02:30:00	16:30:00	386	8	2013-04-09 01:00:00
475	30	Potenti sed massa nam placerat mollis nisl ante mus congue!\n\n	524	2014-03-04	2014-04-01	1011001	14:30:00	01:30:00	222	33	2013-09-03 07:00:00
476	68	Gravida semper Sollicitudin lobortis pretium etiam porta interdum - a sit!\n\n	399	2014-01-03	2014-04-04	1001110	00:30:00	11:00:00	68	33	2013-01-07 08:00:00
478	2	Cursus scelerisque tincidunt torquent rutrum fusce: duis egestas lacinia justo?\n\n	249	2014-07-05	2014-02-03	1001011	10:30:00	22:00:00	2	50	2013-06-09 06:00:00
479	78	Natoque accumsan Tempor consectetur sapien sem adipiscing platea a justo!\n\n	666	2014-01-09	2014-07-03	1011001	07:00:00	13:30:00	371	50	2013-01-04 01:00:00
480	10	Vehicula taciti Curabitur class sapien porta - cum placerat ultrices porttitor?\n\n	629	2014-07-02	2014-06-08	0111100	05:30:00	22:30:00	68	12	2013-02-07 23:00:00
483	99	Tortor amet Neque ut pellentesque vel; sapien ac rhoncus facilisis.\n\n	932	2014-02-02	2014-06-07	0101101	04:30:00	21:00:00	382	25	2013-09-05 18:00:00
484	76	Montes natoque accumsan lacus vulputate enim; rhoncus feugiat nisl viverra.\n\n	487	2014-08-01	2014-04-06	0101110	01:00:00	02:30:00	53	47	2013-04-09 13:00:00
485	79	Maecenas nunc taciti sapien primis faucibus donec mollis: purus odio?\n\n	991	2014-09-04	2014-05-05	0101011	17:00:00	23:00:00	127	26	2013-01-02 06:00:00
489	100	Augue curabitur volutpat molestie parturient arcu habitant: fames varius fames.\n\n	770	2014-08-03	2014-03-08	0100111	06:30:00	18:00:00	167	16	2013-04-04 20:00:00
496	10	Suspendisse quisque diam vulputate eu mi risus: placerat nisl mus.\n\n	288	2014-08-02	2014-09-07	1011100	07:30:00	11:00:00	27	20	2013-05-05 22:00:00
498	61	Urna class Sollicitudin erat eu rhoncus; at ultrices odio sit.\n\n	940	2014-03-06	2014-04-01	1101100	20:30:00	01:00:00	223	7	2013-07-03 12:00:00
\.


--
-- Name: Wish_CustomerUserID_seq; Type: SEQUENCE SET; Schema: public; Owner: postgres
--

SELECT pg_catalog.setval('"Wish_CustomerUserID_seq"', 1, false);


--
-- Name: Wish_RegionID_seq; Type: SEQUENCE SET; Schema: public; Owner: postgres
--

SELECT pg_catalog.setval('"Wish_RegionID_seq"', 1, false);


--
-- Name: Wish_ServiceID_seq; Type: SEQUENCE SET; Schema: public; Owner: postgres
--

SELECT pg_catalog.setval('"Wish_ServiceID_seq"', 1, false);


--
-- Name: Wish_WishID_seq; Type: SEQUENCE SET; Schema: public; Owner: postgres
--

SELECT pg_catalog.setval('"Wish_WishID_seq"', 1, false);


--
-- Name: Answer_pkey; Type: CONSTRAINT; Schema: public; Owner: postgres; Tablespace: 
--

ALTER TABLE ONLY "Answer"
    ADD CONSTRAINT "Answer_pkey" PRIMARY KEY ("QuestionID", "AnswerID");


--
-- Name: Appointment_pkey; Type: CONSTRAINT; Schema: public; Owner: postgres; Tablespace: 
--

ALTER TABLE ONLY "Appointment"
    ADD CONSTRAINT "Appointment_pkey" PRIMARY KEY ("CustomerUserID", "ServiceID", "ServiceProviderUserID", "RegionID");


--
-- Name: Bids_pkey; Type: CONSTRAINT; Schema: public; Owner: postgres; Tablespace: 
--

ALTER TABLE ONLY "Bids"
    ADD CONSTRAINT "Bids_pkey" PRIMARY KEY ("ServiceProviderUserID", "WishID", "CustomerUserID");


--
-- Name: Customer_pkey; Type: CONSTRAINT; Schema: public; Owner: postgres; Tablespace: 
--

ALTER TABLE ONLY "Customer"
    ADD CONSTRAINT "Customer_pkey" PRIMARY KEY ("UserID");


--
-- Name: Follows_pkey; Type: CONSTRAINT; Schema: public; Owner: postgres; Tablespace: 
--

ALTER TABLE ONLY "Follows"
    ADD CONSTRAINT "Follows_pkey" PRIMARY KEY ("FollowerCustomerUserID", "FollowedCustomerUserID");


--
-- Name: Location_pkey; Type: CONSTRAINT; Schema: public; Owner: postgres; Tablespace: 
--

ALTER TABLE ONLY "Location"
    ADD CONSTRAINT "Location_pkey" PRIMARY KEY ("RegionID");


--
-- Name: Message_pkey; Type: CONSTRAINT; Schema: public; Owner: postgres; Tablespace: 
--

ALTER TABLE ONLY "Message"
    ADD CONSTRAINT "Message_pkey" PRIMARY KEY ("SenderCustomerUserID", "Timestamp");


--
-- Name: Provides_pkey; Type: CONSTRAINT; Schema: public; Owner: postgres; Tablespace: 
--

ALTER TABLE ONLY "Provides"
    ADD CONSTRAINT "Provides_pkey" PRIMARY KEY ("ServiceProviderUserID", "ServiceID", "RegionID");


--
-- Name: Question_pkey; Type: CONSTRAINT; Schema: public; Owner: postgres; Tablespace: 
--

ALTER TABLE ONLY "Question"
    ADD CONSTRAINT "Question_pkey" PRIMARY KEY ("QuestionID");


--
-- Name: Review_pkey; Type: CONSTRAINT; Schema: public; Owner: postgres; Tablespace: 
--

ALTER TABLE ONLY "Review"
    ADD CONSTRAINT "Review_pkey" PRIMARY KEY ("ReviewID", "CustomerUserID");


--
-- Name: ServiceProvider_pkey; Type: CONSTRAINT; Schema: public; Owner: postgres; Tablespace: 
--

ALTER TABLE ONLY "ServiceProvider"
    ADD CONSTRAINT "ServiceProvider_pkey" PRIMARY KEY ("UserID");


--
-- Name: Service_pkey; Type: CONSTRAINT; Schema: public; Owner: postgres; Tablespace: 
--

ALTER TABLE ONLY "Service"
    ADD CONSTRAINT "Service_pkey" PRIMARY KEY ("ServiceID");


--
-- Name: User_EmailID_key; Type: CONSTRAINT; Schema: public; Owner: postgres; Tablespace: 
--

ALTER TABLE ONLY "Users"
    ADD CONSTRAINT "User_EmailID_key" UNIQUE ("EmailID");


--
-- Name: User_LoginID_key; Type: CONSTRAINT; Schema: public; Owner: postgres; Tablespace: 
--

ALTER TABLE ONLY "Users"
    ADD CONSTRAINT "User_LoginID_key" UNIQUE ("LoginID");


--
-- Name: User_pkey; Type: CONSTRAINT; Schema: public; Owner: postgres; Tablespace: 
--

ALTER TABLE ONLY "Users"
    ADD CONSTRAINT "User_pkey" PRIMARY KEY ("UserID");


--
-- Name: Wish_pkey; Type: CONSTRAINT; Schema: public; Owner: postgres; Tablespace: 
--

ALTER TABLE ONLY "Wish"
    ADD CONSTRAINT "Wish_pkey" PRIMARY KEY ("WishID", "CustomerUserID");


--
-- Name: votePrimaryKey; Type: CONSTRAINT; Schema: public; Owner: postgres; Tablespace: 
--

ALTER TABLE ONLY "Vote"
    ADD CONSTRAINT "votePrimaryKey" PRIMARY KEY ("ReviewID", "CustomerUserID", "VotedByCustomerUserID");


--
-- Name: SPRating; Type: TRIGGER; Schema: public; Owner: postgres
--

CREATE TRIGGER "SPRating" AFTER INSERT OR DELETE ON "Review" FOR EACH ROW EXECUTE PROCEDURE "updateRating"();


--
-- Name: cumulativeVotes; Type: TRIGGER; Schema: public; Owner: postgres
--

CREATE TRIGGER "cumulativeVotes" AFTER INSERT OR DELETE OR UPDATE ON "Review" FOR EACH ROW EXECUTE PROCEDURE "cumulativeVotes"();


--
-- Name: voting; Type: TRIGGER; Schema: public; Owner: postgres
--

CREATE TRIGGER voting AFTER INSERT OR DELETE OR UPDATE ON "Vote" FOR EACH ROW EXECUTE PROCEDURE "totalVotes"();


--
-- Name: Appointment_CustomerUserID_fkey; Type: FK CONSTRAINT; Schema: public; Owner: postgres
--

ALTER TABLE ONLY "Appointment"
    ADD CONSTRAINT "Appointment_CustomerUserID_fkey" FOREIGN KEY ("CustomerUserID") REFERENCES "Customer"("UserID") MATCH FULL ON UPDATE CASCADE ON DELETE CASCADE;


--
-- Name: Appointment_RegionID_fkey; Type: FK CONSTRAINT; Schema: public; Owner: postgres
--

ALTER TABLE ONLY "Appointment"
    ADD CONSTRAINT "Appointment_RegionID_fkey" FOREIGN KEY ("RegionID") REFERENCES "Location"("RegionID") MATCH FULL ON UPDATE CASCADE ON DELETE CASCADE;


--
-- Name: Appointment_ServiceID_fkey; Type: FK CONSTRAINT; Schema: public; Owner: postgres
--

ALTER TABLE ONLY "Appointment"
    ADD CONSTRAINT "Appointment_ServiceID_fkey" FOREIGN KEY ("ServiceID") REFERENCES "Service"("ServiceID") MATCH FULL ON UPDATE CASCADE ON DELETE CASCADE;


--
-- Name: Appointment_ServiceProviderUserID_fkey; Type: FK CONSTRAINT; Schema: public; Owner: postgres
--

ALTER TABLE ONLY "Appointment"
    ADD CONSTRAINT "Appointment_ServiceProviderUserID_fkey" FOREIGN KEY ("ServiceProviderUserID") REFERENCES "ServiceProvider"("UserID") MATCH FULL ON UPDATE CASCADE ON DELETE CASCADE;


--
-- Name: Bids_CustomerUserID_fkey; Type: FK CONSTRAINT; Schema: public; Owner: postgres
--

ALTER TABLE ONLY "Bids"
    ADD CONSTRAINT "Bids_CustomerUserID_fkey" FOREIGN KEY ("CustomerUserID", "WishID") REFERENCES "Wish"("CustomerUserID", "WishID") MATCH FULL ON UPDATE CASCADE ON DELETE CASCADE;


--
-- Name: Bids_ServiceProviderUserID_fkey; Type: FK CONSTRAINT; Schema: public; Owner: postgres
--

ALTER TABLE ONLY "Bids"
    ADD CONSTRAINT "Bids_ServiceProviderUserID_fkey" FOREIGN KEY ("ServiceProviderUserID") REFERENCES "ServiceProvider"("UserID") MATCH FULL ON UPDATE CASCADE ON DELETE CASCADE;


--
-- Name: CustomerUserID; Type: FK CONSTRAINT; Schema: public; Owner: postgres
--

ALTER TABLE ONLY "Question"
    ADD CONSTRAINT "CustomerUserID" FOREIGN KEY ("CustomerUserID") REFERENCES "Customer"("UserID") MATCH FULL ON UPDATE CASCADE ON DELETE CASCADE;


--
-- Name: Customer_RegionID_fkey; Type: FK CONSTRAINT; Schema: public; Owner: postgres
--

ALTER TABLE ONLY "Customer"
    ADD CONSTRAINT "Customer_RegionID_fkey" FOREIGN KEY ("RegionID") REFERENCES "Location"("RegionID") MATCH FULL ON UPDATE CASCADE ON DELETE CASCADE;


--
-- Name: Customer_UserID_fkey; Type: FK CONSTRAINT; Schema: public; Owner: postgres
--

ALTER TABLE ONLY "Customer"
    ADD CONSTRAINT "Customer_UserID_fkey" FOREIGN KEY ("UserID") REFERENCES "Users"("UserID") MATCH FULL ON UPDATE CASCADE ON DELETE CASCADE;


--
-- Name: Follows_FollowedCustomerUserID_fkey; Type: FK CONSTRAINT; Schema: public; Owner: postgres
--

ALTER TABLE ONLY "Follows"
    ADD CONSTRAINT "Follows_FollowedCustomerUserID_fkey" FOREIGN KEY ("FollowedCustomerUserID") REFERENCES "Customer"("UserID") MATCH FULL ON UPDATE CASCADE ON DELETE CASCADE;


--
-- Name: Follows_FollowerCustomerUserID_fkey; Type: FK CONSTRAINT; Schema: public; Owner: postgres
--

ALTER TABLE ONLY "Follows"
    ADD CONSTRAINT "Follows_FollowerCustomerUserID_fkey" FOREIGN KEY ("FollowerCustomerUserID") REFERENCES "Customer"("UserID") MATCH FULL ON UPDATE CASCADE ON DELETE CASCADE;


--
-- Name: Message_ReceiverCustomerUserID_fkey; Type: FK CONSTRAINT; Schema: public; Owner: postgres
--

ALTER TABLE ONLY "Message"
    ADD CONSTRAINT "Message_ReceiverCustomerUserID_fkey" FOREIGN KEY ("ReceiverCustomerUserID") REFERENCES "Customer"("UserID") MATCH FULL ON UPDATE CASCADE ON DELETE CASCADE;


--
-- Name: Message_SenderCustomerUserID_fkey; Type: FK CONSTRAINT; Schema: public; Owner: postgres
--

ALTER TABLE ONLY "Message"
    ADD CONSTRAINT "Message_SenderCustomerUserID_fkey" FOREIGN KEY ("SenderCustomerUserID") REFERENCES "Customer"("UserID") MATCH FULL ON UPDATE CASCADE ON DELETE CASCADE;


--
-- Name: Provides_RegionID_fkey; Type: FK CONSTRAINT; Schema: public; Owner: postgres
--

ALTER TABLE ONLY "Provides"
    ADD CONSTRAINT "Provides_RegionID_fkey" FOREIGN KEY ("RegionID") REFERENCES "Location"("RegionID") MATCH FULL ON UPDATE CASCADE ON DELETE CASCADE;


--
-- Name: Provides_ServiceID_fkey; Type: FK CONSTRAINT; Schema: public; Owner: postgres
--

ALTER TABLE ONLY "Provides"
    ADD CONSTRAINT "Provides_ServiceID_fkey" FOREIGN KEY ("ServiceID") REFERENCES "Service"("ServiceID") MATCH FULL ON UPDATE CASCADE ON DELETE CASCADE;


--
-- Name: Provides_ServiceProviderUserID_fkey; Type: FK CONSTRAINT; Schema: public; Owner: postgres
--

ALTER TABLE ONLY "Provides"
    ADD CONSTRAINT "Provides_ServiceProviderUserID_fkey" FOREIGN KEY ("ServiceProviderUserID") REFERENCES "ServiceProvider"("UserID") MATCH FULL ON UPDATE CASCADE ON DELETE CASCADE;


--
-- Name: Review_CustomerUserID_fkey; Type: FK CONSTRAINT; Schema: public; Owner: postgres
--

ALTER TABLE ONLY "Review"
    ADD CONSTRAINT "Review_CustomerUserID_fkey" FOREIGN KEY ("CustomerUserID") REFERENCES "Customer"("UserID") MATCH FULL ON UPDATE CASCADE ON DELETE CASCADE;


--
-- Name: Review_ServiceID_fkey; Type: FK CONSTRAINT; Schema: public; Owner: postgres
--

ALTER TABLE ONLY "Review"
    ADD CONSTRAINT "Review_ServiceID_fkey" FOREIGN KEY ("ServiceID") REFERENCES "Service"("ServiceID") MATCH FULL ON UPDATE CASCADE ON DELETE CASCADE;


--
-- Name: ServiceProviderKey; Type: FK CONSTRAINT; Schema: public; Owner: postgres
--

ALTER TABLE ONLY "Question"
    ADD CONSTRAINT "ServiceProviderKey" FOREIGN KEY ("ServiceProviderUserID") REFERENCES "ServiceProvider"("UserID") MATCH FULL ON UPDATE CASCADE ON DELETE CASCADE;


--
-- Name: ServiceProviderKey; Type: FK CONSTRAINT; Schema: public; Owner: postgres
--

ALTER TABLE ONLY "Review"
    ADD CONSTRAINT "ServiceProviderKey" FOREIGN KEY ("ServiceProviderUserID") REFERENCES "ServiceProvider"("UserID") MATCH FULL ON UPDATE CASCADE ON DELETE CASCADE;


--
-- Name: ServiceProvider_UserID_fkey; Type: FK CONSTRAINT; Schema: public; Owner: postgres
--

ALTER TABLE ONLY "ServiceProvider"
    ADD CONSTRAINT "ServiceProvider_UserID_fkey" FOREIGN KEY ("UserID") REFERENCES "Users"("UserID") MATCH FULL ON UPDATE CASCADE ON DELETE CASCADE;


--
-- Name: VotedByCustomerUserIDKey; Type: FK CONSTRAINT; Schema: public; Owner: postgres
--

ALTER TABLE ONLY "Vote"
    ADD CONSTRAINT "VotedByCustomerUserIDKey" FOREIGN KEY ("VotedByCustomerUserID") REFERENCES "Customer"("UserID") MATCH FULL ON UPDATE CASCADE ON DELETE CASCADE;


--
-- Name: Wish_CustomerUserID_fkey; Type: FK CONSTRAINT; Schema: public; Owner: postgres
--

ALTER TABLE ONLY "Wish"
    ADD CONSTRAINT "Wish_CustomerUserID_fkey" FOREIGN KEY ("CustomerUserID") REFERENCES "Customer"("UserID") MATCH FULL ON UPDATE CASCADE ON DELETE CASCADE;


--
-- Name: Wish_RegionID_fkey; Type: FK CONSTRAINT; Schema: public; Owner: postgres
--

ALTER TABLE ONLY "Wish"
    ADD CONSTRAINT "Wish_RegionID_fkey" FOREIGN KEY ("RegionID") REFERENCES "Location"("RegionID") MATCH FULL ON UPDATE CASCADE ON DELETE CASCADE;


--
-- Name: Wish_ServiceID_fkey; Type: FK CONSTRAINT; Schema: public; Owner: postgres
--

ALTER TABLE ONLY "Wish"
    ADD CONSTRAINT "Wish_ServiceID_fkey" FOREIGN KEY ("ServiceID") REFERENCES "Service"("ServiceID") MATCH FULL ON UPDATE CASCADE ON DELETE CASCADE;


--
-- Name: questionIDKey; Type: FK CONSTRAINT; Schema: public; Owner: postgres
--

ALTER TABLE ONLY "Answer"
    ADD CONSTRAINT "questionIDKey" FOREIGN KEY ("QuestionID") REFERENCES "Question"("QuestionID") MATCH FULL ON UPDATE CASCADE ON DELETE CASCADE;


--
-- Name: reviewIDpKey; Type: FK CONSTRAINT; Schema: public; Owner: postgres
--

ALTER TABLE ONLY "Vote"
    ADD CONSTRAINT "reviewIDpKey" FOREIGN KEY ("ReviewID", "CustomerUserID") REFERENCES "Review"("ReviewID", "CustomerUserID") MATCH FULL ON UPDATE CASCADE ON DELETE CASCADE;


--
-- Name: public; Type: ACL; Schema: -; Owner: postgres
--

REVOKE ALL ON SCHEMA public FROM PUBLIC;
REVOKE ALL ON SCHEMA public FROM postgres;
GRANT ALL ON SCHEMA public TO postgres;
GRANT ALL ON SCHEMA public TO PUBLIC;


--
-- PostgreSQL database dump complete
--

\connect template1

--
-- PostgreSQL database dump
--

SET statement_timeout = 0;
SET lock_timeout = 0;
SET client_encoding = 'UTF8';
SET standard_conforming_strings = on;
SET check_function_bodies = false;
SET client_min_messages = warning;

--
-- Name: template1; Type: COMMENT; Schema: -; Owner: postgres
--

COMMENT ON DATABASE template1 IS 'default template for new databases';


--
-- Name: plpgsql; Type: EXTENSION; Schema: -; Owner: 
--

CREATE EXTENSION IF NOT EXISTS plpgsql WITH SCHEMA pg_catalog;


--
-- Name: EXTENSION plpgsql; Type: COMMENT; Schema: -; Owner: 
--

COMMENT ON EXTENSION plpgsql IS 'PL/pgSQL procedural language';


--
-- Name: public; Type: ACL; Schema: -; Owner: postgres
--

REVOKE ALL ON SCHEMA public FROM PUBLIC;
REVOKE ALL ON SCHEMA public FROM postgres;
GRANT ALL ON SCHEMA public TO postgres;
GRANT ALL ON SCHEMA public TO PUBLIC;


--
-- PostgreSQL database dump complete
--

--
-- PostgreSQL database cluster dump complete
--

