--
-- PostgreSQL database cluster dump
--

SET client_encoding = 'UTF8';
SET standard_conforming_strings = on;

--
-- Roles
--

CREATE ROLE postgres;
ALTER ROLE postgres WITH SUPERUSER INHERIT CREATEROLE CREATEDB LOGIN REPLICATION PASSWORD 'md53175bce1d3201d16594cebf9d7eb3f9d';






--
-- Database creation
--

REVOKE ALL ON DATABASE template1 FROM PUBLIC;
REVOKE ALL ON DATABASE template1 FROM postgres;
GRANT ALL ON DATABASE template1 TO postgres;
GRANT CONNECT ON DATABASE template1 TO PUBLIC;


\connect postgres

--
-- PostgreSQL database dump
--

SET statement_timeout = 0;
SET lock_timeout = 0;
SET client_encoding = 'UTF8';
SET standard_conforming_strings = on;
SET check_function_bodies = false;
SET client_min_messages = warning;

--
-- Name: plpgsql; Type: EXTENSION; Schema: -; Owner: 
--

CREATE EXTENSION IF NOT EXISTS plpgsql WITH SCHEMA pg_catalog;


--
-- Name: EXTENSION plpgsql; Type: COMMENT; Schema: -; Owner: 
--

COMMENT ON EXTENSION plpgsql IS 'PL/pgSQL procedural language';


SET search_path = public, pg_catalog;

--
-- Name: birthdate; Type: DOMAIN; Schema: public; Owner: postgres
--

CREATE DOMAIN birthdate AS date
	CONSTRAINT birthdate_check CHECK ((VALUE <= now()));


ALTER DOMAIN public.birthdate OWNER TO postgres;

--
-- Name: cumulativeVotes(); Type: FUNCTION; Schema: public; Owner: postgres
--

CREATE FUNCTION "cumulativeVotes"() RETURNS trigger
    LANGUAGE plpgsql
    AS $$BEGIN

UPDATE "Customer" set "CumulativeUpVotes" = (Select Sum("UpVotes") from "Review" where "Review"."CustomerUserID" = NEW."CustomerUserID") where "UserID" = NEW."CustomerUserID";

UPDATE "Customer" set "CumulativeDownVotes" = (Select Sum("DownVotes") from "Review" where "Review"."CustomerUserID" = NEW."CustomerUserID") where "UserID" = NEW."CustomerUserID";

RETURN NEW;

END$$;


ALTER FUNCTION public."cumulativeVotes"() OWNER TO postgres;

--
-- Name: totalVotes(); Type: FUNCTION; Schema: public; Owner: postgres
--

CREATE FUNCTION "totalVotes"() RETURNS trigger
    LANGUAGE plpgsql
    AS $$BEGIN

UPDATE "Review" set "UpVotes" = (Select Count(*) from "Vote" where "TypeOfVote" = 1 and "ReviewID" = NEW."ReviewID" and "CustomerUserID" = NEW."CustomerUserID") where "ReviewID" = NEW."ReviewID" and "CustomerUserID" = NEW."CustomerUserID";

UPDATE "Review" set "DownVotes" = (Select Count(*) from "Vote" where "TypeOfVote" = -1 and "ReviewID" = NEW."ReviewID" and "CustomerUserID" = NEW."CustomerUserID") where "ReviewID" = NEW."ReviewID" and "CustomerUserID" = NEW."CustomerUserID";

RETURN NEW;

END$$;


ALTER FUNCTION public."totalVotes"() OWNER TO postgres;

--
-- Name: updateRating(); Type: FUNCTION; Schema: public; Owner: postgres
--

CREATE FUNCTION "updateRating"() RETURNS trigger
    LANGUAGE plpgsql
    AS $$BEGIN

UPDATE "ServiceProvider" set "Rating" = (Select Avg("Rating") from "Review" where "UserID" = NEW."ServiceProviderUserID") where "UserID" = NEW."ServiceProviderUserID";

RETURN NEW;

END$$;


ALTER FUNCTION public."updateRating"() OWNER TO postgres;

SET default_tablespace = '';

SET default_with_oids = false;

--
-- Name: Answer; Type: TABLE; Schema: public; Owner: postgres; Tablespace: 
--

CREATE TABLE "Answer" (
    "QuestionID" integer NOT NULL,
    "AnswerID" integer NOT NULL,
    "Description" character varying(2000) NOT NULL,
    "Timestamp" timestamp with time zone NOT NULL
);


ALTER TABLE public."Answer" OWNER TO postgres;

--
-- Name: Answer_AnswerID_seq; Type: SEQUENCE; Schema: public; Owner: postgres
--

CREATE SEQUENCE "Answer_AnswerID_seq"
    START WITH 1
    INCREMENT BY 1
    NO MINVALUE
    NO MAXVALUE
    CACHE 1;


ALTER TABLE public."Answer_AnswerID_seq" OWNER TO postgres;

--
-- Name: Answer_AnswerID_seq; Type: SEQUENCE OWNED BY; Schema: public; Owner: postgres
--

ALTER SEQUENCE "Answer_AnswerID_seq" OWNED BY "Answer"."AnswerID";


--
-- Name: Appointment; Type: TABLE; Schema: public; Owner: postgres; Tablespace: 
--

CREATE TABLE "Appointment" (
    "CustomerUserID" integer NOT NULL,
    "ServiceID" integer NOT NULL,
    "ServiceProviderUserID" integer NOT NULL,
    "RegionID" integer NOT NULL,
    "Price" integer NOT NULL,
    "Status" character varying NOT NULL,
    "StartDate" date,
    "EndDate" date,
    "Days" character varying,
    "StartTime" time without time zone,
    "EndTime" time without time zone,
    CONSTRAINT dates CHECK (("EndDate" > "StartDate")),
    CONSTRAINT "differentUserCheck" CHECK (("CustomerUserID" <> "ServiceProviderUserID")),
    CONSTRAINT "priceCheck" CHECK (("Price" > 0)),
    CONSTRAINT "time" CHECK (("EndTime" > "StartTime"))
);


ALTER TABLE public."Appointment" OWNER TO postgres;

--
-- Name: Appointment_CustomerUserID_seq; Type: SEQUENCE; Schema: public; Owner: postgres
--

CREATE SEQUENCE "Appointment_CustomerUserID_seq"
    START WITH 1
    INCREMENT BY 1
    NO MINVALUE
    NO MAXVALUE
    CACHE 1;


ALTER TABLE public."Appointment_CustomerUserID_seq" OWNER TO postgres;

--
-- Name: Appointment_CustomerUserID_seq; Type: SEQUENCE OWNED BY; Schema: public; Owner: postgres
--

ALTER SEQUENCE "Appointment_CustomerUserID_seq" OWNED BY "Appointment"."CustomerUserID";


--
-- Name: Appointment_RegionID_seq; Type: SEQUENCE; Schema: public; Owner: postgres
--

CREATE SEQUENCE "Appointment_RegionID_seq"
    START WITH 1
    INCREMENT BY 1
    NO MINVALUE
    NO MAXVALUE
    CACHE 1;


ALTER TABLE public."Appointment_RegionID_seq" OWNER TO postgres;

--
-- Name: Appointment_RegionID_seq; Type: SEQUENCE OWNED BY; Schema: public; Owner: postgres
--

ALTER SEQUENCE "Appointment_RegionID_seq" OWNED BY "Appointment"."RegionID";


--
-- Name: Appointment_ServiceID_seq; Type: SEQUENCE; Schema: public; Owner: postgres
--

CREATE SEQUENCE "Appointment_ServiceID_seq"
    START WITH 1
    INCREMENT BY 1
    NO MINVALUE
    NO MAXVALUE
    CACHE 1;


ALTER TABLE public."Appointment_ServiceID_seq" OWNER TO postgres;

--
-- Name: Appointment_ServiceID_seq; Type: SEQUENCE OWNED BY; Schema: public; Owner: postgres
--

ALTER SEQUENCE "Appointment_ServiceID_seq" OWNED BY "Appointment"."ServiceID";


--
-- Name: Appointment_ServiceProviderUserID_seq; Type: SEQUENCE; Schema: public; Owner: postgres
--

CREATE SEQUENCE "Appointment_ServiceProviderUserID_seq"
    START WITH 1
    INCREMENT BY 1
    NO MINVALUE
    NO MAXVALUE
    CACHE 1;


ALTER TABLE public."Appointment_ServiceProviderUserID_seq" OWNER TO postgres;

--
-- Name: Appointment_ServiceProviderUserID_seq; Type: SEQUENCE OWNED BY; Schema: public; Owner: postgres
--

ALTER SEQUENCE "Appointment_ServiceProviderUserID_seq" OWNED BY "Appointment"."ServiceProviderUserID";


--
-- Name: Bids; Type: TABLE; Schema: public; Owner: postgres; Tablespace: 
--

CREATE TABLE "Bids" (
    "ServiceProviderUserID" integer NOT NULL,
    "WishID" integer NOT NULL,
    "CustomerUserID" integer NOT NULL,
    "BidValue" integer NOT NULL,
    "Details" character varying(2000),
    CONSTRAINT "bidValueCheck" CHECK (("BidValue" > 0)),
    CONSTRAINT "differentUserCheck" CHECK (("CustomerUserID" <> "ServiceProviderUserID"))
);


ALTER TABLE public."Bids" OWNER TO postgres;

--
-- Name: Bids_CustomerUserID_seq; Type: SEQUENCE; Schema: public; Owner: postgres
--

CREATE SEQUENCE "Bids_CustomerUserID_seq"
    START WITH 1
    INCREMENT BY 1
    NO MINVALUE
    NO MAXVALUE
    CACHE 1;


ALTER TABLE public."Bids_CustomerUserID_seq" OWNER TO postgres;

--
-- Name: Bids_CustomerUserID_seq; Type: SEQUENCE OWNED BY; Schema: public; Owner: postgres
--

ALTER SEQUENCE "Bids_CustomerUserID_seq" OWNED BY "Bids"."CustomerUserID";


--
-- Name: Bids_ServiceProviderUserID_seq; Type: SEQUENCE; Schema: public; Owner: postgres
--

CREATE SEQUENCE "Bids_ServiceProviderUserID_seq"
    START WITH 1
    INCREMENT BY 1
    NO MINVALUE
    NO MAXVALUE
    CACHE 1;


ALTER TABLE public."Bids_ServiceProviderUserID_seq" OWNER TO postgres;

--
-- Name: Bids_ServiceProviderUserID_seq; Type: SEQUENCE OWNED BY; Schema: public; Owner: postgres
--

ALTER SEQUENCE "Bids_ServiceProviderUserID_seq" OWNED BY "Bids"."ServiceProviderUserID";


--
-- Name: Bids_WishID_seq; Type: SEQUENCE; Schema: public; Owner: postgres
--

CREATE SEQUENCE "Bids_WishID_seq"
    START WITH 1
    INCREMENT BY 1
    NO MINVALUE
    NO MAXVALUE
    CACHE 1;


ALTER TABLE public."Bids_WishID_seq" OWNER TO postgres;

--
-- Name: Bids_WishID_seq; Type: SEQUENCE OWNED BY; Schema: public; Owner: postgres
--

ALTER SEQUENCE "Bids_WishID_seq" OWNED BY "Bids"."WishID";


--
-- Name: Customer; Type: TABLE; Schema: public; Owner: postgres; Tablespace: 
--

CREATE TABLE "Customer" (
    "UserID" integer NOT NULL,
    "DOB" birthdate NOT NULL,
    "CumulativeUpVotes" integer DEFAULT 0 NOT NULL,
    "CumulativeDownVotes" integer DEFAULT 0 NOT NULL,
    "RegionID" integer NOT NULL,
    "Gender" character varying(20) NOT NULL,
    CONSTRAINT "TotalUpvotesCheck" CHECK ((("CumulativeUpVotes" >= 0) AND ("CumulativeDownVotes" >= 0)))
);


ALTER TABLE public."Customer" OWNER TO postgres;

--
-- Name: Customer_UserID_seq; Type: SEQUENCE; Schema: public; Owner: postgres
--

CREATE SEQUENCE "Customer_UserID_seq"
    START WITH 1
    INCREMENT BY 1
    NO MINVALUE
    NO MAXVALUE
    CACHE 1;


ALTER TABLE public."Customer_UserID_seq" OWNER TO postgres;

--
-- Name: Customer_UserID_seq; Type: SEQUENCE OWNED BY; Schema: public; Owner: postgres
--

ALTER SEQUENCE "Customer_UserID_seq" OWNED BY "Customer"."UserID";


--
-- Name: Follows; Type: TABLE; Schema: public; Owner: postgres; Tablespace: 
--

CREATE TABLE "Follows" (
    "FollowerCustomerUserID" integer NOT NULL,
    "FollowedCustomerUserID" integer NOT NULL,
    CONSTRAINT "sameFollowCheck" CHECK (("FollowedCustomerUserID" <> "FollowerCustomerUserID"))
);


ALTER TABLE public."Follows" OWNER TO postgres;

--
-- Name: Follows_FollowedCustomerUserID_seq; Type: SEQUENCE; Schema: public; Owner: postgres
--

CREATE SEQUENCE "Follows_FollowedCustomerUserID_seq"
    START WITH 1
    INCREMENT BY 1
    NO MINVALUE
    NO MAXVALUE
    CACHE 1;


ALTER TABLE public."Follows_FollowedCustomerUserID_seq" OWNER TO postgres;

--
-- Name: Follows_FollowedCustomerUserID_seq; Type: SEQUENCE OWNED BY; Schema: public; Owner: postgres
--

ALTER SEQUENCE "Follows_FollowedCustomerUserID_seq" OWNED BY "Follows"."FollowedCustomerUserID";


--
-- Name: Follows_FollowerCustomerUserID_seq; Type: SEQUENCE; Schema: public; Owner: postgres
--

CREATE SEQUENCE "Follows_FollowerCustomerUserID_seq"
    START WITH 1
    INCREMENT BY 1
    NO MINVALUE
    NO MAXVALUE
    CACHE 1;


ALTER TABLE public."Follows_FollowerCustomerUserID_seq" OWNER TO postgres;

--
-- Name: Follows_FollowerCustomerUserID_seq; Type: SEQUENCE OWNED BY; Schema: public; Owner: postgres
--

ALTER SEQUENCE "Follows_FollowerCustomerUserID_seq" OWNED BY "Follows"."FollowerCustomerUserID";


--
-- Name: Location; Type: TABLE; Schema: public; Owner: postgres; Tablespace: 
--

CREATE TABLE "Location" (
    "RegionID" integer NOT NULL,
    "CityName" character varying(30),
    "StateName" character varying(30)
);


ALTER TABLE public."Location" OWNER TO postgres;

--
-- Name: Location_RegionID_seq; Type: SEQUENCE; Schema: public; Owner: postgres
--

CREATE SEQUENCE "Location_RegionID_seq"
    START WITH 1
    INCREMENT BY 1
    NO MINVALUE
    NO MAXVALUE
    CACHE 1;


ALTER TABLE public."Location_RegionID_seq" OWNER TO postgres;

--
-- Name: Location_RegionID_seq; Type: SEQUENCE OWNED BY; Schema: public; Owner: postgres
--

ALTER SEQUENCE "Location_RegionID_seq" OWNED BY "Location"."RegionID";


--
-- Name: Message; Type: TABLE; Schema: public; Owner: postgres; Tablespace: 
--

CREATE TABLE "Message" (
    "SenderCustomerUserID" integer NOT NULL,
    "Timestamp" timestamp without time zone NOT NULL,
    "Content" character varying(2000) NOT NULL,
    "ReceiverCustomerUserID" integer NOT NULL,
    CONSTRAINT "sameUserCheck" CHECK (("ReceiverCustomerUserID" <> "SenderCustomerUserID"))
);


ALTER TABLE public."Message" OWNER TO postgres;

--
-- Name: Message_ReceiverCustomerUserID_seq; Type: SEQUENCE; Schema: public; Owner: postgres
--

CREATE SEQUENCE "Message_ReceiverCustomerUserID_seq"
    START WITH 1
    INCREMENT BY 1
    NO MINVALUE
    NO MAXVALUE
    CACHE 1;


ALTER TABLE public."Message_ReceiverCustomerUserID_seq" OWNER TO postgres;

--
-- Name: Message_ReceiverCustomerUserID_seq; Type: SEQUENCE OWNED BY; Schema: public; Owner: postgres
--

ALTER SEQUENCE "Message_ReceiverCustomerUserID_seq" OWNED BY "Message"."ReceiverCustomerUserID";


--
-- Name: Message_SenderCustomerUserID_seq; Type: SEQUENCE; Schema: public; Owner: postgres
--

CREATE SEQUENCE "Message_SenderCustomerUserID_seq"
    START WITH 1
    INCREMENT BY 1
    NO MINVALUE
    NO MAXVALUE
    CACHE 1;


ALTER TABLE public."Message_SenderCustomerUserID_seq" OWNER TO postgres;

--
-- Name: Message_SenderCustomerUserID_seq; Type: SEQUENCE OWNED BY; Schema: public; Owner: postgres
--

ALTER SEQUENCE "Message_SenderCustomerUserID_seq" OWNED BY "Message"."SenderCustomerUserID";


--
-- Name: Provides; Type: TABLE; Schema: public; Owner: postgres; Tablespace: 
--

CREATE TABLE "Provides" (
    "ServiceProviderUserID" integer NOT NULL,
    "ServiceID" integer NOT NULL,
    "RegionID" integer NOT NULL,
    "Days" character varying NOT NULL,
    "StartTime" time without time zone NOT NULL,
    "EndTime" time without time zone NOT NULL,
    "Name" character varying(40) NOT NULL,
    "Price" integer NOT NULL,
    "Discount" integer DEFAULT 0,
    "Description" character varying(2000),
    CONSTRAINT "discountCheck" CHECK ((("Discount" >= 0) AND ("Discount" <= 100))),
    CONSTRAINT "priceCheck" CHECK (("Price" > 0)),
    CONSTRAINT times CHECK (("EndTime" > "StartTime"))
);


ALTER TABLE public."Provides" OWNER TO postgres;

--
-- Name: Provides_RegionID_seq; Type: SEQUENCE; Schema: public; Owner: postgres
--

CREATE SEQUENCE "Provides_RegionID_seq"
    START WITH 1
    INCREMENT BY 1
    NO MINVALUE
    NO MAXVALUE
    CACHE 1;


ALTER TABLE public."Provides_RegionID_seq" OWNER TO postgres;

--
-- Name: Provides_RegionID_seq; Type: SEQUENCE OWNED BY; Schema: public; Owner: postgres
--

ALTER SEQUENCE "Provides_RegionID_seq" OWNED BY "Provides"."RegionID";


--
-- Name: Provides_ServiceID_seq; Type: SEQUENCE; Schema: public; Owner: postgres
--

CREATE SEQUENCE "Provides_ServiceID_seq"
    START WITH 1
    INCREMENT BY 1
    NO MINVALUE
    NO MAXVALUE
    CACHE 1;


ALTER TABLE public."Provides_ServiceID_seq" OWNER TO postgres;

--
-- Name: Provides_ServiceID_seq; Type: SEQUENCE OWNED BY; Schema: public; Owner: postgres
--

ALTER SEQUENCE "Provides_ServiceID_seq" OWNED BY "Provides"."ServiceID";


--
-- Name: Provides_ServiceProviderUserID_seq; Type: SEQUENCE; Schema: public; Owner: postgres
--

CREATE SEQUENCE "Provides_ServiceProviderUserID_seq"
    START WITH 1
    INCREMENT BY 1
    NO MINVALUE
    NO MAXVALUE
    CACHE 1;


ALTER TABLE public."Provides_ServiceProviderUserID_seq" OWNER TO postgres;

--
-- Name: Provides_ServiceProviderUserID_seq; Type: SEQUENCE OWNED BY; Schema: public; Owner: postgres
--

ALTER SEQUENCE "Provides_ServiceProviderUserID_seq" OWNED BY "Provides"."ServiceProviderUserID";


--
-- Name: Question; Type: TABLE; Schema: public; Owner: postgres; Tablespace: 
--

CREATE TABLE "Question" (
    "QuestionID" integer NOT NULL,
    "Description" character varying(2000) NOT NULL,
    "Timestamp" timestamp without time zone NOT NULL,
    "CustomerUserID" integer NOT NULL,
    "ServiceProviderUserID" integer NOT NULL,
    CONSTRAINT "differentUserCheck" CHECK (("CustomerUserID" <> "ServiceProviderUserID"))
);


ALTER TABLE public."Question" OWNER TO postgres;

--
-- Name: Question_QuestionID_seq; Type: SEQUENCE; Schema: public; Owner: postgres
--

CREATE SEQUENCE "Question_QuestionID_seq"
    START WITH 1
    INCREMENT BY 1
    NO MINVALUE
    NO MAXVALUE
    CACHE 1;


ALTER TABLE public."Question_QuestionID_seq" OWNER TO postgres;

--
-- Name: Question_QuestionID_seq; Type: SEQUENCE OWNED BY; Schema: public; Owner: postgres
--

ALTER SEQUENCE "Question_QuestionID_seq" OWNED BY "Question"."QuestionID";


--
-- Name: Review; Type: TABLE; Schema: public; Owner: postgres; Tablespace: 
--

CREATE TABLE "Review" (
    "ReviewID" integer NOT NULL,
    "ServiceID" integer NOT NULL,
    "CustomerUserID" integer NOT NULL,
    "Content" character varying(2000) NOT NULL,
    "Rating" integer DEFAULT 0 NOT NULL,
    "Timestamp" timestamp without time zone NOT NULL,
    "ServiceProviderUserID" integer NOT NULL,
    "UpVotes" integer DEFAULT 0 NOT NULL,
    "DownVotes" integer DEFAULT 0 NOT NULL,
    CONSTRAINT "differentUserCheck" CHECK (("CustomerUserID" <> "ServiceProviderUserID")),
    CONSTRAINT "ratingCheck" CHECK ((("Rating" >= 0) AND ("Rating" <= 5)))
);


ALTER TABLE public."Review" OWNER TO postgres;

--
-- Name: Review_CustomerUserID_seq; Type: SEQUENCE; Schema: public; Owner: postgres
--

CREATE SEQUENCE "Review_CustomerUserID_seq"
    START WITH 1
    INCREMENT BY 1
    NO MINVALUE
    NO MAXVALUE
    CACHE 1;


ALTER TABLE public."Review_CustomerUserID_seq" OWNER TO postgres;

--
-- Name: Review_CustomerUserID_seq; Type: SEQUENCE OWNED BY; Schema: public; Owner: postgres
--

ALTER SEQUENCE "Review_CustomerUserID_seq" OWNED BY "Review"."CustomerUserID";


--
-- Name: Review_ReviewID_seq; Type: SEQUENCE; Schema: public; Owner: postgres
--

CREATE SEQUENCE "Review_ReviewID_seq"
    START WITH 1
    INCREMENT BY 1
    NO MINVALUE
    NO MAXVALUE
    CACHE 1;


ALTER TABLE public."Review_ReviewID_seq" OWNER TO postgres;

--
-- Name: Review_ReviewID_seq; Type: SEQUENCE OWNED BY; Schema: public; Owner: postgres
--

ALTER SEQUENCE "Review_ReviewID_seq" OWNED BY "Review"."ReviewID";


--
-- Name: Review_ServiceID_seq; Type: SEQUENCE; Schema: public; Owner: postgres
--

CREATE SEQUENCE "Review_ServiceID_seq"
    START WITH 1
    INCREMENT BY 1
    NO MINVALUE
    NO MAXVALUE
    CACHE 1;


ALTER TABLE public."Review_ServiceID_seq" OWNER TO postgres;

--
-- Name: Review_ServiceID_seq; Type: SEQUENCE OWNED BY; Schema: public; Owner: postgres
--

ALTER SEQUENCE "Review_ServiceID_seq" OWNED BY "Review"."ServiceID";


--
-- Name: Service; Type: TABLE; Schema: public; Owner: postgres; Tablespace: 
--

CREATE TABLE "Service" (
    "ServiceID" integer NOT NULL,
    "Type" character varying(40) NOT NULL,
    "SubType" character varying(40),
    "MiniDescription" character varying(2000)
);


ALTER TABLE public."Service" OWNER TO postgres;

--
-- Name: ServiceProvider; Type: TABLE; Schema: public; Owner: postgres; Tablespace: 
--

CREATE TABLE "ServiceProvider" (
    "UserID" integer NOT NULL,
    "Webpage" character varying(60),
    "Rating" double precision DEFAULT 0 NOT NULL
);


ALTER TABLE public."ServiceProvider" OWNER TO postgres;

--
-- Name: ServiceProvider_UserID_seq; Type: SEQUENCE; Schema: public; Owner: postgres
--

CREATE SEQUENCE "ServiceProvider_UserID_seq"
    START WITH 1
    INCREMENT BY 1
    NO MINVALUE
    NO MAXVALUE
    CACHE 1;


ALTER TABLE public."ServiceProvider_UserID_seq" OWNER TO postgres;

--
-- Name: ServiceProvider_UserID_seq; Type: SEQUENCE OWNED BY; Schema: public; Owner: postgres
--

ALTER SEQUENCE "ServiceProvider_UserID_seq" OWNED BY "ServiceProvider"."UserID";


--
-- Name: Service_ServiceID_seq; Type: SEQUENCE; Schema: public; Owner: postgres
--

CREATE SEQUENCE "Service_ServiceID_seq"
    START WITH 1
    INCREMENT BY 1
    NO MINVALUE
    NO MAXVALUE
    CACHE 1;


ALTER TABLE public."Service_ServiceID_seq" OWNER TO postgres;

--
-- Name: Service_ServiceID_seq; Type: SEQUENCE OWNED BY; Schema: public; Owner: postgres
--

ALTER SEQUENCE "Service_ServiceID_seq" OWNED BY "Service"."ServiceID";


--
-- Name: Users; Type: TABLE; Schema: public; Owner: postgres; Tablespace: 
--

CREATE TABLE "Users" (
    "UserID" integer NOT NULL,
    "LoginID" character varying(20) NOT NULL,
    "Password" character varying(30) NOT NULL,
    "FirstName" character varying(20) NOT NULL,
    "LastName" character varying(20) NOT NULL,
    "EmailID" character varying(40) NOT NULL,
    "Photograph" character varying DEFAULT 'people/basic.png'::character varying NOT NULL,
    "ContactNumber" character varying(20)
);


ALTER TABLE public."Users" OWNER TO postgres;

--
-- Name: User_UserID_seq; Type: SEQUENCE; Schema: public; Owner: postgres
--

CREATE SEQUENCE "User_UserID_seq"
    START WITH 1
    INCREMENT BY 1
    NO MINVALUE
    NO MAXVALUE
    CACHE 1;


ALTER TABLE public."User_UserID_seq" OWNER TO postgres;

--
-- Name: User_UserID_seq; Type: SEQUENCE OWNED BY; Schema: public; Owner: postgres
--

ALTER SEQUENCE "User_UserID_seq" OWNED BY "Users"."UserID";


--
-- Name: Vote; Type: TABLE; Schema: public; Owner: postgres; Tablespace: 
--

CREATE TABLE "Vote" (
    "ReviewID" integer NOT NULL,
    "CustomerUserID" integer NOT NULL,
    "VotedByCustomerUserID" integer NOT NULL,
    "TypeOfVote" integer NOT NULL,
    CONSTRAINT "differentUserCheck" CHECK (("CustomerUserID" <> "VotedByCustomerUserID")),
    CONSTRAINT "voteTypeCheck" CHECK ((("TypeOfVote" = 1) OR ("TypeOfVote" = (-1))))
);


ALTER TABLE public."Vote" OWNER TO postgres;

--
-- Name: Wish; Type: TABLE; Schema: public; Owner: postgres; Tablespace: 
--

CREATE TABLE "Wish" (
    "WishID" integer NOT NULL,
    "CustomerUserID" integer NOT NULL,
    "Description" character varying(2000),
    "MaximumPrice" integer,
    "StartDate" date,
    "EndDate" date,
    "Days" character varying,
    "StartTime" time without time zone,
    "EndTime" time without time zone,
    "ServiceID" integer NOT NULL,
    "RegionID" integer NOT NULL,
    "Timestamp" timestamp without time zone NOT NULL,
    CONSTRAINT "priceCheck" CHECK (("MaximumPrice" >= 0))
);


ALTER TABLE public."Wish" OWNER TO postgres;

--
-- Name: Wish_CustomerUserID_seq; Type: SEQUENCE; Schema: public; Owner: postgres
--

CREATE SEQUENCE "Wish_CustomerUserID_seq"
    START WITH 1
    INCREMENT BY 1
    NO MINVALUE
    NO MAXVALUE
    CACHE 1;


ALTER TABLE public."Wish_CustomerUserID_seq" OWNER TO postgres;

--
-- Name: Wish_CustomerUserID_seq; Type: SEQUENCE OWNED BY; Schema: public; Owner: postgres
--

ALTER SEQUENCE "Wish_CustomerUserID_seq" OWNED BY "Wish"."CustomerUserID";


--
-- Name: Wish_RegionID_seq; Type: SEQUENCE; Schema: public; Owner: postgres
--

CREATE SEQUENCE "Wish_RegionID_seq"
    START WITH 1
    INCREMENT BY 1
    NO MINVALUE
    NO MAXVALUE
    CACHE 1;


ALTER TABLE public."Wish_RegionID_seq" OWNER TO postgres;

--
-- Name: Wish_RegionID_seq; Type: SEQUENCE OWNED BY; Schema: public; Owner: postgres
--

ALTER SEQUENCE "Wish_RegionID_seq" OWNED BY "Wish"."RegionID";


--
-- Name: Wish_ServiceID_seq; Type: SEQUENCE; Schema: public; Owner: postgres
--

CREATE SEQUENCE "Wish_ServiceID_seq"
    START WITH 1
    INCREMENT BY 1
    NO MINVALUE
    NO MAXVALUE
    CACHE 1;


ALTER TABLE public."Wish_ServiceID_seq" OWNER TO postgres;

--
-- Name: Wish_ServiceID_seq; Type: SEQUENCE OWNED BY; Schema: public; Owner: postgres
--

ALTER SEQUENCE "Wish_ServiceID_seq" OWNED BY "Wish"."ServiceID";


--
-- Name: Wish_WishID_seq; Type: SEQUENCE; Schema: public; Owner: postgres
--

CREATE SEQUENCE "Wish_WishID_seq"
    START WITH 1
    INCREMENT BY 1
    NO MINVALUE
    NO MAXVALUE
    CACHE 1;


ALTER TABLE public."Wish_WishID_seq" OWNER TO postgres;

--
-- Name: Wish_WishID_seq; Type: SEQUENCE OWNED BY; Schema: public; Owner: postgres
--

ALTER SEQUENCE "Wish_WishID_seq" OWNED BY "Wish"."WishID";


--
-- Name: AnswerID; Type: DEFAULT; Schema: public; Owner: postgres
--

ALTER TABLE ONLY "Answer" ALTER COLUMN "AnswerID" SET DEFAULT nextval('"Answer_AnswerID_seq"'::regclass);


--
-- Name: RegionID; Type: DEFAULT; Schema: public; Owner: postgres
--

ALTER TABLE ONLY "Location" ALTER COLUMN "RegionID" SET DEFAULT nextval('"Location_RegionID_seq"'::regclass);


--
-- Name: QuestionID; Type: DEFAULT; Schema: public; Owner: postgres
--

ALTER TABLE ONLY "Question" ALTER COLUMN "QuestionID" SET DEFAULT nextval('"Question_QuestionID_seq"'::regclass);


--
-- Name: ReviewID; Type: DEFAULT; Schema: public; Owner: postgres
--

ALTER TABLE ONLY "Review" ALTER COLUMN "ReviewID" SET DEFAULT nextval('"Review_ReviewID_seq"'::regclass);


--
-- Name: ServiceID; Type: DEFAULT; Schema: public; Owner: postgres
--

ALTER TABLE ONLY "Service" ALTER COLUMN "ServiceID" SET DEFAULT nextval('"Service_ServiceID_seq"'::regclass);


--
-- Name: UserID; Type: DEFAULT; Schema: public; Owner: postgres
--

ALTER TABLE ONLY "Users" ALTER COLUMN "UserID" SET DEFAULT nextval('"User_UserID_seq"'::regclass);


--
-- Name: WishID; Type: DEFAULT; Schema: public; Owner: postgres
--

ALTER TABLE ONLY "Wish" ALTER COLUMN "WishID" SET DEFAULT nextval('"Wish_WishID_seq"'::regclass);


--
-- Data for Name: Answer; Type: TABLE DATA; Schema: public; Owner: postgres
--

INSERT INTO "Answer" VALUES (214, 1002, 'Class tempor gravida pellentesque pretium etiam himenaeos sem venenatis justo?

', '2013-01-01 21:00:00+05:30');
INSERT INTO "Answer" VALUES (678, 1003, 'Quisque litora lobortis primis donec cum feugiat conubia fames fermentum.

', '2013-02-04 10:00:00+05:30');
INSERT INTO "Answer" VALUES (931, 1004, 'Potenti integre Tincidunt phasellus gravida sed leo bibendum nullam dignissim.

', '2013-03-09 14:00:00+05:30');
INSERT INTO "Answer" VALUES (373, 1007, 'Nostra dapibus euismod condimentum sem bibendum metus, fames commodo blandit...

', '2013-09-02 07:00:00+05:30');
INSERT INTO "Answer" VALUES (887, 1016, 'Vitae cras ad velit inceptos torquent placerat ultrices suscipit venenatis.

', '2013-06-04 06:00:00+05:30');
INSERT INTO "Answer" VALUES (548, 1023, 'Nostra cursus dapibus tincidunt pretium nam platea: placerat nisl venenatis!

', '2013-06-01 06:00:00+05:30');
INSERT INTO "Answer" VALUES (234, 1030, 'Nulla sed lobortis eu iaculis dictum purus dui suscipit lacinia.

', '2013-01-01 23:00:00+05:30');
INSERT INTO "Answer" VALUES (373, 1032, 'Suspendisse nisi Tempor dictumst massa vestibulum eu pulvinar donec hac?

', '2013-02-01 15:00:00+05:30');
INSERT INTO "Answer" VALUES (372, 1035, 'Vehicula dapibus nascetur enim metus parturient; odio auctor aliquam ligula.

', '2013-05-07 02:00:00+05:30');
INSERT INTO "Answer" VALUES (539, 1039, 'Cubilia tincidunt litora aenean primis nullam laoreet mollis et lacinia?

', '2013-09-04 21:00:00+05:30');
INSERT INTO "Answer" VALUES (150, 1045, 'Taciti non Tempus pellentesque sodales pretium etiam consectetur dui ligula.

', '2013-03-06 12:00:00+05:30');
INSERT INTO "Answer" VALUES (946, 1046, 'Nostra vehicula curabitur proin sagittis id purus et blandit congue.

', '2013-07-05 00:00:00+05:30');
INSERT INTO "Answer" VALUES (851, 1052, 'Est neque tempor inceptos semper per enim magna - nisl et!

', '2013-03-01 08:00:00+05:30');
INSERT INTO "Answer" VALUES (107, 1054, 'Curae cursus scelerisque luctus mauris vestibulum cum hendrerit: mattis odio.

', '2013-05-06 10:00:00+05:30');
INSERT INTO "Answer" VALUES (158, 1059, 'Augue scelerisque quisque diam velit inceptos sodales - bibendum parturient ultrices.

', '2013-01-03 19:00:00+05:30');
INSERT INTO "Answer" VALUES (449, 1061, 'Convallis scelerisque sodales lobortis ullamcorper posuere, parturient arcu nec auctor.

', '2013-01-06 00:00:00+05:30');
INSERT INTO "Answer" VALUES (723, 1063, 'Vehicula sociosqu fringilla neque dapibus per metus iaculis: mollis lacinia.

', '2013-05-07 06:00:00+05:30');
INSERT INTO "Answer" VALUES (247, 1065, 'Maecenas cursus potenti luctus sodales pretium per arcu ultrices egestas?

', '2013-06-02 23:00:00+05:30');
INSERT INTO "Answer" VALUES (931, 1072, 'Vitae dapibus sollicitudin orci mauris rutrum nullam molestie elementum eleifend.

', '2013-06-09 23:00:00+05:30');
INSERT INTO "Answer" VALUES (373, 1073, 'Dictumst malesuada sociis donec aptent elementum venenatis fermentum - porttitor morbi.

', '2013-02-02 06:00:00+05:30');
INSERT INTO "Answer" VALUES (347, 1074, 'Cursus amet neque ad velit pretium eu feugiat hendrerit blandit?

', '2013-03-03 16:00:00+05:30');
INSERT INTO "Answer" VALUES (473, 1075, 'Habitasse vitae amet tempor vel pulvinar laoreet: magna conubia nisl.

', '2013-04-04 17:00:00+05:30');
INSERT INTO "Answer" VALUES (498, 1076, 'Convallis tempus tristique vel erat vestibulum porta adipiscing praesent ultrices.

', '2013-05-03 09:00:00+05:30');
INSERT INTO "Answer" VALUES (476, 1078, 'Urna amet luctus senectus dapibus integre sapien faucibus rhoncus mollis.

', '2013-07-03 05:00:00+05:30');
INSERT INTO "Answer" VALUES (120, 1090, 'Suspendisse velit lacus aliquet ipsum leo cum conubia suscipit congue!

', '2013-03-07 00:00:00+05:30');
INSERT INTO "Answer" VALUES (32, 1091, 'Maecenas dapibus euismod malesuada consequat imperdiet elementum, a venenatis fermentum...

', '2013-03-06 22:00:00+05:30');
INSERT INTO "Answer" VALUES (240, 1092, 'Vitae lorem cubilia augue neque cum arcu commodo blandit sit.

', '2013-06-03 00:00:00+05:30');
INSERT INTO "Answer" VALUES (321, 1094, 'Penatibus nisi taciti neque diam accumsan, sollicitudin magna habitant vivamus.

', '2013-06-03 10:00:00+05:30');
INSERT INTO "Answer" VALUES (131, 1097, 'Curae penatibus dapibus accumsan sed nam duis quam magna praesent?

', '2013-09-05 02:00:00+05:30');
INSERT INTO "Answer" VALUES (165, 1098, 'Convallis urna Amet nunc diam velit at nisl: egestas venenatis.

', '2013-03-03 05:00:00+05:30');
INSERT INTO "Answer" VALUES (362, 1105, 'Lorem diam Gravida nibh malesuada consequat porta iaculis egestas netus.

', '2013-06-01 02:00:00+05:30');
INSERT INTO "Answer" VALUES (755, 1107, 'Curabitur dolor lobortis pretium etiam ornare lectus facilisis laoreet at.

', '2013-07-02 05:00:00+05:30');
INSERT INTO "Answer" VALUES (486, 1117, 'Est in tempor gravida facilisis mollis magna et, ridiculus morbi.

', '2013-05-09 11:00:00+05:30');
INSERT INTO "Answer" VALUES (196, 1122, 'Nisi nulla Semper tristique lobortis posuere feugiat, conubia venenatis morbi?

', '2013-06-09 16:00:00+05:30');
INSERT INTO "Answer" VALUES (350, 1123, 'Maecenas potenti neque velit litora proin mi donec arcu egestas.

', '2013-05-09 11:00:00+05:30');
INSERT INTO "Answer" VALUES (699, 1129, 'Habitasse nostra elit potenti ut eu, enim purus ante fermentum.

', '2013-07-06 00:00:00+05:30');
INSERT INTO "Answer" VALUES (484, 1135, 'Fringilla quis quisque eu pharetra rhoncus donec - fames ligula morbi.

', '2013-01-03 12:00:00+05:30');
INSERT INTO "Answer" VALUES (980, 1140, 'Penatibus etiam per porta sagittis posuere, iaculis interdum nisl eleifend...

', '2013-01-07 07:00:00+05:30');
INSERT INTO "Answer" VALUES (51, 1146, 'Scelerisque natoque curabitur accumsan gravida consectetur fusce eros nisl auctor...

', '2013-03-05 08:00:00+05:30');
INSERT INTO "Answer" VALUES (934, 1148, 'Potenti nunc id platea purus parturient praesent turpis; ante sit.

', '2013-05-09 21:00:00+05:30');
INSERT INTO "Answer" VALUES (372, 1151, 'Libero semper litora leo bibendum pulvinar faucibus; cum odio dui.

', '2013-09-02 07:00:00+05:30');
INSERT INTO "Answer" VALUES (666, 1153, 'Vehicula potenti neque quisque phasellus massa lobortis ac cum dictum?

', '2013-04-07 07:00:00+05:30');
INSERT INTO "Answer" VALUES (22, 1155, 'Vehicula curabitur massa vel bibendum hac ultrices mattis varius sit?

', '2013-06-02 02:00:00+05:30');
INSERT INTO "Answer" VALUES (653, 1164, 'Nascetur lobortis nam rutrum sem molestie rhoncus commodo a porttitor.

', '2013-06-09 02:00:00+05:30');
INSERT INTO "Answer" VALUES (891, 1165, 'Montes vehicula potenti luctus ut dictumst - euismod nam eget mi?

', '2013-03-08 02:00:00+05:30');
INSERT INTO "Answer" VALUES (377, 1170, 'Tortor ut semper aliquet proin risus molestie eros - hac feugiat?

', '2013-09-07 06:00:00+05:30');
INSERT INTO "Answer" VALUES (244, 1174, 'Maecenas urna nostra montes in non elementum: purus praesent morbi.

', '2013-09-02 09:00:00+05:30');
INSERT INTO "Answer" VALUES (548, 1175, 'Fringilla integre nascetur semper pellentesque enim - pulvinar cum odio suscipit?

', '2013-01-09 09:00:00+05:30');
INSERT INTO "Answer" VALUES (135, 1183, 'Curae amet scelerisque accumsan per sociis eros hac platea fermentum!

', '2013-03-09 17:00:00+05:30');
INSERT INTO "Answer" VALUES (539, 1185, 'Magnis tincidunt pretium himenaeos nam posuere, facilisi donec imperdiet arcu.

', '2013-02-04 16:00:00+05:30');
INSERT INTO "Answer" VALUES (615, 1195, 'Est libero Non quis ut massa: donec duis cum sit...

', '2013-04-04 23:00:00+05:30');
INSERT INTO "Answer" VALUES (791, 1197, 'Habitasse neque senectus ad accumsan sodales pharetra felis odio ridiculus.

', '2013-03-05 16:00:00+05:30');
INSERT INTO "Answer" VALUES (939, 1199, 'Tincidunt sodales vel erat nam porta mollis conubia nec dui?

', '2013-05-07 06:00:00+05:30');
INSERT INTO "Answer" VALUES (133, 1205, 'Est urna non magnis semper massa, aenean pulvinar rhoncus fames.

', '2013-08-06 06:00:00+05:30');
INSERT INTO "Answer" VALUES (51, 1208, 'Nostra amet libero cubilia integre aliquet sodales pretium sagittis vivamus.

', '2013-07-02 20:00:00+05:30');
INSERT INTO "Answer" VALUES (908, 1210, 'Tortor dolor tempus leo risus nullam; mollis egestas aliquam porttitor!

', '2013-01-09 08:00:00+05:30');
INSERT INTO "Answer" VALUES (78, 1211, 'Scelerisque integre pellentesque per nullam adipiscing ac cum, facilisis justo?

', '2013-01-01 22:00:00+05:30');
INSERT INTO "Answer" VALUES (396, 1212, 'Gravida nibh per eu sem enim; adipiscing facilisi iaculis dictum?

', '2013-04-09 03:00:00+05:30');
INSERT INTO "Answer" VALUES (339, 1213, 'Libero nulla mauris faucibus facilisi tellus elementum arcu nec odio!

', '2013-05-05 03:00:00+05:30');
INSERT INTO "Answer" VALUES (549, 1214, 'Fringilla nulla volutpat lobortis ipsum id rhoncus felis, suscipit venenatis?

', '2013-04-08 18:00:00+05:30');
INSERT INTO "Answer" VALUES (979, 1221, 'Pretium ipsum Dis enim posuere pharetra hac; egestas felis suscipit.

', '2013-03-05 04:00:00+05:30');
INSERT INTO "Answer" VALUES (433, 1223, 'Elit nunc quis nulla pulvinar laoreet turpis; interdum ligula porttitor.

', '2013-05-05 12:00:00+05:30');
INSERT INTO "Answer" VALUES (798, 1225, 'Tincidunt sodales torquent rutrum eros parturient turpis - egestas mus dui.

', '2013-04-05 01:00:00+05:30');
INSERT INTO "Answer" VALUES (74, 1228, 'Suspendisse curabitur sed euismod fusce primis - dis posuere a justo.

', '2013-07-01 20:00:00+05:30');
INSERT INTO "Answer" VALUES (980, 1234, 'Senectus dolor litora ipsum leo pharetra - mollis venenatis aliquam porttitor.

', '2013-06-06 04:00:00+05:30');
INSERT INTO "Answer" VALUES (295, 1237, 'Curae natoque Quis mauris bibendum nullam id blandit a justo.

', '2013-08-09 10:00:00+05:30');
INSERT INTO "Answer" VALUES (468, 1238, 'Potenti amet Dapibus torquent malesuada sociis; dis id netus porttitor.

', '2013-03-07 10:00:00+05:30');
INSERT INTO "Answer" VALUES (524, 1242, 'Libero neque Natoque tempor pellentesque litora; feugiat purus commodo morbi...

', '2013-04-07 15:00:00+05:30');
INSERT INTO "Answer" VALUES (563, 1251, 'Est potenti tincidunt litora lobortis mauris: vel pharetra pulvinar ligula!

', '2013-06-06 03:00:00+05:30');
INSERT INTO "Answer" VALUES (602, 1258, 'Urna magnis Neque quisque enim sagittis rhoncus et nec dui!

', '2013-09-02 11:00:00+05:30');
INSERT INTO "Answer" VALUES (119, 1259, 'Maecenas sed Orci proin aenean vestibulum sapien porta - facilisis arcu?

', '2013-07-02 11:00:00+05:30');
INSERT INTO "Answer" VALUES (525, 1266, 'Nostra vitae fringilla curabitur nam facilisi feugiat laoreet ultrices odio.

', '2013-05-01 00:00:00+05:30');
INSERT INTO "Answer" VALUES (2, 1272, 'Cubilia lobortis vel sem leo donec magna felis dui lacinia.

', '2013-09-05 00:00:00+05:30');
INSERT INTO "Answer" VALUES (118, 1273, 'Urna scelerisque tincidunt phasellus proin sem adipiscing: platea dictum fames.

', '2013-09-05 02:00:00+05:30');
INSERT INTO "Answer" VALUES (666, 1274, 'Urna fringilla diam pellentesque massa pretium id: hac turpis ante.

', '2013-05-06 10:00:00+05:30');
INSERT INTO "Answer" VALUES (980, 1278, 'Lorem quisque Curabitur nam primis viverra; platea hendrerit varius nisl?

', '2013-06-01 22:00:00+05:30');
INSERT INTO "Answer" VALUES (774, 1281, 'Cras in nisi quis massa himenaeos hac quam at mattis?

', '2013-01-08 08:00:00+05:30');
INSERT INTO "Answer" VALUES (285, 1282, 'Lorem tristique Volutpat consequat dis enim pulvinar commodo felis fermentum.

', '2013-05-04 12:00:00+05:30');
INSERT INTO "Answer" VALUES (914, 1284, 'In dolor diam velit class consequat tellus suscipit a justo.

', '2013-04-07 17:00:00+05:30');
INSERT INTO "Answer" VALUES (377, 1287, 'Montes neque Dapibus proin bibendum dignissim platea fames odio auctor?

', '2013-03-09 18:00:00+05:30');
INSERT INTO "Answer" VALUES (62, 1290, 'Convallis cursus sociosqu senectus quisque semper consequat; dignissim auctor fermentum.

', '2013-03-04 07:00:00+05:30');
INSERT INTO "Answer" VALUES (386, 1293, 'Habitasse suspendisse euismod himenaeos consequat cum hendrerit, ante vivamus blandit.

', '2013-03-02 11:00:00+05:30');
INSERT INTO "Answer" VALUES (201, 1304, 'Vitae augue curabitur per vestibulum donec quam laoreet arcu turpis?

', '2013-03-01 16:00:00+05:30');
INSERT INTO "Answer" VALUES (271, 1305, 'Nostra elit potenti torquent erat porta cum fames et aliquam.

', '2013-09-01 15:00:00+05:30');
INSERT INTO "Answer" VALUES (690, 1307, 'Vehicula diam gravida lobortis consequat dictum nisl: habitant ante nec?

', '2013-08-04 05:00:00+05:30');
INSERT INTO "Answer" VALUES (845, 1309, 'Montes accumsan velit enim porta duis hendrerit; praesent mus aliquam?

', '2013-09-05 07:00:00+05:30');
INSERT INTO "Answer" VALUES (963, 1310, 'Maecenas in neque natoque accumsan nam ultricies - aliquam netus justo?

', '2013-01-02 01:00:00+05:30');
INSERT INTO "Answer" VALUES (295, 1327, 'In fringilla curabitur dolor tempor ornare sem ac aptent sit.

', '2013-02-02 12:00:00+05:30');
INSERT INTO "Answer" VALUES (62, 1331, 'Neque ullamcorper ipsum sagittis pulvinar aptent duis feugiat platea eleifend?

', '2013-02-03 09:00:00+05:30');
INSERT INTO "Answer" VALUES (57, 1334, 'Libero quisque tempus inceptos aliquet torquent etiam dignissim interdum varius.

', '2013-08-01 13:00:00+05:30');
INSERT INTO "Answer" VALUES (790, 1336, 'Curae vehicula amet fringilla dictumst tristique nam bibendum congue sit.

', '2013-05-03 19:00:00+05:30');
INSERT INTO "Answer" VALUES (120, 1339, 'Natoque eu ipsum feugiat laoreet mollis commodo felis odio ligula...

', '2013-02-08 22:00:00+05:30');
INSERT INTO "Answer" VALUES (791, 1340, 'Tortor cursus pretium himenaeos ornare ipsum dis; enim vivamus venenatis.

', '2013-09-09 06:00:00+05:30');
INSERT INTO "Answer" VALUES (837, 1342, 'Penatibus vitae cubilia scelerisque ad nascetur: proin consectetur laoreet lacinia.

', '2013-04-02 18:00:00+05:30');
INSERT INTO "Answer" VALUES (980, 1352, 'Penatibus sollicitudin Lobortis ornare porta pharetra felis; mus auctor morbi?

', '2013-08-07 05:00:00+05:30');
INSERT INTO "Answer" VALUES (362, 1358, 'Penatibus amet senectus curabitur eget vestibulum dis feugiat nisl habitant.

', '2013-01-07 12:00:00+05:30');
INSERT INTO "Answer" VALUES (227, 1364, 'Non class phasellus dictumst ac quam cum, tellus arcu ante.

', '2013-04-01 06:00:00+05:30');
INSERT INTO "Answer" VALUES (40, 1380, 'Libero magnis diam pretium vestibulum dis; tellus magna habitant lacinia.

', '2013-05-06 18:00:00+05:30');
INSERT INTO "Answer" VALUES (85, 1385, 'Ut curabitur Tristique sollicitudin malesuada sociis metus; pharetra varius netus.

', '2013-05-02 17:00:00+05:30');
INSERT INTO "Answer" VALUES (247, 1391, 'Suspendisse ad mi sagittis nullam posuere donec hac duis odio.

', '2013-09-09 06:00:00+05:30');
INSERT INTO "Answer" VALUES (302, 1392, 'Elit quisque dapibus integre dictumst vulputate nullam facilisis interdum fermentum.

', '2013-07-09 13:00:00+05:30');
INSERT INTO "Answer" VALUES (42, 1396, 'Taciti luctus lacus erat nam mi metus: magna dictum blandit.

', '2013-01-06 06:00:00+05:30');
INSERT INTO "Answer" VALUES (144, 1397, 'Nunc Velit tempus torquent rutrum leo aptent elementum ante porttitor.

', '2013-02-05 22:00:00+05:30');
INSERT INTO "Answer" VALUES (240, 1400, 'Sociosqu dapibus torquent primis posuere hac facilisis: platea placerat venenatis.

', '2013-08-08 02:00:00+05:30');
INSERT INTO "Answer" VALUES (934, 1402, 'Libero senectus Per erat eget vestibulum primis sem porta pulvinar.

', '2013-05-06 20:00:00+05:30');
INSERT INTO "Answer" VALUES (215, 1403, 'Convallis est Cras sociosqu lorem amet massa sodales, sem facilisi.

', '2013-02-09 22:00:00+05:30');
INSERT INTO "Answer" VALUES (743, 1406, 'Est augue Taciti magnis dolor inceptos faucibus ultrices: mattis mus...

', '2013-08-07 18:00:00+05:30');
INSERT INTO "Answer" VALUES (350, 1408, 'Convallis nisi tempus semper volutpat orci fusce platea ultrices habitant.

', '2013-02-06 08:00:00+05:30');
INSERT INTO "Answer" VALUES (555, 1410, 'Habitasse nisi quis tincidunt nam bibendum, lectus nullam praesent facilisi.

', '2013-04-02 14:00:00+05:30');
INSERT INTO "Answer" VALUES (634, 1414, 'Nostra Nunc tempor tristique sed orci sociis id iaculis eleifend.

', '2013-03-03 08:00:00+05:30');
INSERT INTO "Answer" VALUES (360, 1419, 'Amet gravida per erat aptent hac magna ultrices dui justo.

', '2013-07-01 15:00:00+05:30');
INSERT INTO "Answer" VALUES (917, 1421, 'Scelerisque sollicitudin mauris aenean eget bibendum: duis hendrerit commodo ridiculus.

', '2013-04-09 13:00:00+05:30');
INSERT INTO "Answer" VALUES (373, 1422, 'Senectus diam phasellus tempor semper sociis posuere pulvinar magna auctor.

', '2013-03-05 13:00:00+05:30');
INSERT INTO "Answer" VALUES (471, 1423, 'Penatibus sociosqu Class inceptos sed lobortis; conubia varius suscipit justo.

', '2013-06-05 18:00:00+05:30');
INSERT INTO "Answer" VALUES (2, 1424, 'Tortor fringilla Augue aliquet nibh erat eu nullam interdum aliquam.

', '2013-01-05 06:00:00+05:30');
INSERT INTO "Answer" VALUES (124, 1429, 'Maecenas taciti tempus dis rhoncus parturient fames vivamus aliquam ligula.

', '2013-02-08 13:00:00+05:30');
INSERT INTO "Answer" VALUES (850, 1434, 'Neque integre tristique risus dignissim egestas felis varius venenatis porttitor.

', '2013-06-04 20:00:00+05:30');
INSERT INTO "Answer" VALUES (103, 1435, 'Sociosqu dolor aliquet torquent proin vestibulum bibendum ultricies vivamus sit.

', '2013-08-05 18:00:00+05:30');
INSERT INTO "Answer" VALUES (566, 1436, 'Habitasse accumsan Massa leo bibendum risus rhoncus; auctor suscipit ridiculus...

', '2013-07-09 00:00:00+05:30');
INSERT INTO "Answer" VALUES (176, 1440, 'Ut dolor Phasellus aliquet sollicitudin nam eget - id platea fames.

', '2013-05-07 03:00:00+05:30');
INSERT INTO "Answer" VALUES (518, 1442, 'Nulla erat ullamcorper posuere placerat at mollis conubia venenatis fermentum?

', '2013-01-07 17:00:00+05:30');
INSERT INTO "Answer" VALUES (594, 1452, 'Scelerisque sodales proin aenean consequat leo aptent iaculis ante dui.

', '2013-05-04 04:00:00+05:30');
INSERT INTO "Answer" VALUES (473, 1454, 'Suspendisse nisi dolor nulla semper ornare placerat ultricies ante mus?

', '2013-08-05 00:00:00+05:30');
INSERT INTO "Answer" VALUES (121, 1460, 'Potenti senectus tempor sollicitudin primis dis quam iaculis parturient leo.

', '2013-07-03 10:00:00+05:30');
INSERT INTO "Answer" VALUES (121, 1462, 'Augue neque senectus ad tincidunt dictumst condimentum nullam pulvinar auctor.

', '2013-06-08 07:00:00+05:30');
INSERT INTO "Answer" VALUES (912, 1464, 'Cursus luctus Gravida semper dictumst vestibulum adipiscing rhoncus aptent ultrices.

', '2013-02-04 16:00:00+05:30');
INSERT INTO "Answer" VALUES (607, 1482, 'Penatibus dapibus curabitur lacus proin ullamcorper viverra, cum turpis netus.

', '2013-06-03 22:00:00+05:30');
INSERT INTO "Answer" VALUES (99, 1488, 'Montes etiam per rutrum sapien enim lectus ac duis conubia...

', '2013-01-06 16:00:00+05:30');
INSERT INTO "Answer" VALUES (285, 1491, 'Habitasse sociosqu neque senectus dolor pellentesque sapien facilisi magna fermentum?

', '2013-06-03 16:00:00+05:30');
INSERT INTO "Answer" VALUES (43, 1501, 'Tortor libero Augue luctus dolor class, vel adipiscing hendrerit odio.

', '2013-03-03 04:00:00+05:30');
INSERT INTO "Answer" VALUES (150, 1509, 'Montes cubilia Integre dolor phasellus euismod, at mus congue justo...

', '2013-06-04 08:00:00+05:30');
INSERT INTO "Answer" VALUES (99, 1511, 'Cubilia quis ad lacus sodales himenaeos imperdiet tellus; purus sit.

', '2013-06-02 00:00:00+05:30');
INSERT INTO "Answer" VALUES (373, 1516, 'Vehicula quisque dapibus pellentesque lectus pulvinar dictum mattis ligula porttitor.

', '2013-04-08 23:00:00+05:30');
INSERT INTO "Answer" VALUES (397, 1517, 'Dictumst nibh Proin mauris rutrum fusce cum nec auctor ligula.

', '2013-03-05 01:00:00+05:30');
INSERT INTO "Answer" VALUES (247, 1522, 'Convallis nostra in tempor lacus rhoncus aptent eros parturient blandit?

', '2013-05-05 23:00:00+05:30');
INSERT INTO "Answer" VALUES (372, 1525, 'Penatibus habitasse scelerisque luctus natoque ad litora fames mus porttitor?

', '2013-03-05 18:00:00+05:30');
INSERT INTO "Answer" VALUES (271, 1532, 'Sociosqu nulla gravida torquent etiam vel facilisi; laoreet dictum ridiculus.

', '2013-07-05 12:00:00+05:30');
INSERT INTO "Answer" VALUES (327, 1535, 'Nostra vehicula natoque diam sodales sem leo dis nullam mattis.

', '2013-07-02 09:00:00+05:30');
INSERT INTO "Answer" VALUES (121, 1539, 'Penatibus nibh per mi lectus facilisi imperdiet conubia interdum nec.

', '2013-02-06 14:00:00+05:30');
INSERT INTO "Answer" VALUES (482, 1541, 'Urna taciti dolor lobortis fusce dis, pulvinar ac dignissim donec.

', '2013-01-04 02:00:00+05:30');
INSERT INTO "Answer" VALUES (373, 1544, 'Cras vehicula magnis natoque condimentum malesuada faucibus habitant; mus ridiculus.

', '2013-03-05 15:00:00+05:30');
INSERT INTO "Answer" VALUES (317, 1549, 'Magnis tristique vulputate etiam erat nullam faucibus tellus arcu ridiculus...

', '2013-08-09 15:00:00+05:30');
INSERT INTO "Answer" VALUES (966, 1557, 'Taciti ad dapibus condimentum etiam mauris faucibus mollis parturient varius.

', '2013-05-04 01:00:00+05:30');
INSERT INTO "Answer" VALUES (594, 1558, 'Maecenas cursus Nunc suspendisse torquent malesuada metus molestie nisl ultrices.

', '2013-08-07 18:00:00+05:30');
INSERT INTO "Answer" VALUES (85, 1565, 'Vehicula nisi Luctus class ipsum pulvinar laoreet; ultrices varius venenatis.

', '2013-02-05 07:00:00+05:30');
INSERT INTO "Answer" VALUES (702, 1567, 'Nostra vitae sociosqu dictumst euismod massa - faucibus facilisi platea ultricies...

', '2013-07-04 19:00:00+05:30');
INSERT INTO "Answer" VALUES (532, 1578, 'Est montes pellentesque posuere faucibus ac dignissim magna fames ante.

', '2013-03-03 21:00:00+05:30');
INSERT INTO "Answer" VALUES (556, 1584, 'Est class pellentesque ullamcorper lectus nullam, duis iaculis arcu ante.

', '2013-07-06 11:00:00+05:30');
INSERT INTO "Answer" VALUES (213, 1585, 'Sociosqu Volutpat sem dis nullam adipiscing dignissim aptent egestas lacinia.

', '2013-01-02 07:00:00+05:30');
INSERT INTO "Answer" VALUES (653, 1586, 'In ut curabitur per sociis metus quam purus: interdum ridiculus?

', '2013-05-07 06:00:00+05:30');
INSERT INTO "Answer" VALUES (923, 1590, 'Maecenas natoque Euismod proin eu sapien lectus eros: ante mattis.

', '2013-05-02 02:00:00+05:30');
INSERT INTO "Answer" VALUES (728, 1591, 'Cubilia nascetur consectetur vel consequat bibendum pharetra feugiat, turpis nullam!

', '2013-02-06 05:00:00+05:30');
INSERT INTO "Answer" VALUES (317, 1596, 'Urna taciti neque quis porta rhoncus ante mus - aliquam lacinia?

', '2013-04-02 18:00:00+05:30');
INSERT INTO "Answer" VALUES (790, 1598, 'Tortor cras elit taciti nascetur sed nibh dis donec placerat?

', '2013-09-09 13:00:00+05:30');
INSERT INTO "Answer" VALUES (150, 1600, 'Cras Vehicula sociosqu pellentesque aliquet torquent malesuada sem, ante sit.

', '2013-08-03 20:00:00+05:30');
INSERT INTO "Answer" VALUES (260, 1608, 'Nunc suspendisse Magnis phasellus vestibulum fames et mattis - felis eleifend.

', '2013-05-02 23:00:00+05:30');
INSERT INTO "Answer" VALUES (482, 1615, 'Quis semper sed pretium orci porta cum mollis praesent vivamus.

', '2013-02-04 11:00:00+05:30');
INSERT INTO "Answer" VALUES (912, 1616, 'Sociosqu dictumst lobortis ullamcorper id facilisis hendrerit: habitant ante fermentum.

', '2013-05-07 15:00:00+05:30');
INSERT INTO "Answer" VALUES (129, 1617, 'Potenti amet ad dictumst proin erat eros quam, odio auctor?

', '2013-03-02 09:00:00+05:30');
INSERT INTO "Answer" VALUES (359, 1631, 'Cubilia lacus aenean ornare aptent tellus praesent ultrices varius ligula.

', '2013-07-03 07:00:00+05:30');
INSERT INTO "Answer" VALUES (774, 1635, 'Euismod condimentum mauris nam pharetra molestie feugiat turpis habitant odio?

', '2013-07-09 07:00:00+05:30');
INSERT INTO "Answer" VALUES (845, 1641, 'Senectus dapibus sollicitudin malesuada ipsum faucibus arcu ultrices felis venenatis.

', '2013-01-06 00:00:00+05:30');
INSERT INTO "Answer" VALUES (991, 1642, 'Nostra amet semper pretium vel sagittis: imperdiet egestas a sit?

', '2013-03-09 16:00:00+05:30');
INSERT INTO "Answer" VALUES (43, 1643, 'Curae tristique sed orci vel eu viverra pulvinar feugiat auctor!

', '2013-08-07 02:00:00+05:30');
INSERT INTO "Answer" VALUES (156, 1645, 'Amet sem faucibus feugiat praesent nisl varius suscipit venenatis porttitor.

', '2013-01-02 21:00:00+05:30');
INSERT INTO "Answer" VALUES (129, 1651, 'Penatibus taciti luctus gravida euismod etiam nam metus quam porttitor.

', '2013-09-06 22:00:00+05:30');
INSERT INTO "Answer" VALUES (238, 1655, 'Lorem in scelerisque inceptos pretium sociis, dis quam arcu justo.

', '2013-05-07 21:00:00+05:30');
INSERT INTO "Answer" VALUES (516, 1660, 'Fringilla natoque phasellus bibendum posuere tellus interdum nec porttitor morbi...

', '2013-06-07 20:00:00+05:30');
INSERT INTO "Answer" VALUES (294, 1675, 'Penatibus Elit sollicitudin massa nam metus imperdiet - turpis interdum et.

', '2013-04-02 22:00:00+05:30');
INSERT INTO "Answer" VALUES (927, 1679, 'Penatibus habitasse quis velit pretium eget hac tellus purus porttitor!

', '2013-06-06 11:00:00+05:30');
INSERT INTO "Answer" VALUES (908, 1686, 'Cursus libero ad pellentesque primis viverra ac facilisi at nam.

', '2013-01-05 10:00:00+05:30');
INSERT INTO "Answer" VALUES (413, 1694, 'Sociosqu taciti non tincidunt nibh condimentum torquent, hac facilisis laoreet.

', '2013-01-01 17:00:00+05:30');
INSERT INTO "Answer" VALUES (156, 1696, 'Curae nostra diam velit nulla adipiscing dignissim imperdiet nisl dui?

', '2013-09-08 02:00:00+05:30');
INSERT INTO "Answer" VALUES (271, 1700, 'Tincidunt nascetur semper lacus vulputate porta hac interdum nisl auctor.

', '2013-04-02 13:00:00+05:30');
INSERT INTO "Answer" VALUES (473, 1703, 'Cursus Cubilia natoque aliquet massa ornare viverra donec arcu dui?

', '2013-06-06 08:00:00+05:30');
INSERT INTO "Answer" VALUES (990, 1704, 'Suspendisse nisi tincidunt dictumst vel ullamcorper: consequat tellus ultricies netus.

', '2013-04-06 13:00:00+05:30');
INSERT INTO "Answer" VALUES (244, 1708, 'Curabitur pretium Per ullamcorper ornare elementum egestas blandit a venenatis.

', '2013-07-02 06:00:00+05:30');
INSERT INTO "Answer" VALUES (169, 1711, 'Urna vitae curabitur lectus pulvinar ac arcu interdum nisl auctor.

', '2013-04-08 14:00:00+05:30');
INSERT INTO "Answer" VALUES (337, 1716, 'Natoque inceptos dictumst litora per ornare sem lectus nullam cum.

', '2013-04-09 23:00:00+05:30');
INSERT INTO "Answer" VALUES (370, 1719, 'Quis ad mauris nam primis tellus iaculis fames nec ligula.

', '2013-03-07 13:00:00+05:30');
INSERT INTO "Answer" VALUES (813, 1724, 'Quis senectus sodales sociis ac id placerat parturient suscipit eleifend.

', '2013-06-08 20:00:00+05:30');
INSERT INTO "Answer" VALUES (118, 1727, 'Maecenas montes amet integre mauris vel sem fames eleifend netus.

', '2013-07-03 09:00:00+05:30');
INSERT INTO "Answer" VALUES (423, 1729, 'Potenti quis lacus torquent primis bibendum rhoncus eros suscipit lacinia.

', '2013-05-09 00:00:00+05:30');
INSERT INTO "Answer" VALUES (597, 1734, 'In suspendisse Dolor euismod erat enim platea ante nec enim.

', '2013-04-01 04:00:00+05:30');
INSERT INTO "Answer" VALUES (293, 1742, 'Tincidunt condimentum malesuada nam eget id dignissim dictum odio congue?

', '2013-06-09 05:00:00+05:30');
INSERT INTO "Answer" VALUES (129, 1752, 'Libero nisi nulla pellentesque sodales vulputate erat imperdiet, arcu nec.

', '2013-07-06 03:00:00+05:30');
INSERT INTO "Answer" VALUES (215, 1753, 'Tortor in Euismod lobortis etiam leo enim pharetra fames fermentum.

', '2013-04-02 19:00:00+05:30');
INSERT INTO "Answer" VALUES (970, 1758, 'Cursus scelerisque non rutrum enim pulvinar eros feugiat conubia ultricies.

', '2013-03-02 18:00:00+05:30');
INSERT INTO "Answer" VALUES (921, 1763, 'Montes senectus Integre mauris consequat ornare nullam hac, mollis arcu?

', '2013-07-02 04:00:00+05:30');
INSERT INTO "Answer" VALUES (471, 1770, 'Habitasse elit neque condimentum erat sagittis risus duis, nec congue?

', '2013-05-03 06:00:00+05:30');
INSERT INTO "Answer" VALUES (899, 1777, 'Magnis accumsan sollicitudin sed nam pulvinar, tellus egestas suscipit eleifend.

', '2013-02-02 15:00:00+05:30');
INSERT INTO "Answer" VALUES (419, 1780, 'Convallis amet accumsan tempor pretium sapien dis lectus id ultricies.

', '2013-06-06 09:00:00+05:30');
INSERT INTO "Answer" VALUES (78, 1781, 'Penatibus est Luctus ad lacus ullamcorper praesent fames vivamus ridiculus!

', '2013-01-01 16:00:00+05:30');
INSERT INTO "Answer" VALUES (359, 1782, 'Neque fusce eros hac tellus fames - mattis varius aliquam morbi.

', '2013-07-05 09:00:00+05:30');
INSERT INTO "Answer" VALUES (226, 1783, 'In cubilia himenaeos eget dis feugiat parturient et commodo eleifend?

', '2013-04-02 21:00:00+05:30');
INSERT INTO "Answer" VALUES (986, 1786, 'Natoque phasellus tempor pellentesque aliquet mauris: pharetra felis auctor venenatis.

', '2013-08-03 03:00:00+05:30');
INSERT INTO "Answer" VALUES (165, 1790, 'Elit fringilla sed sociis viverra molestie: aptent ultricies nisl accumsan.

', '2013-01-06 06:00:00+05:30');
INSERT INTO "Answer" VALUES (502, 1800, 'Diam tempor tristique etiam fusce pharetra nisl blandit lacinia morbi.

', '2013-04-06 20:00:00+05:30');
INSERT INTO "Answer" VALUES (672, 1802, 'Tortor elit dapibus class consectetur nam eget; viverra posuere interdum.

', '2013-01-05 20:00:00+05:30');
INSERT INTO "Answer" VALUES (939, 1807, 'Curae suspendisse tincidunt dolor adipiscing cum praesent ultrices dui eleifend.

', '2013-02-08 01:00:00+05:30');
INSERT INTO "Answer" VALUES (625, 1815, 'Urna tincidunt lacus euismod mauris primis dis magna: ante aliquam.

', '2013-06-01 01:00:00+05:30');
INSERT INTO "Answer" VALUES (899, 1817, 'Penatibus tincidunt tristique lacus fusce adipiscing duis at sit fermentum.

', '2013-09-02 04:00:00+05:30');
INSERT INTO "Answer" VALUES (23, 1823, 'Neque accumsan consectetur rutrum sem mi rhoncus feugiat venenatis lacinia?

', '2013-03-06 22:00:00+05:30');
INSERT INTO "Answer" VALUES (963, 1824, 'Neque tempor lacus sapien sem enim; metus at conubia justo.

', '2013-07-07 18:00:00+05:30');
INSERT INTO "Answer" VALUES (531, 1828, 'Taciti quisque velit aliquet sodales consectetur sociis praesent egestas blandit...

', '2013-07-05 08:00:00+05:30');
INSERT INTO "Answer" VALUES (129, 1831, 'Cubilia luctus neque quisque proin eros elementum ultrices commodo felis!

', '2013-04-05 08:00:00+05:30');
INSERT INTO "Answer" VALUES (835, 1832, 'Est ut diam nascetur torquent nam molestie dictum ultricies auctor?

', '2013-02-01 03:00:00+05:30');
INSERT INTO "Answer" VALUES (68, 1835, 'Tortor potenti curabitur pellentesque primis posuere dignissim hac facilisis habitant.

', '2013-04-07 17:00:00+05:30');
INSERT INTO "Answer" VALUES (704, 1850, 'Sociosqu amet nisi ullamcorper sem ipsum - leo posuere duis laoreet?

', '2013-06-03 18:00:00+05:30');
INSERT INTO "Answer" VALUES (150, 1852, 'Taciti integre nascetur aliquet rutrum mi iaculis ante, varius lacinia.

', '2013-08-06 02:00:00+05:30');
INSERT INTO "Answer" VALUES (40, 1857, 'Scelerisque tempus Proin sagittis nullam donec - et dui varius suscipit.

', '2013-09-05 06:00:00+05:30');
INSERT INTO "Answer" VALUES (203, 1859, 'Tortor non quis etiam facilisi dignissim feugiat magna fames mus.

', '2013-05-03 02:00:00+05:30');
INSERT INTO "Answer" VALUES (136, 1862, 'Potenti neque mi leo praesent egestas vivamus congue venenatis porttitor...

', '2013-07-05 13:00:00+05:30');
INSERT INTO "Answer" VALUES (444, 1864, 'Penatibus senectus sollicitudin malesuada ornare fusce ipsum suscipit ridiculus morbi?

', '2013-06-07 04:00:00+05:30');
INSERT INTO "Answer" VALUES (85, 1866, 'Maecenas habitasse cras phasellus condimentum ullamcorper ornare imperdiet - a ridiculus.

', '2013-03-08 23:00:00+05:30');
INSERT INTO "Answer" VALUES (444, 1874, 'Tortor cursus potenti nisi consequat mi; porta sagittis commodo ligula.

', '2013-02-07 16:00:00+05:30');
INSERT INTO "Answer" VALUES (271, 1888, 'Dolor velit sodales vestibulum enim pulvinar facilisis ultricies a morbi.

', '2013-09-03 17:00:00+05:30');
INSERT INTO "Answer" VALUES (102, 1899, 'Suspendisse nisi lacus mi tellus magna purus habitant fames et!

', '2013-02-06 21:00:00+05:30');
INSERT INTO "Answer" VALUES (626, 1902, 'Cursus fringilla augue taciti ad sollicitudin sodales adipiscing: platea felis?

', '2013-02-08 04:00:00+05:30');
INSERT INTO "Answer" VALUES (120, 1909, 'Vitae cursus luctus inceptos himenaeos rutrum enim viverra conubia auctor.

', '2013-09-07 22:00:00+05:30');
INSERT INTO "Answer" VALUES (51, 1910, 'Est vitae nunc nisi taciti litora himenaeos fusce felis ligula...

', '2013-05-07 00:00:00+05:30');
INSERT INTO "Answer" VALUES (54, 1911, 'Suspendisse semper sed sociis fusce bibendum pharetra - quam mus morbi.

', '2013-05-09 21:00:00+05:30');
INSERT INTO "Answer" VALUES (923, 1912, 'Est amet Nunc sed torquent molestie facilisis at nisl ultrices?

', '2013-06-02 18:00:00+05:30');
INSERT INTO "Answer" VALUES (503, 1917, 'Curae penatibus nunc nascetur sed sem; elementum commodo nec ligula.

', '2013-02-06 11:00:00+05:30');
INSERT INTO "Answer" VALUES (554, 1918, 'Habitasse vitae sociosqu tristique aliquet ullamcorper faucibus dignissim platea porttitor.

', '2013-04-05 16:00:00+05:30');
INSERT INTO "Answer" VALUES (62, 1923, 'Ut phasellus Inceptos sed nibh viverra adipiscing varius: ligula morbi.

', '2013-08-08 12:00:00+05:30');
INSERT INTO "Answer" VALUES (132, 1925, 'Vulputate consectetur eu bibendum duis tellus: placerat mollis venenatis aliquam...

', '2013-02-04 10:00:00+05:30');
INSERT INTO "Answer" VALUES (931, 1928, 'Tortor senectus Ut class sodales erat sapien tellus; purus porttitor.

', '2013-05-06 02:00:00+05:30');
INSERT INTO "Answer" VALUES (619, 1935, 'Nostra libero magnis massa sagittis lectus tellus purus - felis blandit.

', '2013-08-04 12:00:00+05:30');
INSERT INTO "Answer" VALUES (302, 1937, 'Montes diam Erat fusce bibendum ac conubia egestas congue justo.

', '2013-09-08 09:00:00+05:30');
INSERT INTO "Answer" VALUES (309, 1938, 'Massa per consequat fusce lectus molestie, ac rhoncus platea justo?

', '2013-06-07 04:00:00+05:30');
INSERT INTO "Answer" VALUES (436, 1944, 'Cursus montes amet mauris ullamcorper leo facilisi duis felis dui.

', '2013-01-05 00:00:00+05:30');
INSERT INTO "Answer" VALUES (413, 1948, 'Non dapibus aliquet pretium metus risus facilisi eros, feugiat arcu.

', '2013-01-02 11:00:00+05:30');
INSERT INTO "Answer" VALUES (585, 1949, 'Montes class Nibh eget donec duis hendrerit, parturient fermentum porttitor.

', '2013-01-09 05:00:00+05:30');
INSERT INTO "Answer" VALUES (518, 1950, 'Potenti fringilla nunc quisque ante nec dui sit; fermentum porttitor.

', '2013-06-05 21:00:00+05:30');
INSERT INTO "Answer" VALUES (289, 1953, 'Class nibh sodales proin erat pharetra, hac arcu interdum egestas.

', '2013-08-02 07:00:00+05:30');
INSERT INTO "Answer" VALUES (889, 1954, 'Urna cursus tempor semper rutrum rhoncus duis parturient auctor eleifend...

', '2013-06-05 05:00:00+05:30');
INSERT INTO "Answer" VALUES (147, 1960, 'Amet ad lobortis vel sapien quam cum facilisis laoreet magna!

', '2013-07-03 19:00:00+05:30');
INSERT INTO "Answer" VALUES (239, 1964, 'Est quisque Dapibus consectetur aenean vestibulum dis at; odio morbi.

', '2013-04-02 06:00:00+05:30');
INSERT INTO "Answer" VALUES (566, 1966, 'Suspendisse sollicitudin dignissim quam facilisis imperdiet mollis interdum fames varius.

', '2013-04-07 07:00:00+05:30');
INSERT INTO "Answer" VALUES (666, 1968, 'Maecenas natoque dapibus pharetra eros platea purus ultricies habitant porttitor...

', '2013-01-02 03:00:00+05:30');
INSERT INTO "Answer" VALUES (754, 1974, 'Nunc euismod proin etiam per posuere hac imperdiet varius justo?

', '2013-01-05 12:00:00+05:30');
INSERT INTO "Answer" VALUES (499, 1980, 'Lorem senectus ad tristique vulputate eu ipsum leo magna venenatis.

', '2013-02-03 20:00:00+05:30');
INSERT INTO "Answer" VALUES (240, 1982, 'Curae suspendisse curabitur tristique sapien primis sagittis ultricies mus auctor?

', '2013-01-05 17:00:00+05:30');
INSERT INTO "Answer" VALUES (966, 1984, 'Curae lorem Ad sed vel ornare eros - feugiat mollis nisl?

', '2013-02-07 07:00:00+05:30');
INSERT INTO "Answer" VALUES (404, 1986, 'Neque quis curabitur aliquet sapien donec at: arcu fames imperdiet.

', '2013-09-01 05:00:00+05:30');
INSERT INTO "Answer" VALUES (2, 1987, 'Vitae vehicula lobortis himenaeos vel porta, dignissim parturient interdum justo.

', '2013-02-01 03:00:00+05:30');
INSERT INTO "Answer" VALUES (347, 1990, 'Suspendisse senectus curabitur inceptos per id hac laoreet commodo netus.

', '2013-07-09 23:00:00+05:30');
INSERT INTO "Answer" VALUES (4, 1996, 'Ad dapibus class inceptos condimentum malesuada sociis; consequat enim parturient?

', '2013-02-07 00:00:00+05:30');
INSERT INTO "Answer" VALUES (548, 1999, 'Habitasse libero Dolor torquent eget sapien molestie parturient commodo porta.

', '2013-06-01 13:00:00+05:30');


--
-- Name: Answer_AnswerID_seq; Type: SEQUENCE SET; Schema: public; Owner: postgres
--

SELECT pg_catalog.setval('"Answer_AnswerID_seq"', 2000, true);


--
-- Data for Name: Appointment; Type: TABLE DATA; Schema: public; Owner: postgres
--

INSERT INTO "Appointment" VALUES (11, 181, 52, 28, 850, 'Cancelled', '2014-04-03', '2014-09-08', '0101101', '00:30:00', '13:00:00');
INSERT INTO "Appointment" VALUES (70, 231, 80, 14, 508, 'Confirmed', '2014-01-01', '2014-03-04', '0110110', '11:30:00', '21:00:00');
INSERT INTO "Appointment" VALUES (78, 381, 100, 31, 849, 'Pending', '2014-02-01', '2014-04-03', '0110011', '11:30:00', '12:30:00');
INSERT INTO "Appointment" VALUES (91, 240, 33, 16, 670, 'Confirmed', '2014-01-04', '2014-05-08', '1100011', '12:00:00', '20:00:00');


--
-- Name: Appointment_CustomerUserID_seq; Type: SEQUENCE SET; Schema: public; Owner: postgres
--

SELECT pg_catalog.setval('"Appointment_CustomerUserID_seq"', 1, false);


--
-- Name: Appointment_RegionID_seq; Type: SEQUENCE SET; Schema: public; Owner: postgres
--

SELECT pg_catalog.setval('"Appointment_RegionID_seq"', 1, false);


--
-- Name: Appointment_ServiceID_seq; Type: SEQUENCE SET; Schema: public; Owner: postgres
--

SELECT pg_catalog.setval('"Appointment_ServiceID_seq"', 1, false);


--
-- Name: Appointment_ServiceProviderUserID_seq; Type: SEQUENCE SET; Schema: public; Owner: postgres
--

SELECT pg_catalog.setval('"Appointment_ServiceProviderUserID_seq"', 1, false);


--
-- Data for Name: Bids; Type: TABLE DATA; Schema: public; Owner: postgres
--

INSERT INTO "Bids" VALUES (98, 50, 70, 391, 'Nostra libero magnis massa sagittis lectus tellus purus - felis blandit.

');
INSERT INTO "Bids" VALUES (36, 224, 97, 352, 'Cras lacus pretium torquent mauris vel duis: conubia suscipit lacinia.

');
INSERT INTO "Bids" VALUES (16, 366, 18, 420, 'Lorem neque pellentesque massa dis eros imperdiet laoreet: praesent fames!

');
INSERT INTO "Bids" VALUES (3, 152, 99, 346, 'Ut integre nulla aliquet litora fusce sem donec duis odio.

');
INSERT INTO "Bids" VALUES (47, 221, 69, 307, 'Augue scelerisque dolor sollicitudin condimentum fusce sagittis imperdiet, interdum id...

');
INSERT INTO "Bids" VALUES (35, 27, 16, 376, 'Curae penatibus amet cubilia leo nullam molestie; praesent turpis et.

');
INSERT INTO "Bids" VALUES (53, 389, 16, 466, 'Tortor ut semper aliquet proin risus molestie eros - hac feugiat?

');
INSERT INTO "Bids" VALUES (23, 88, 91, 386, 'Est curabitur euismod aenean nam viverra: duis facilisis a sit?

');
INSERT INTO "Bids" VALUES (23, 382, 67, 303, 'Nunc taciti class phasellus tempor leo; molestie rhoncus at aliquam.

');
INSERT INTO "Bids" VALUES (22, 350, 6, 320, 'Maecenas quis dolor massa eget porta pharetra, laoreet elementum nisl.

');
INSERT INTO "Bids" VALUES (65, 99, 45, 460, 'Elit taciti Magnis tincidunt inceptos pellentesque bibendum dictum - interdum vivamus.

');
INSERT INTO "Bids" VALUES (25, 136, 60, 490, 'Tortor lorem libero phasellus dictumst fusce porta platea praesent auctor...

');
INSERT INTO "Bids" VALUES (53, 148, 91, 350, 'Vehicula in euismod vel id dignissim feugiat mollis - ultricies commodo.

');
INSERT INTO "Bids" VALUES (78, 367, 34, 316, 'Magnis tincidunt pretium himenaeos nam posuere, facilisi donec imperdiet arcu.

');
INSERT INTO "Bids" VALUES (25, 152, 99, 411, 'Tortor augue dolor dictumst tristique sollicitudin massa: vestibulum hac dictum?

');
INSERT INTO "Bids" VALUES (94, 307, 61, 487, 'Natoque dapibus dolor phasellus ac eros tellus - blandit netus morbi.

');
INSERT INTO "Bids" VALUES (16, 12, 44, 319, 'Tortor dolor tempus leo risus nullam; mollis egestas aliquam porttitor!

');
INSERT INTO "Bids" VALUES (27, 0, 79, 417, 'In malesuada Mauris donec magna fames egestas vivamus congue netus.

');
INSERT INTO "Bids" VALUES (52, 301, 84, 457, 'Tortor ut semper aliquet proin risus molestie eros - hac feugiat?

');
INSERT INTO "Bids" VALUES (74, 378, 22, 377, 'Augue velit volutpat mi ipsum leo lectus nullam venenatis ridiculus.

');
INSERT INTO "Bids" VALUES (24, 239, 48, 465, 'Vehicula potenti neque quisque phasellus massa lobortis ac cum dictum?

');
INSERT INTO "Bids" VALUES (79, 341, 15, 445, 'Curae habitasse tortor elit aliquet primis bibendum sagittis praesent lacinia.

');
INSERT INTO "Bids" VALUES (81, 261, 84, 458, 'Tortor amet Neque ut pellentesque vel; sapien ac rhoncus facilisis.

');
INSERT INTO "Bids" VALUES (69, 38, 56, 345, 'Fringilla quis semper aenean fusce faucibus rhoncus conubia fames ut.

');
INSERT INTO "Bids" VALUES (69, 42, 45, 492, 'Maecenas natoque Euismod proin eu sapien lectus eros: ante mattis.

');
INSERT INTO "Bids" VALUES (47, 277, 90, 375, 'In non senectus velit class aenean sem rhoncus aptent dictum.

');
INSERT INTO "Bids" VALUES (10, 75, 45, 361, 'Luctus diam dictumst litora mi nullam: placerat hendrerit turpis lacinia.

');
INSERT INTO "Bids" VALUES (18, 396, 1, 488, 'In cubilia himenaeos eget dis feugiat parturient et commodo eleifend?

');
INSERT INTO "Bids" VALUES (23, 257, 98, 406, 'Cras scelerisque class phasellus semper etiam consectetur rutrum primis metus.

');
INSERT INTO "Bids" VALUES (10, 42, 45, 410, 'Suspendisse quis Tempus fusce placerat mollis, magna suscipit eleifend porttitor.

');
INSERT INTO "Bids" VALUES (27, 346, 70, 344, 'Amet litora condimentum lobortis proin aptent conubia nisl: fames ligula?

');
INSERT INTO "Bids" VALUES (48, 152, 99, 374, 'Habitasse scelerisque Quisque sodales sapien platea conubia nec blandit justo!

');
INSERT INTO "Bids" VALUES (51, 349, 99, 377, 'Cubilia neque dolor vestibulum sapien ac facilisi rhoncus venenatis sit.

');
INSERT INTO "Bids" VALUES (78, 360, 90, 350, 'Habitasse ut accumsan eu mi porta dignissim placerat arcu aliquam.

');
INSERT INTO "Bids" VALUES (21, 361, 2, 475, 'Convallis scelerisque Velit rutrum nullam laoreet hendrerit praesent, fames blandit.

');
INSERT INTO "Bids" VALUES (63, 97, 57, 416, 'Vehicula lorem natoque consectetur nam posuere platea imperdiet: turpis blandit.

');
INSERT INTO "Bids" VALUES (16, 77, 44, 387, 'Tortor cursus pretium himenaeos ornare ipsum dis; enim vivamus venenatis.

');
INSERT INTO "Bids" VALUES (32, 231, 34, 430, 'Cras in nisi quis massa himenaeos hac quam at mattis?

');
INSERT INTO "Bids" VALUES (32, 0, 79, 469, 'Libero natoque Torquent vulputate per enim; pulvinar eros odio lacinia.

');
INSERT INTO "Bids" VALUES (15, 72, 2, 309, 'Est quisque Dapibus consectetur aenean vestibulum dis at; odio morbi.

');
INSERT INTO "Bids" VALUES (79, 396, 1, 498, 'Curabitur nulla Nam eu pharetra id tellus laoreet auctor blandit.

');
INSERT INTO "Bids" VALUES (38, 327, 99, 314, 'Gravida semper euismod mi risus adipiscing facilisi, egestas dui varius.

');
INSERT INTO "Bids" VALUES (24, 136, 60, 429, 'Lorem scelerisque natoque senectus dictumst lacus himenaeos nam pharetra rhoncus.

');
INSERT INTO "Bids" VALUES (75, 146, 48, 383, 'Penatibus vitae cubilia scelerisque ad nascetur: proin consectetur laoreet lacinia.

');
INSERT INTO "Bids" VALUES (57, 158, 30, 431, 'Habitasse sociosqu neque senectus dolor pellentesque sapien facilisi magna fermentum?

');
INSERT INTO "Bids" VALUES (95, 58, 8, 330, 'Ut litora sodales faucibus molestie laoreet mollis, turpis nisl blandit.

');
INSERT INTO "Bids" VALUES (38, 120, 22, 374, 'Potenti amet Dapibus torquent malesuada sociis; dis id netus porttitor.

');
INSERT INTO "Bids" VALUES (48, 33, 7, 385, 'Maecenas urna neque tincidunt litora aenean sociis eget vestibulum quam.

');


--
-- Name: Bids_CustomerUserID_seq; Type: SEQUENCE SET; Schema: public; Owner: postgres
--

SELECT pg_catalog.setval('"Bids_CustomerUserID_seq"', 1, false);


--
-- Name: Bids_ServiceProviderUserID_seq; Type: SEQUENCE SET; Schema: public; Owner: postgres
--

SELECT pg_catalog.setval('"Bids_ServiceProviderUserID_seq"', 1, false);


--
-- Name: Bids_WishID_seq; Type: SEQUENCE SET; Schema: public; Owner: postgres
--

SELECT pg_catalog.setval('"Bids_WishID_seq"', 1, false);


--
-- Data for Name: Customer; Type: TABLE DATA; Schema: public; Owner: postgres
--

INSERT INTO "Customer" VALUES (103, '1985-04-09', 0, 0, 108, 'Male');
INSERT INTO "Customer" VALUES (107, '1985-02-08', 0, 0, 289, 'Male');
INSERT INTO "Customer" VALUES (110, '1985-06-07', 0, 0, 173, 'Male');
INSERT INTO "Customer" VALUES (106, '1985-03-06', 0, 0, 51, 'Male');
INSERT INTO "Customer" VALUES (104, '1985-06-05', 0, 0, 297, 'Male');
INSERT INTO "Customer" VALUES (77, '1985-07-08', 18, 15, 183, 'Male');
INSERT INTO "Customer" VALUES (39, '1990-08-01', 0, 3, 284, 'Female');
INSERT INTO "Customer" VALUES (46, '1990-01-08', 7, 8, 190, 'Female');
INSERT INTO "Customer" VALUES (79, '1985-08-06', 12, 11, 307, 'Male');
INSERT INTO "Customer" VALUES (84, '1985-09-01', 6, 5, 142, 'Male');
INSERT INTO "Customer" VALUES (100, '1985-02-05', 17, 10, 352, 'Male');
INSERT INTO "Customer" VALUES (57, '1985-08-07', 13, 7, 317, 'Male');
INSERT INTO "Customer" VALUES (98, '1985-04-01', 4, 3, 110, 'Male');
INSERT INTO "Customer" VALUES (91, '1985-09-07', 4, 4, 242, 'Male');
INSERT INTO "Customer" VALUES (82, '1985-07-02', 7, 10, 256, 'Male');
INSERT INTO "Customer" VALUES (58, '1985-09-02', 7, 8, 296, 'Male');
INSERT INTO "Customer" VALUES (14, '1990-02-01', 12, 8, 202, 'Female');
INSERT INTO "Customer" VALUES (38, '1990-06-03', 4, 2, 208, 'Female');
INSERT INTO "Customer" VALUES (22, '1990-07-07', 1, 3, 162, 'Female');
INSERT INTO "Customer" VALUES (29, '1990-07-03', 14, 7, 145, 'Female');
INSERT INTO "Customer" VALUES (41, '1990-09-05', 3, 3, 41, 'Female');
INSERT INTO "Customer" VALUES (61, '1985-04-09', 17, 20, 210, 'Male');
INSERT INTO "Customer" VALUES (90, '1985-03-09', 3, 4, 371, 'Male');
INSERT INTO "Customer" VALUES (99, '1985-02-04', 0, 0, 212, 'Male');
INSERT INTO "Customer" VALUES (67, '1985-08-03', 11, 13, 54, 'Male');
INSERT INTO "Customer" VALUES (30, '1990-07-07', 6, 7, 28, 'Female');
INSERT INTO "Customer" VALUES (69, '1985-08-07', 7, 10, 395, 'Male');
INSERT INTO "Customer" VALUES (15, '1990-07-03', 5, 2, 110, 'Female');
INSERT INTO "Customer" VALUES (60, '1985-05-01', 9, 7, 256, 'Male');
INSERT INTO "Customer" VALUES (1, '1990-01-08', 15, 12, 379, 'Female');
INSERT INTO "Customer" VALUES (44, '1990-02-07', 6, 8, 166, 'Female');
INSERT INTO "Customer" VALUES (35, '1990-05-06', 16, 17, 193, 'Female');
INSERT INTO "Customer" VALUES (56, '1985-09-01', 6, 14, 132, 'Male');
INSERT INTO "Customer" VALUES (70, '1985-02-08', 26, 19, 191, 'Male');
INSERT INTO "Customer" VALUES (76, '1985-07-01', 0, 3, 246, 'Male');
INSERT INTO "Customer" VALUES (95, '1985-06-02', 11, 5, 24, 'Male');
INSERT INTO "Customer" VALUES (6, '1990-04-02', 12, 12, 268, 'Female');
INSERT INTO "Customer" VALUES (18, '1990-06-05', 5, 3, 396, 'Female');
INSERT INTO "Customer" VALUES (68, '1985-08-06', 14, 14, 235, 'Male');
INSERT INTO "Customer" VALUES (78, '1985-04-08', 11, 8, 39, 'Male');
INSERT INTO "Customer" VALUES (80, '1985-08-08', 4, 1, 12, 'Male');
INSERT INTO "Customer" VALUES (11, '1990-05-02', 6, 7, 204, 'Female');
INSERT INTO "Customer" VALUES (2, '1990-09-02', 13, 13, 3, 'Female');
INSERT INTO "Customer" VALUES (45, '1990-09-01', 6, 7, 110, 'Female');
INSERT INTO "Customer" VALUES (34, '1990-01-09', 9, 9, 180, 'Female');
INSERT INTO "Customer" VALUES (74, '1985-09-02', 15, 15, 342, 'Male');
INSERT INTO "Customer" VALUES (72, '1985-03-06', 10, 10, 245, 'Male');
INSERT INTO "Customer" VALUES (10, '1990-08-09', 18, 15, 128, 'Female');
INSERT INTO "Customer" VALUES (62, '1985-02-01', 6, 9, 121, 'Male');
INSERT INTO "Customer" VALUES (48, '1990-07-09', 11, 6, 119, 'Female');
INSERT INTO "Customer" VALUES (7, '1990-05-03', 7, 2, 327, 'Female');
INSERT INTO "Customer" VALUES (88, '1985-03-04', 2, 3, 63, 'Male');
INSERT INTO "Customer" VALUES (8, '1990-05-09', 3, 3, 105, 'Female');
INSERT INTO "Customer" VALUES (9, '1990-08-08', 22, 20, 306, 'Female');
INSERT INTO "Customer" VALUES (16, '1990-02-06', 5, 7, 259, 'Female');
INSERT INTO "Customer" VALUES (97, '1985-07-07', 1, 2, 203, 'Male');


--
-- Name: Customer_UserID_seq; Type: SEQUENCE SET; Schema: public; Owner: postgres
--

SELECT pg_catalog.setval('"Customer_UserID_seq"', 1, false);


--
-- Data for Name: Follows; Type: TABLE DATA; Schema: public; Owner: postgres
--

INSERT INTO "Follows" VALUES (98, 61);
INSERT INTO "Follows" VALUES (82, 1);
INSERT INTO "Follows" VALUES (106, 22);
INSERT INTO "Follows" VALUES (6, 41);
INSERT INTO "Follows" VALUES (91, 56);
INSERT INTO "Follows" VALUES (34, 70);
INSERT INTO "Follows" VALUES (97, 61);
INSERT INTO "Follows" VALUES (98, 38);
INSERT INTO "Follows" VALUES (79, 74);
INSERT INTO "Follows" VALUES (97, 104);
INSERT INTO "Follows" VALUES (8, 70);
INSERT INTO "Follows" VALUES (15, 107);
INSERT INTO "Follows" VALUES (15, 106);
INSERT INTO "Follows" VALUES (77, 58);
INSERT INTO "Follows" VALUES (95, 46);
INSERT INTO "Follows" VALUES (6, 8);
INSERT INTO "Follows" VALUES (77, 103);
INSERT INTO "Follows" VALUES (99, 56);
INSERT INTO "Follows" VALUES (107, 9);
INSERT INTO "Follows" VALUES (62, 35);
INSERT INTO "Follows" VALUES (77, 68);
INSERT INTO "Follows" VALUES (10, 100);
INSERT INTO "Follows" VALUES (30, 62);
INSERT INTO "Follows" VALUES (77, 88);
INSERT INTO "Follows" VALUES (97, 57);
INSERT INTO "Follows" VALUES (68, 72);
INSERT INTO "Follows" VALUES (100, 60);
INSERT INTO "Follows" VALUES (29, 107);
INSERT INTO "Follows" VALUES (11, 103);
INSERT INTO "Follows" VALUES (74, 46);
INSERT INTO "Follows" VALUES (74, 11);
INSERT INTO "Follows" VALUES (79, 69);
INSERT INTO "Follows" VALUES (35, 78);
INSERT INTO "Follows" VALUES (60, 38);
INSERT INTO "Follows" VALUES (30, 70);
INSERT INTO "Follows" VALUES (99, 14);
INSERT INTO "Follows" VALUES (22, 67);
INSERT INTO "Follows" VALUES (6, 88);
INSERT INTO "Follows" VALUES (69, 38);
INSERT INTO "Follows" VALUES (30, 14);
INSERT INTO "Follows" VALUES (110, 103);
INSERT INTO "Follows" VALUES (90, 57);
INSERT INTO "Follows" VALUES (7, 30);
INSERT INTO "Follows" VALUES (44, 41);
INSERT INTO "Follows" VALUES (41, 38);
INSERT INTO "Follows" VALUES (68, 60);
INSERT INTO "Follows" VALUES (39, 48);
INSERT INTO "Follows" VALUES (60, 103);
INSERT INTO "Follows" VALUES (80, 70);
INSERT INTO "Follows" VALUES (8, 46);
INSERT INTO "Follows" VALUES (9, 60);
INSERT INTO "Follows" VALUES (7, 110);
INSERT INTO "Follows" VALUES (88, 41);
INSERT INTO "Follows" VALUES (6, 30);
INSERT INTO "Follows" VALUES (62, 57);
INSERT INTO "Follows" VALUES (57, 72);
INSERT INTO "Follows" VALUES (22, 104);
INSERT INTO "Follows" VALUES (110, 29);
INSERT INTO "Follows" VALUES (68, 77);
INSERT INTO "Follows" VALUES (14, 88);
INSERT INTO "Follows" VALUES (110, 88);
INSERT INTO "Follows" VALUES (76, 72);
INSERT INTO "Follows" VALUES (15, 90);
INSERT INTO "Follows" VALUES (7, 74);
INSERT INTO "Follows" VALUES (46, 106);
INSERT INTO "Follows" VALUES (57, 8);
INSERT INTO "Follows" VALUES (74, 68);
INSERT INTO "Follows" VALUES (67, 56);
INSERT INTO "Follows" VALUES (82, 77);
INSERT INTO "Follows" VALUES (46, 90);
INSERT INTO "Follows" VALUES (2, 68);
INSERT INTO "Follows" VALUES (14, 35);
INSERT INTO "Follows" VALUES (78, 38);
INSERT INTO "Follows" VALUES (76, 45);
INSERT INTO "Follows" VALUES (95, 104);
INSERT INTO "Follows" VALUES (41, 30);
INSERT INTO "Follows" VALUES (38, 18);
INSERT INTO "Follows" VALUES (97, 1);
INSERT INTO "Follows" VALUES (58, 74);
INSERT INTO "Follows" VALUES (100, 14);
INSERT INTO "Follows" VALUES (18, 82);
INSERT INTO "Follows" VALUES (8, 11);
INSERT INTO "Follows" VALUES (22, 68);
INSERT INTO "Follows" VALUES (67, 30);
INSERT INTO "Follows" VALUES (74, 62);
INSERT INTO "Follows" VALUES (15, 7);
INSERT INTO "Follows" VALUES (74, 100);
INSERT INTO "Follows" VALUES (88, 68);
INSERT INTO "Follows" VALUES (90, 2);
INSERT INTO "Follows" VALUES (7, 10);
INSERT INTO "Follows" VALUES (34, 79);
INSERT INTO "Follows" VALUES (70, 61);
INSERT INTO "Follows" VALUES (60, 2);
INSERT INTO "Follows" VALUES (35, 69);
INSERT INTO "Follows" VALUES (60, 35);
INSERT INTO "Follows" VALUES (99, 98);
INSERT INTO "Follows" VALUES (84, 38);
INSERT INTO "Follows" VALUES (107, 77);
INSERT INTO "Follows" VALUES (18, 9);
INSERT INTO "Follows" VALUES (45, 30);
INSERT INTO "Follows" VALUES (6, 84);
INSERT INTO "Follows" VALUES (72, 6);
INSERT INTO "Follows" VALUES (98, 76);
INSERT INTO "Follows" VALUES (35, 95);
INSERT INTO "Follows" VALUES (56, 10);
INSERT INTO "Follows" VALUES (84, 34);
INSERT INTO "Follows" VALUES (45, 90);
INSERT INTO "Follows" VALUES (82, 98);
INSERT INTO "Follows" VALUES (74, 84);
INSERT INTO "Follows" VALUES (14, 78);
INSERT INTO "Follows" VALUES (88, 98);
INSERT INTO "Follows" VALUES (41, 67);
INSERT INTO "Follows" VALUES (77, 46);
INSERT INTO "Follows" VALUES (77, 90);
INSERT INTO "Follows" VALUES (110, 46);
INSERT INTO "Follows" VALUES (9, 10);
INSERT INTO "Follows" VALUES (78, 34);
INSERT INTO "Follows" VALUES (46, 44);
INSERT INTO "Follows" VALUES (70, 45);
INSERT INTO "Follows" VALUES (9, 16);
INSERT INTO "Follows" VALUES (69, 39);
INSERT INTO "Follows" VALUES (41, 14);
INSERT INTO "Follows" VALUES (100, 18);
INSERT INTO "Follows" VALUES (41, 103);
INSERT INTO "Follows" VALUES (18, 88);
INSERT INTO "Follows" VALUES (110, 22);
INSERT INTO "Follows" VALUES (74, 103);
INSERT INTO "Follows" VALUES (100, 72);
INSERT INTO "Follows" VALUES (95, 45);
INSERT INTO "Follows" VALUES (67, 60);
INSERT INTO "Follows" VALUES (99, 110);
INSERT INTO "Follows" VALUES (72, 14);
INSERT INTO "Follows" VALUES (2, 34);
INSERT INTO "Follows" VALUES (84, 80);
INSERT INTO "Follows" VALUES (14, 2);
INSERT INTO "Follows" VALUES (98, 11);
INSERT INTO "Follows" VALUES (76, 39);
INSERT INTO "Follows" VALUES (9, 18);
INSERT INTO "Follows" VALUES (1, 100);
INSERT INTO "Follows" VALUES (91, 58);
INSERT INTO "Follows" VALUES (1, 106);
INSERT INTO "Follows" VALUES (61, 30);
INSERT INTO "Follows" VALUES (1, 34);
INSERT INTO "Follows" VALUES (9, 103);
INSERT INTO "Follows" VALUES (35, 30);
INSERT INTO "Follows" VALUES (90, 78);
INSERT INTO "Follows" VALUES (34, 22);
INSERT INTO "Follows" VALUES (98, 15);
INSERT INTO "Follows" VALUES (15, 46);
INSERT INTO "Follows" VALUES (10, 41);
INSERT INTO "Follows" VALUES (106, 82);
INSERT INTO "Follows" VALUES (8, 9);
INSERT INTO "Follows" VALUES (60, 90);
INSERT INTO "Follows" VALUES (60, 74);
INSERT INTO "Follows" VALUES (67, 76);
INSERT INTO "Follows" VALUES (60, 61);
INSERT INTO "Follows" VALUES (67, 95);
INSERT INTO "Follows" VALUES (6, 78);
INSERT INTO "Follows" VALUES (80, 14);
INSERT INTO "Follows" VALUES (38, 107);
INSERT INTO "Follows" VALUES (44, 98);
INSERT INTO "Follows" VALUES (67, 57);
INSERT INTO "Follows" VALUES (16, 91);
INSERT INTO "Follows" VALUES (97, 90);
INSERT INTO "Follows" VALUES (88, 9);
INSERT INTO "Follows" VALUES (78, 11);
INSERT INTO "Follows" VALUES (103, 35);
INSERT INTO "Follows" VALUES (15, 95);
INSERT INTO "Follows" VALUES (110, 45);
INSERT INTO "Follows" VALUES (39, 72);
INSERT INTO "Follows" VALUES (2, 88);
INSERT INTO "Follows" VALUES (70, 39);
INSERT INTO "Follows" VALUES (44, 91);
INSERT INTO "Follows" VALUES (77, 30);
INSERT INTO "Follows" VALUES (97, 9);
INSERT INTO "Follows" VALUES (16, 14);
INSERT INTO "Follows" VALUES (8, 98);
INSERT INTO "Follows" VALUES (90, 79);
INSERT INTO "Follows" VALUES (62, 29);
INSERT INTO "Follows" VALUES (16, 48);
INSERT INTO "Follows" VALUES (84, 98);
INSERT INTO "Follows" VALUES (95, 9);
INSERT INTO "Follows" VALUES (79, 80);
INSERT INTO "Follows" VALUES (2, 62);
INSERT INTO "Follows" VALUES (74, 97);
INSERT INTO "Follows" VALUES (100, 8);
INSERT INTO "Follows" VALUES (1, 16);
INSERT INTO "Follows" VALUES (77, 10);
INSERT INTO "Follows" VALUES (29, 15);
INSERT INTO "Follows" VALUES (11, 56);
INSERT INTO "Follows" VALUES (76, 15);
INSERT INTO "Follows" VALUES (15, 11);
INSERT INTO "Follows" VALUES (45, 99);
INSERT INTO "Follows" VALUES (11, 46);
INSERT INTO "Follows" VALUES (60, 11);
INSERT INTO "Follows" VALUES (9, 82);
INSERT INTO "Follows" VALUES (84, 7);
INSERT INTO "Follows" VALUES (61, 29);
INSERT INTO "Follows" VALUES (99, 74);
INSERT INTO "Follows" VALUES (62, 6);
INSERT INTO "Follows" VALUES (2, 90);
INSERT INTO "Follows" VALUES (74, 16);
INSERT INTO "Follows" VALUES (29, 76);
INSERT INTO "Follows" VALUES (58, 76);
INSERT INTO "Follows" VALUES (69, 10);
INSERT INTO "Follows" VALUES (11, 69);
INSERT INTO "Follows" VALUES (56, 22);
INSERT INTO "Follows" VALUES (57, 2);
INSERT INTO "Follows" VALUES (97, 38);
INSERT INTO "Follows" VALUES (84, 95);
INSERT INTO "Follows" VALUES (48, 57);
INSERT INTO "Follows" VALUES (45, 106);
INSERT INTO "Follows" VALUES (56, 2);
INSERT INTO "Follows" VALUES (70, 2);
INSERT INTO "Follows" VALUES (99, 88);
INSERT INTO "Follows" VALUES (29, 10);
INSERT INTO "Follows" VALUES (79, 11);
INSERT INTO "Follows" VALUES (90, 69);
INSERT INTO "Follows" VALUES (45, 110);
INSERT INTO "Follows" VALUES (39, 15);
INSERT INTO "Follows" VALUES (77, 57);
INSERT INTO "Follows" VALUES (62, 69);
INSERT INTO "Follows" VALUES (11, 91);
INSERT INTO "Follows" VALUES (79, 77);
INSERT INTO "Follows" VALUES (77, 16);
INSERT INTO "Follows" VALUES (8, 104);
INSERT INTO "Follows" VALUES (35, 1);
INSERT INTO "Follows" VALUES (95, 61);
INSERT INTO "Follows" VALUES (104, 45);
INSERT INTO "Follows" VALUES (82, 60);
INSERT INTO "Follows" VALUES (69, 100);
INSERT INTO "Follows" VALUES (80, 29);
INSERT INTO "Follows" VALUES (41, 84);
INSERT INTO "Follows" VALUES (22, 62);
INSERT INTO "Follows" VALUES (34, 103);
INSERT INTO "Follows" VALUES (69, 16);
INSERT INTO "Follows" VALUES (95, 22);
INSERT INTO "Follows" VALUES (22, 6);
INSERT INTO "Follows" VALUES (18, 15);
INSERT INTO "Follows" VALUES (77, 100);
INSERT INTO "Follows" VALUES (10, 16);
INSERT INTO "Follows" VALUES (10, 80);
INSERT INTO "Follows" VALUES (103, 79);
INSERT INTO "Follows" VALUES (46, 76);
INSERT INTO "Follows" VALUES (35, 106);
INSERT INTO "Follows" VALUES (30, 1);
INSERT INTO "Follows" VALUES (107, 30);
INSERT INTO "Follows" VALUES (110, 39);
INSERT INTO "Follows" VALUES (8, 7);
INSERT INTO "Follows" VALUES (15, 22);
INSERT INTO "Follows" VALUES (46, 67);
INSERT INTO "Follows" VALUES (6, 11);
INSERT INTO "Follows" VALUES (79, 95);
INSERT INTO "Follows" VALUES (106, 90);
INSERT INTO "Follows" VALUES (70, 41);
INSERT INTO "Follows" VALUES (79, 100);
INSERT INTO "Follows" VALUES (30, 80);
INSERT INTO "Follows" VALUES (29, 91);
INSERT INTO "Follows" VALUES (70, 76);
INSERT INTO "Follows" VALUES (30, 41);
INSERT INTO "Follows" VALUES (1, 15);
INSERT INTO "Follows" VALUES (38, 80);
INSERT INTO "Follows" VALUES (1, 35);
INSERT INTO "Follows" VALUES (22, 107);
INSERT INTO "Follows" VALUES (72, 97);
INSERT INTO "Follows" VALUES (14, 84);
INSERT INTO "Follows" VALUES (78, 10);
INSERT INTO "Follows" VALUES (60, 88);
INSERT INTO "Follows" VALUES (88, 82);
INSERT INTO "Follows" VALUES (46, 110);
INSERT INTO "Follows" VALUES (98, 56);
INSERT INTO "Follows" VALUES (88, 110);
INSERT INTO "Follows" VALUES (11, 107);
INSERT INTO "Follows" VALUES (95, 10);
INSERT INTO "Follows" VALUES (58, 100);
INSERT INTO "Follows" VALUES (29, 30);
INSERT INTO "Follows" VALUES (99, 58);
INSERT INTO "Follows" VALUES (67, 6);
INSERT INTO "Follows" VALUES (62, 95);
INSERT INTO "Follows" VALUES (2, 41);
INSERT INTO "Follows" VALUES (99, 44);
INSERT INTO "Follows" VALUES (104, 56);
INSERT INTO "Follows" VALUES (74, 61);
INSERT INTO "Follows" VALUES (6, 90);
INSERT INTO "Follows" VALUES (98, 77);
INSERT INTO "Follows" VALUES (68, 35);
INSERT INTO "Follows" VALUES (88, 79);
INSERT INTO "Follows" VALUES (77, 2);
INSERT INTO "Follows" VALUES (72, 2);
INSERT INTO "Follows" VALUES (57, 14);
INSERT INTO "Follows" VALUES (69, 91);
INSERT INTO "Follows" VALUES (103, 60);
INSERT INTO "Follows" VALUES (67, 70);
INSERT INTO "Follows" VALUES (98, 46);
INSERT INTO "Follows" VALUES (7, 14);
INSERT INTO "Follows" VALUES (79, 76);
INSERT INTO "Follows" VALUES (62, 99);
INSERT INTO "Follows" VALUES (91, 78);
INSERT INTO "Follows" VALUES (58, 9);
INSERT INTO "Follows" VALUES (99, 41);
INSERT INTO "Follows" VALUES (35, 61);
INSERT INTO "Follows" VALUES (56, 14);
INSERT INTO "Follows" VALUES (77, 7);
INSERT INTO "Follows" VALUES (106, 48);
INSERT INTO "Follows" VALUES (107, 98);
INSERT INTO "Follows" VALUES (9, 46);
INSERT INTO "Follows" VALUES (8, 58);
INSERT INTO "Follows" VALUES (110, 30);
INSERT INTO "Follows" VALUES (104, 10);
INSERT INTO "Follows" VALUES (39, 104);
INSERT INTO "Follows" VALUES (91, 107);
INSERT INTO "Follows" VALUES (90, 35);
INSERT INTO "Follows" VALUES (14, 60);
INSERT INTO "Follows" VALUES (60, 76);
INSERT INTO "Follows" VALUES (22, 74);
INSERT INTO "Follows" VALUES (84, 79);
INSERT INTO "Follows" VALUES (39, 6);
INSERT INTO "Follows" VALUES (78, 99);
INSERT INTO "Follows" VALUES (16, 22);
INSERT INTO "Follows" VALUES (110, 34);
INSERT INTO "Follows" VALUES (14, 46);
INSERT INTO "Follows" VALUES (6, 18);
INSERT INTO "Follows" VALUES (1, 80);
INSERT INTO "Follows" VALUES (82, 78);
INSERT INTO "Follows" VALUES (84, 68);
INSERT INTO "Follows" VALUES (11, 18);
INSERT INTO "Follows" VALUES (56, 15);
INSERT INTO "Follows" VALUES (61, 62);
INSERT INTO "Follows" VALUES (76, 84);
INSERT INTO "Follows" VALUES (76, 61);
INSERT INTO "Follows" VALUES (34, 84);
INSERT INTO "Follows" VALUES (15, 38);
INSERT INTO "Follows" VALUES (98, 58);
INSERT INTO "Follows" VALUES (11, 100);
INSERT INTO "Follows" VALUES (6, 15);
INSERT INTO "Follows" VALUES (15, 44);
INSERT INTO "Follows" VALUES (100, 57);
INSERT INTO "Follows" VALUES (98, 22);
INSERT INTO "Follows" VALUES (18, 58);
INSERT INTO "Follows" VALUES (107, 68);
INSERT INTO "Follows" VALUES (41, 29);
INSERT INTO "Follows" VALUES (82, 97);
INSERT INTO "Follows" VALUES (57, 48);
INSERT INTO "Follows" VALUES (34, 107);
INSERT INTO "Follows" VALUES (7, 2);
INSERT INTO "Follows" VALUES (88, 70);
INSERT INTO "Follows" VALUES (39, 80);
INSERT INTO "Follows" VALUES (18, 38);
INSERT INTO "Follows" VALUES (78, 104);
INSERT INTO "Follows" VALUES (80, 62);
INSERT INTO "Follows" VALUES (29, 77);
INSERT INTO "Follows" VALUES (61, 11);
INSERT INTO "Follows" VALUES (84, 106);
INSERT INTO "Follows" VALUES (62, 67);
INSERT INTO "Follows" VALUES (97, 78);
INSERT INTO "Follows" VALUES (34, 69);
INSERT INTO "Follows" VALUES (80, 56);
INSERT INTO "Follows" VALUES (46, 84);
INSERT INTO "Follows" VALUES (80, 107);
INSERT INTO "Follows" VALUES (14, 72);
INSERT INTO "Follows" VALUES (84, 103);
INSERT INTO "Follows" VALUES (44, 18);
INSERT INTO "Follows" VALUES (69, 80);
INSERT INTO "Follows" VALUES (95, 107);
INSERT INTO "Follows" VALUES (68, 10);
INSERT INTO "Follows" VALUES (104, 110);
INSERT INTO "Follows" VALUES (100, 90);
INSERT INTO "Follows" VALUES (35, 67);
INSERT INTO "Follows" VALUES (61, 95);
INSERT INTO "Follows" VALUES (70, 78);
INSERT INTO "Follows" VALUES (99, 62);
INSERT INTO "Follows" VALUES (67, 58);
INSERT INTO "Follows" VALUES (88, 34);
INSERT INTO "Follows" VALUES (10, 14);
INSERT INTO "Follows" VALUES (91, 67);
INSERT INTO "Follows" VALUES (44, 1);
INSERT INTO "Follows" VALUES (35, 2);
INSERT INTO "Follows" VALUES (7, 38);
INSERT INTO "Follows" VALUES (10, 45);
INSERT INTO "Follows" VALUES (48, 103);
INSERT INTO "Follows" VALUES (1, 84);
INSERT INTO "Follows" VALUES (76, 6);
INSERT INTO "Follows" VALUES (39, 95);
INSERT INTO "Follows" VALUES (11, 110);
INSERT INTO "Follows" VALUES (44, 16);
INSERT INTO "Follows" VALUES (76, 56);
INSERT INTO "Follows" VALUES (103, 58);
INSERT INTO "Follows" VALUES (7, 98);
INSERT INTO "Follows" VALUES (2, 18);
INSERT INTO "Follows" VALUES (69, 95);
INSERT INTO "Follows" VALUES (78, 15);
INSERT INTO "Follows" VALUES (7, 106);
INSERT INTO "Follows" VALUES (7, 35);
INSERT INTO "Follows" VALUES (39, 79);
INSERT INTO "Follows" VALUES (1, 14);
INSERT INTO "Follows" VALUES (60, 58);
INSERT INTO "Follows" VALUES (74, 34);
INSERT INTO "Follows" VALUES (22, 30);
INSERT INTO "Follows" VALUES (106, 61);
INSERT INTO "Follows" VALUES (82, 2);
INSERT INTO "Follows" VALUES (56, 70);
INSERT INTO "Follows" VALUES (97, 58);
INSERT INTO "Follows" VALUES (9, 8);
INSERT INTO "Follows" VALUES (10, 6);
INSERT INTO "Follows" VALUES (107, 60);
INSERT INTO "Follows" VALUES (69, 9);
INSERT INTO "Follows" VALUES (45, 39);
INSERT INTO "Follows" VALUES (41, 82);
INSERT INTO "Follows" VALUES (88, 78);
INSERT INTO "Follows" VALUES (90, 91);
INSERT INTO "Follows" VALUES (58, 6);
INSERT INTO "Follows" VALUES (41, 69);
INSERT INTO "Follows" VALUES (11, 44);
INSERT INTO "Follows" VALUES (69, 60);
INSERT INTO "Follows" VALUES (67, 80);
INSERT INTO "Follows" VALUES (44, 46);
INSERT INTO "Follows" VALUES (98, 74);
INSERT INTO "Follows" VALUES (35, 16);
INSERT INTO "Follows" VALUES (7, 41);
INSERT INTO "Follows" VALUES (60, 79);
INSERT INTO "Follows" VALUES (68, 78);
INSERT INTO "Follows" VALUES (78, 88);
INSERT INTO "Follows" VALUES (88, 76);
INSERT INTO "Follows" VALUES (69, 6);
INSERT INTO "Follows" VALUES (77, 79);
INSERT INTO "Follows" VALUES (91, 77);
INSERT INTO "Follows" VALUES (46, 79);
INSERT INTO "Follows" VALUES (61, 7);
INSERT INTO "Follows" VALUES (14, 67);
INSERT INTO "Follows" VALUES (70, 107);
INSERT INTO "Follows" VALUES (84, 15);
INSERT INTO "Follows" VALUES (34, 14);
INSERT INTO "Follows" VALUES (45, 14);
INSERT INTO "Follows" VALUES (90, 99);
INSERT INTO "Follows" VALUES (1, 90);
INSERT INTO "Follows" VALUES (100, 29);
INSERT INTO "Follows" VALUES (69, 1);
INSERT INTO "Follows" VALUES (68, 95);
INSERT INTO "Follows" VALUES (80, 57);
INSERT INTO "Follows" VALUES (90, 9);
INSERT INTO "Follows" VALUES (72, 74);
INSERT INTO "Follows" VALUES (39, 76);
INSERT INTO "Follows" VALUES (34, 80);
INSERT INTO "Follows" VALUES (58, 110);
INSERT INTO "Follows" VALUES (48, 78);
INSERT INTO "Follows" VALUES (106, 88);
INSERT INTO "Follows" VALUES (41, 80);
INSERT INTO "Follows" VALUES (68, 103);
INSERT INTO "Follows" VALUES (1, 6);
INSERT INTO "Follows" VALUES (34, 6);
INSERT INTO "Follows" VALUES (74, 104);
INSERT INTO "Follows" VALUES (57, 99);
INSERT INTO "Follows" VALUES (8, 6);
INSERT INTO "Follows" VALUES (39, 82);
INSERT INTO "Follows" VALUES (14, 44);
INSERT INTO "Follows" VALUES (98, 95);
INSERT INTO "Follows" VALUES (67, 88);
INSERT INTO "Follows" VALUES (104, 76);
INSERT INTO "Follows" VALUES (44, 84);
INSERT INTO "Follows" VALUES (88, 91);
INSERT INTO "Follows" VALUES (62, 18);
INSERT INTO "Follows" VALUES (76, 90);
INSERT INTO "Follows" VALUES (2, 67);
INSERT INTO "Follows" VALUES (58, 57);
INSERT INTO "Follows" VALUES (61, 34);
INSERT INTO "Follows" VALUES (110, 44);
INSERT INTO "Follows" VALUES (110, 69);
INSERT INTO "Follows" VALUES (74, 98);
INSERT INTO "Follows" VALUES (69, 2);
INSERT INTO "Follows" VALUES (58, 34);
INSERT INTO "Follows" VALUES (45, 38);
INSERT INTO "Follows" VALUES (2, 106);
INSERT INTO "Follows" VALUES (77, 11);
INSERT INTO "Follows" VALUES (38, 7);
INSERT INTO "Follows" VALUES (58, 107);
INSERT INTO "Follows" VALUES (60, 97);
INSERT INTO "Follows" VALUES (90, 74);
INSERT INTO "Follows" VALUES (10, 39);
INSERT INTO "Follows" VALUES (106, 34);
INSERT INTO "Follows" VALUES (70, 82);
INSERT INTO "Follows" VALUES (48, 56);
INSERT INTO "Follows" VALUES (68, 1);
INSERT INTO "Follows" VALUES (22, 97);
INSERT INTO "Follows" VALUES (106, 8);
INSERT INTO "Follows" VALUES (8, 1);
INSERT INTO "Follows" VALUES (58, 41);
INSERT INTO "Follows" VALUES (56, 88);
INSERT INTO "Follows" VALUES (41, 91);
INSERT INTO "Follows" VALUES (84, 110);
INSERT INTO "Follows" VALUES (1, 44);
INSERT INTO "Follows" VALUES (78, 7);
INSERT INTO "Follows" VALUES (2, 72);
INSERT INTO "Follows" VALUES (6, 57);
INSERT INTO "Follows" VALUES (77, 48);
INSERT INTO "Follows" VALUES (62, 48);
INSERT INTO "Follows" VALUES (44, 107);
INSERT INTO "Follows" VALUES (38, 91);
INSERT INTO "Follows" VALUES (45, 9);
INSERT INTO "Follows" VALUES (82, 46);
INSERT INTO "Follows" VALUES (98, 84);
INSERT INTO "Follows" VALUES (90, 84);
INSERT INTO "Follows" VALUES (35, 44);
INSERT INTO "Follows" VALUES (45, 62);
INSERT INTO "Follows" VALUES (91, 10);
INSERT INTO "Follows" VALUES (103, 56);
INSERT INTO "Follows" VALUES (18, 90);
INSERT INTO "Follows" VALUES (60, 14);
INSERT INTO "Follows" VALUES (76, 41);
INSERT INTO "Follows" VALUES (10, 74);
INSERT INTO "Follows" VALUES (7, 46);
INSERT INTO "Follows" VALUES (103, 29);
INSERT INTO "Follows" VALUES (34, 110);
INSERT INTO "Follows" VALUES (22, 58);
INSERT INTO "Follows" VALUES (79, 99);
INSERT INTO "Follows" VALUES (62, 56);
INSERT INTO "Follows" VALUES (91, 15);
INSERT INTO "Follows" VALUES (60, 46);
INSERT INTO "Follows" VALUES (107, 46);
INSERT INTO "Follows" VALUES (100, 80);
INSERT INTO "Follows" VALUES (110, 16);
INSERT INTO "Follows" VALUES (90, 62);
INSERT INTO "Follows" VALUES (77, 8);
INSERT INTO "Follows" VALUES (80, 100);
INSERT INTO "Follows" VALUES (8, 72);
INSERT INTO "Follows" VALUES (44, 72);
INSERT INTO "Follows" VALUES (30, 110);
INSERT INTO "Follows" VALUES (45, 18);
INSERT INTO "Follows" VALUES (78, 45);
INSERT INTO "Follows" VALUES (78, 103);
INSERT INTO "Follows" VALUES (2, 7);
INSERT INTO "Follows" VALUES (61, 70);
INSERT INTO "Follows" VALUES (30, 61);
INSERT INTO "Follows" VALUES (99, 57);
INSERT INTO "Follows" VALUES (107, 99);
INSERT INTO "Follows" VALUES (70, 99);
INSERT INTO "Follows" VALUES (91, 48);
INSERT INTO "Follows" VALUES (68, 9);
INSERT INTO "Follows" VALUES (34, 48);
INSERT INTO "Follows" VALUES (22, 98);
INSERT INTO "Follows" VALUES (61, 60);
INSERT INTO "Follows" VALUES (98, 41);
INSERT INTO "Follows" VALUES (77, 41);
INSERT INTO "Follows" VALUES (45, 7);
INSERT INTO "Follows" VALUES (56, 34);
INSERT INTO "Follows" VALUES (95, 67);
INSERT INTO "Follows" VALUES (48, 68);
INSERT INTO "Follows" VALUES (78, 6);
INSERT INTO "Follows" VALUES (77, 80);
INSERT INTO "Follows" VALUES (58, 61);
INSERT INTO "Follows" VALUES (48, 107);
INSERT INTO "Follows" VALUES (58, 98);
INSERT INTO "Follows" VALUES (68, 90);
INSERT INTO "Follows" VALUES (38, 68);
INSERT INTO "Follows" VALUES (29, 7);
INSERT INTO "Follows" VALUES (41, 78);
INSERT INTO "Follows" VALUES (29, 11);
INSERT INTO "Follows" VALUES (48, 110);
INSERT INTO "Follows" VALUES (34, 77);
INSERT INTO "Follows" VALUES (74, 39);
INSERT INTO "Follows" VALUES (88, 107);
INSERT INTO "Follows" VALUES (10, 72);
INSERT INTO "Follows" VALUES (39, 9);
INSERT INTO "Follows" VALUES (82, 45);
INSERT INTO "Follows" VALUES (80, 76);
INSERT INTO "Follows" VALUES (10, 95);
INSERT INTO "Follows" VALUES (68, 79);
INSERT INTO "Follows" VALUES (60, 48);
INSERT INTO "Follows" VALUES (74, 78);
INSERT INTO "Follows" VALUES (57, 44);
INSERT INTO "Follows" VALUES (30, 107);
INSERT INTO "Follows" VALUES (44, 45);
INSERT INTO "Follows" VALUES (82, 84);
INSERT INTO "Follows" VALUES (76, 11);
INSERT INTO "Follows" VALUES (91, 1);
INSERT INTO "Follows" VALUES (84, 100);
INSERT INTO "Follows" VALUES (103, 67);
INSERT INTO "Follows" VALUES (61, 48);
INSERT INTO "Follows" VALUES (98, 48);
INSERT INTO "Follows" VALUES (62, 110);
INSERT INTO "Follows" VALUES (14, 62);
INSERT INTO "Follows" VALUES (100, 15);
INSERT INTO "Follows" VALUES (15, 82);
INSERT INTO "Follows" VALUES (6, 76);
INSERT INTO "Follows" VALUES (72, 46);
INSERT INTO "Follows" VALUES (79, 98);
INSERT INTO "Follows" VALUES (34, 72);
INSERT INTO "Follows" VALUES (80, 9);
INSERT INTO "Follows" VALUES (56, 60);
INSERT INTO "Follows" VALUES (79, 44);
INSERT INTO "Follows" VALUES (35, 34);
INSERT INTO "Follows" VALUES (41, 61);
INSERT INTO "Follows" VALUES (9, 22);
INSERT INTO "Follows" VALUES (82, 62);
INSERT INTO "Follows" VALUES (110, 8);
INSERT INTO "Follows" VALUES (35, 57);
INSERT INTO "Follows" VALUES (99, 38);
INSERT INTO "Follows" VALUES (41, 34);
INSERT INTO "Follows" VALUES (38, 84);
INSERT INTO "Follows" VALUES (1, 78);
INSERT INTO "Follows" VALUES (104, 1);
INSERT INTO "Follows" VALUES (79, 29);
INSERT INTO "Follows" VALUES (82, 29);
INSERT INTO "Follows" VALUES (14, 82);
INSERT INTO "Follows" VALUES (67, 72);
INSERT INTO "Follows" VALUES (16, 104);
INSERT INTO "Follows" VALUES (48, 61);
INSERT INTO "Follows" VALUES (8, 103);
INSERT INTO "Follows" VALUES (110, 10);
INSERT INTO "Follows" VALUES (97, 44);
INSERT INTO "Follows" VALUES (110, 58);
INSERT INTO "Follows" VALUES (60, 80);
INSERT INTO "Follows" VALUES (107, 74);
INSERT INTO "Follows" VALUES (84, 82);
INSERT INTO "Follows" VALUES (100, 34);
INSERT INTO "Follows" VALUES (106, 9);
INSERT INTO "Follows" VALUES (2, 56);
INSERT INTO "Follows" VALUES (79, 91);
INSERT INTO "Follows" VALUES (68, 58);
INSERT INTO "Follows" VALUES (79, 16);
INSERT INTO "Follows" VALUES (57, 62);
INSERT INTO "Follows" VALUES (6, 56);
INSERT INTO "Follows" VALUES (69, 48);
INSERT INTO "Follows" VALUES (9, 1);
INSERT INTO "Follows" VALUES (61, 68);
INSERT INTO "Follows" VALUES (46, 77);
INSERT INTO "Follows" VALUES (60, 78);
INSERT INTO "Follows" VALUES (8, 35);
INSERT INTO "Follows" VALUES (82, 69);
INSERT INTO "Follows" VALUES (97, 18);
INSERT INTO "Follows" VALUES (29, 48);
INSERT INTO "Follows" VALUES (91, 39);
INSERT INTO "Follows" VALUES (98, 106);
INSERT INTO "Follows" VALUES (80, 82);
INSERT INTO "Follows" VALUES (104, 46);
INSERT INTO "Follows" VALUES (88, 8);
INSERT INTO "Follows" VALUES (18, 110);
INSERT INTO "Follows" VALUES (15, 68);
INSERT INTO "Follows" VALUES (84, 72);
INSERT INTO "Follows" VALUES (84, 11);
INSERT INTO "Follows" VALUES (106, 6);
INSERT INTO "Follows" VALUES (61, 97);
INSERT INTO "Follows" VALUES (46, 30);
INSERT INTO "Follows" VALUES (16, 76);
INSERT INTO "Follows" VALUES (56, 29);
INSERT INTO "Follows" VALUES (104, 39);
INSERT INTO "Follows" VALUES (29, 62);
INSERT INTO "Follows" VALUES (78, 29);
INSERT INTO "Follows" VALUES (22, 88);
INSERT INTO "Follows" VALUES (35, 56);
INSERT INTO "Follows" VALUES (90, 58);
INSERT INTO "Follows" VALUES (39, 1);
INSERT INTO "Follows" VALUES (41, 68);
INSERT INTO "Follows" VALUES (67, 104);
INSERT INTO "Follows" VALUES (95, 58);
INSERT INTO "Follows" VALUES (39, 7);
INSERT INTO "Follows" VALUES (62, 61);
INSERT INTO "Follows" VALUES (8, 2);
INSERT INTO "Follows" VALUES (18, 34);
INSERT INTO "Follows" VALUES (56, 78);
INSERT INTO "Follows" VALUES (88, 77);
INSERT INTO "Follows" VALUES (97, 6);
INSERT INTO "Follows" VALUES (29, 67);
INSERT INTO "Follows" VALUES (82, 91);
INSERT INTO "Follows" VALUES (62, 97);
INSERT INTO "Follows" VALUES (9, 15);
INSERT INTO "Follows" VALUES (60, 98);
INSERT INTO "Follows" VALUES (39, 69);
INSERT INTO "Follows" VALUES (58, 35);
INSERT INTO "Follows" VALUES (82, 90);
INSERT INTO "Follows" VALUES (70, 30);
INSERT INTO "Follows" VALUES (106, 62);
INSERT INTO "Follows" VALUES (56, 98);
INSERT INTO "Follows" VALUES (77, 91);
INSERT INTO "Follows" VALUES (95, 56);
INSERT INTO "Follows" VALUES (99, 6);
INSERT INTO "Follows" VALUES (39, 110);
INSERT INTO "Follows" VALUES (60, 107);
INSERT INTO "Follows" VALUES (69, 70);
INSERT INTO "Follows" VALUES (1, 110);
INSERT INTO "Follows" VALUES (60, 45);
INSERT INTO "Follows" VALUES (39, 107);
INSERT INTO "Follows" VALUES (110, 38);
INSERT INTO "Follows" VALUES (77, 60);
INSERT INTO "Follows" VALUES (45, 35);
INSERT INTO "Follows" VALUES (29, 60);
INSERT INTO "Follows" VALUES (14, 106);
INSERT INTO "Follows" VALUES (88, 22);
INSERT INTO "Follows" VALUES (62, 106);
INSERT INTO "Follows" VALUES (103, 14);
INSERT INTO "Follows" VALUES (106, 95);
INSERT INTO "Follows" VALUES (88, 10);
INSERT INTO "Follows" VALUES (91, 41);
INSERT INTO "Follows" VALUES (29, 44);
INSERT INTO "Follows" VALUES (58, 29);
INSERT INTO "Follows" VALUES (70, 7);
INSERT INTO "Follows" VALUES (14, 45);
INSERT INTO "Follows" VALUES (76, 106);
INSERT INTO "Follows" VALUES (80, 106);
INSERT INTO "Follows" VALUES (69, 56);
INSERT INTO "Follows" VALUES (90, 11);
INSERT INTO "Follows" VALUES (72, 45);
INSERT INTO "Follows" VALUES (68, 45);
INSERT INTO "Follows" VALUES (74, 56);
INSERT INTO "Follows" VALUES (1, 76);
INSERT INTO "Follows" VALUES (41, 97);
INSERT INTO "Follows" VALUES (16, 18);
INSERT INTO "Follows" VALUES (56, 80);
INSERT INTO "Follows" VALUES (41, 10);
INSERT INTO "Follows" VALUES (16, 15);
INSERT INTO "Follows" VALUES (22, 29);
INSERT INTO "Follows" VALUES (76, 8);
INSERT INTO "Follows" VALUES (104, 7);
INSERT INTO "Follows" VALUES (103, 88);
INSERT INTO "Follows" VALUES (10, 68);
INSERT INTO "Follows" VALUES (76, 16);
INSERT INTO "Follows" VALUES (82, 56);
INSERT INTO "Follows" VALUES (60, 84);
INSERT INTO "Follows" VALUES (7, 107);
INSERT INTO "Follows" VALUES (91, 30);
INSERT INTO "Follows" VALUES (14, 10);
INSERT INTO "Follows" VALUES (76, 48);
INSERT INTO "Follows" VALUES (9, 34);
INSERT INTO "Follows" VALUES (110, 104);
INSERT INTO "Follows" VALUES (10, 9);
INSERT INTO "Follows" VALUES (10, 104);
INSERT INTO "Follows" VALUES (107, 34);
INSERT INTO "Follows" VALUES (38, 34);
INSERT INTO "Follows" VALUES (74, 107);
INSERT INTO "Follows" VALUES (34, 62);
INSERT INTO "Follows" VALUES (2, 79);
INSERT INTO "Follows" VALUES (69, 77);
INSERT INTO "Follows" VALUES (61, 15);
INSERT INTO "Follows" VALUES (80, 60);
INSERT INTO "Follows" VALUES (30, 16);
INSERT INTO "Follows" VALUES (79, 58);
INSERT INTO "Follows" VALUES (18, 56);
INSERT INTO "Follows" VALUES (110, 18);
INSERT INTO "Follows" VALUES (29, 18);
INSERT INTO "Follows" VALUES (35, 79);
INSERT INTO "Follows" VALUES (10, 58);
INSERT INTO "Follows" VALUES (97, 107);
INSERT INTO "Follows" VALUES (107, 48);
INSERT INTO "Follows" VALUES (56, 68);
INSERT INTO "Follows" VALUES (44, 99);
INSERT INTO "Follows" VALUES (100, 9);
INSERT INTO "Follows" VALUES (11, 84);
INSERT INTO "Follows" VALUES (6, 106);
INSERT INTO "Follows" VALUES (7, 62);
INSERT INTO "Follows" VALUES (15, 61);
INSERT INTO "Follows" VALUES (104, 58);
INSERT INTO "Follows" VALUES (45, 2);
INSERT INTO "Follows" VALUES (48, 98);
INSERT INTO "Follows" VALUES (15, 45);
INSERT INTO "Follows" VALUES (82, 18);
INSERT INTO "Follows" VALUES (100, 88);
INSERT INTO "Follows" VALUES (46, 45);
INSERT INTO "Follows" VALUES (103, 99);
INSERT INTO "Follows" VALUES (100, 56);
INSERT INTO "Follows" VALUES (34, 58);
INSERT INTO "Follows" VALUES (84, 104);
INSERT INTO "Follows" VALUES (79, 62);
INSERT INTO "Follows" VALUES (84, 39);
INSERT INTO "Follows" VALUES (57, 107);
INSERT INTO "Follows" VALUES (88, 38);
INSERT INTO "Follows" VALUES (77, 45);
INSERT INTO "Follows" VALUES (99, 107);
INSERT INTO "Follows" VALUES (11, 16);
INSERT INTO "Follows" VALUES (56, 77);
INSERT INTO "Follows" VALUES (100, 76);
INSERT INTO "Follows" VALUES (90, 29);
INSERT INTO "Follows" VALUES (30, 38);
INSERT INTO "Follows" VALUES (18, 16);
INSERT INTO "Follows" VALUES (110, 97);
INSERT INTO "Follows" VALUES (16, 57);
INSERT INTO "Follows" VALUES (34, 2);
INSERT INTO "Follows" VALUES (72, 61);
INSERT INTO "Follows" VALUES (2, 84);
INSERT INTO "Follows" VALUES (38, 61);
INSERT INTO "Follows" VALUES (16, 9);
INSERT INTO "Follows" VALUES (18, 11);
INSERT INTO "Follows" VALUES (107, 72);
INSERT INTO "Follows" VALUES (38, 99);
INSERT INTO "Follows" VALUES (77, 70);
INSERT INTO "Follows" VALUES (44, 22);
INSERT INTO "Follows" VALUES (74, 110);
INSERT INTO "Follows" VALUES (57, 11);
INSERT INTO "Follows" VALUES (14, 107);
INSERT INTO "Follows" VALUES (78, 62);
INSERT INTO "Follows" VALUES (99, 104);
INSERT INTO "Follows" VALUES (100, 38);
INSERT INTO "Follows" VALUES (44, 48);
INSERT INTO "Follows" VALUES (72, 56);
INSERT INTO "Follows" VALUES (72, 84);
INSERT INTO "Follows" VALUES (39, 84);
INSERT INTO "Follows" VALUES (8, 22);
INSERT INTO "Follows" VALUES (34, 88);
INSERT INTO "Follows" VALUES (99, 22);
INSERT INTO "Follows" VALUES (14, 90);
INSERT INTO "Follows" VALUES (48, 29);
INSERT INTO "Follows" VALUES (41, 60);
INSERT INTO "Follows" VALUES (107, 39);
INSERT INTO "Follows" VALUES (76, 97);
INSERT INTO "Follows" VALUES (104, 8);
INSERT INTO "Follows" VALUES (7, 88);
INSERT INTO "Follows" VALUES (16, 61);
INSERT INTO "Follows" VALUES (8, 77);
INSERT INTO "Follows" VALUES (99, 70);
INSERT INTO "Follows" VALUES (44, 11);
INSERT INTO "Follows" VALUES (35, 41);
INSERT INTO "Follows" VALUES (46, 98);
INSERT INTO "Follows" VALUES (2, 103);
INSERT INTO "Follows" VALUES (11, 58);
INSERT INTO "Follows" VALUES (8, 34);
INSERT INTO "Follows" VALUES (62, 41);
INSERT INTO "Follows" VALUES (104, 38);
INSERT INTO "Follows" VALUES (74, 10);
INSERT INTO "Follows" VALUES (104, 70);
INSERT INTO "Follows" VALUES (34, 16);
INSERT INTO "Follows" VALUES (106, 39);
INSERT INTO "Follows" VALUES (11, 35);
INSERT INTO "Follows" VALUES (11, 79);
INSERT INTO "Follows" VALUES (60, 39);
INSERT INTO "Follows" VALUES (110, 95);
INSERT INTO "Follows" VALUES (100, 6);
INSERT INTO "Follows" VALUES (30, 99);
INSERT INTO "Follows" VALUES (80, 39);
INSERT INTO "Follows" VALUES (90, 7);
INSERT INTO "Follows" VALUES (78, 61);
INSERT INTO "Follows" VALUES (100, 97);
INSERT INTO "Follows" VALUES (82, 68);
INSERT INTO "Follows" VALUES (61, 38);
INSERT INTO "Follows" VALUES (78, 97);
INSERT INTO "Follows" VALUES (74, 45);
INSERT INTO "Follows" VALUES (7, 100);
INSERT INTO "Follows" VALUES (56, 6);
INSERT INTO "Follows" VALUES (22, 76);
INSERT INTO "Follows" VALUES (48, 91);
INSERT INTO "Follows" VALUES (10, 60);
INSERT INTO "Follows" VALUES (38, 56);
INSERT INTO "Follows" VALUES (80, 1);
INSERT INTO "Follows" VALUES (18, 35);
INSERT INTO "Follows" VALUES (95, 70);
INSERT INTO "Follows" VALUES (44, 35);
INSERT INTO "Follows" VALUES (14, 70);
INSERT INTO "Follows" VALUES (41, 11);
INSERT INTO "Follows" VALUES (56, 100);
INSERT INTO "Follows" VALUES (16, 34);
INSERT INTO "Follows" VALUES (68, 99);
INSERT INTO "Follows" VALUES (56, 16);
INSERT INTO "Follows" VALUES (82, 57);
INSERT INTO "Follows" VALUES (44, 97);
INSERT INTO "Follows" VALUES (22, 10);
INSERT INTO "Follows" VALUES (9, 79);
INSERT INTO "Follows" VALUES (22, 46);
INSERT INTO "Follows" VALUES (8, 45);
INSERT INTO "Follows" VALUES (56, 82);
INSERT INTO "Follows" VALUES (95, 79);
INSERT INTO "Follows" VALUES (44, 70);
INSERT INTO "Follows" VALUES (16, 82);
INSERT INTO "Follows" VALUES (67, 82);
INSERT INTO "Follows" VALUES (95, 72);
INSERT INTO "Follows" VALUES (10, 70);
INSERT INTO "Follows" VALUES (76, 79);
INSERT INTO "Follows" VALUES (41, 98);
INSERT INTO "Follows" VALUES (38, 57);
INSERT INTO "Follows" VALUES (60, 95);
INSERT INTO "Follows" VALUES (41, 77);
INSERT INTO "Follows" VALUES (58, 90);
INSERT INTO "Follows" VALUES (62, 78);
INSERT INTO "Follows" VALUES (30, 56);
INSERT INTO "Follows" VALUES (44, 62);
INSERT INTO "Follows" VALUES (110, 68);
INSERT INTO "Follows" VALUES (16, 29);
INSERT INTO "Follows" VALUES (45, 10);
INSERT INTO "Follows" VALUES (30, 9);
INSERT INTO "Follows" VALUES (80, 97);
INSERT INTO "Follows" VALUES (74, 1);
INSERT INTO "Follows" VALUES (38, 22);
INSERT INTO "Follows" VALUES (110, 80);
INSERT INTO "Follows" VALUES (104, 106);
INSERT INTO "Follows" VALUES (38, 8);
INSERT INTO "Follows" VALUES (79, 1);
INSERT INTO "Follows" VALUES (10, 91);
INSERT INTO "Follows" VALUES (22, 84);
INSERT INTO "Follows" VALUES (82, 74);
INSERT INTO "Follows" VALUES (15, 72);
INSERT INTO "Follows" VALUES (76, 2);
INSERT INTO "Follows" VALUES (68, 34);
INSERT INTO "Follows" VALUES (34, 39);
INSERT INTO "Follows" VALUES (10, 2);
INSERT INTO "Follows" VALUES (7, 9);
INSERT INTO "Follows" VALUES (48, 8);
INSERT INTO "Follows" VALUES (58, 56);
INSERT INTO "Follows" VALUES (100, 44);
INSERT INTO "Follows" VALUES (98, 103);
INSERT INTO "Follows" VALUES (45, 46);
INSERT INTO "Follows" VALUES (60, 44);
INSERT INTO "Follows" VALUES (95, 48);
INSERT INTO "Follows" VALUES (41, 6);
INSERT INTO "Follows" VALUES (84, 76);
INSERT INTO "Follows" VALUES (2, 6);
INSERT INTO "Follows" VALUES (100, 103);
INSERT INTO "Follows" VALUES (106, 10);
INSERT INTO "Follows" VALUES (41, 9);
INSERT INTO "Follows" VALUES (77, 104);
INSERT INTO "Follows" VALUES (22, 106);
INSERT INTO "Follows" VALUES (56, 44);
INSERT INTO "Follows" VALUES (46, 104);
INSERT INTO "Follows" VALUES (70, 14);
INSERT INTO "Follows" VALUES (78, 84);
INSERT INTO "Follows" VALUES (67, 9);
INSERT INTO "Follows" VALUES (74, 60);
INSERT INTO "Follows" VALUES (61, 99);
INSERT INTO "Follows" VALUES (1, 39);
INSERT INTO "Follows" VALUES (61, 14);
INSERT INTO "Follows" VALUES (70, 97);
INSERT INTO "Follows" VALUES (30, 6);
INSERT INTO "Follows" VALUES (46, 39);
INSERT INTO "Follows" VALUES (69, 72);
INSERT INTO "Follows" VALUES (18, 14);
INSERT INTO "Follows" VALUES (68, 80);
INSERT INTO "Follows" VALUES (30, 29);
INSERT INTO "Follows" VALUES (22, 41);
INSERT INTO "Follows" VALUES (16, 70);
INSERT INTO "Follows" VALUES (46, 69);
INSERT INTO "Follows" VALUES (91, 79);
INSERT INTO "Follows" VALUES (30, 57);
INSERT INTO "Follows" VALUES (45, 107);
INSERT INTO "Follows" VALUES (78, 91);
INSERT INTO "Follows" VALUES (2, 76);
INSERT INTO "Follows" VALUES (76, 10);
INSERT INTO "Follows" VALUES (1, 79);
INSERT INTO "Follows" VALUES (76, 107);
INSERT INTO "Follows" VALUES (30, 18);
INSERT INTO "Follows" VALUES (76, 62);
INSERT INTO "Follows" VALUES (15, 62);
INSERT INTO "Follows" VALUES (57, 77);
INSERT INTO "Follows" VALUES (60, 72);
INSERT INTO "Follows" VALUES (18, 74);
INSERT INTO "Follows" VALUES (106, 57);
INSERT INTO "Follows" VALUES (7, 57);
INSERT INTO "Follows" VALUES (44, 34);
INSERT INTO "Follows" VALUES (18, 67);
INSERT INTO "Follows" VALUES (46, 15);
INSERT INTO "Follows" VALUES (2, 98);
INSERT INTO "Follows" VALUES (44, 30);
INSERT INTO "Follows" VALUES (61, 76);
INSERT INTO "Follows" VALUES (16, 106);
INSERT INTO "Follows" VALUES (68, 7);
INSERT INTO "Follows" VALUES (106, 91);
INSERT INTO "Follows" VALUES (106, 70);
INSERT INTO "Follows" VALUES (79, 88);
INSERT INTO "Follows" VALUES (2, 91);
INSERT INTO "Follows" VALUES (22, 99);
INSERT INTO "Follows" VALUES (62, 15);
INSERT INTO "Follows" VALUES (82, 100);
INSERT INTO "Follows" VALUES (79, 84);
INSERT INTO "Follows" VALUES (16, 30);
INSERT INTO "Follows" VALUES (103, 8);
INSERT INTO "Follows" VALUES (98, 57);
INSERT INTO "Follows" VALUES (30, 68);
INSERT INTO "Follows" VALUES (99, 67);
INSERT INTO "Follows" VALUES (38, 103);
INSERT INTO "Follows" VALUES (80, 68);
INSERT INTO "Follows" VALUES (79, 67);
INSERT INTO "Follows" VALUES (30, 90);
INSERT INTO "Follows" VALUES (69, 106);
INSERT INTO "Follows" VALUES (41, 72);
INSERT INTO "Follows" VALUES (15, 30);
INSERT INTO "Follows" VALUES (7, 80);
INSERT INTO "Follows" VALUES (58, 22);
INSERT INTO "Follows" VALUES (67, 74);
INSERT INTO "Follows" VALUES (91, 2);
INSERT INTO "Follows" VALUES (70, 10);
INSERT INTO "Follows" VALUES (91, 46);
INSERT INTO "Follows" VALUES (44, 106);
INSERT INTO "Follows" VALUES (8, 80);
INSERT INTO "Follows" VALUES (14, 80);
INSERT INTO "Follows" VALUES (97, 80);
INSERT INTO "Follows" VALUES (14, 30);
INSERT INTO "Follows" VALUES (30, 44);
INSERT INTO "Follows" VALUES (69, 68);
INSERT INTO "Follows" VALUES (78, 48);
INSERT INTO "Follows" VALUES (41, 110);
INSERT INTO "Follows" VALUES (18, 45);
INSERT INTO "Follows" VALUES (70, 100);
INSERT INTO "Follows" VALUES (100, 82);
INSERT INTO "Follows" VALUES (16, 79);
INSERT INTO "Follows" VALUES (74, 14);
INSERT INTO "Follows" VALUES (97, 29);
INSERT INTO "Follows" VALUES (72, 80);
INSERT INTO "Follows" VALUES (78, 16);
INSERT INTO "Follows" VALUES (45, 57);
INSERT INTO "Follows" VALUES (82, 9);
INSERT INTO "Follows" VALUES (15, 34);
INSERT INTO "Follows" VALUES (68, 22);
INSERT INTO "Follows" VALUES (78, 41);
INSERT INTO "Follows" VALUES (104, 69);
INSERT INTO "Follows" VALUES (110, 7);
INSERT INTO "Follows" VALUES (61, 80);
INSERT INTO "Follows" VALUES (106, 38);
INSERT INTO "Follows" VALUES (79, 14);
INSERT INTO "Follows" VALUES (62, 68);
INSERT INTO "Follows" VALUES (77, 15);
INSERT INTO "Follows" VALUES (97, 8);
INSERT INTO "Follows" VALUES (107, 103);
INSERT INTO "Follows" VALUES (1, 107);
INSERT INTO "Follows" VALUES (62, 80);
INSERT INTO "Follows" VALUES (62, 84);
INSERT INTO "Follows" VALUES (29, 98);
INSERT INTO "Follows" VALUES (99, 79);
INSERT INTO "Follows" VALUES (29, 57);
INSERT INTO "Follows" VALUES (97, 39);
INSERT INTO "Follows" VALUES (58, 67);
INSERT INTO "Follows" VALUES (16, 110);
INSERT INTO "Follows" VALUES (2, 99);
INSERT INTO "Follows" VALUES (1, 91);
INSERT INTO "Follows" VALUES (58, 91);
INSERT INTO "Follows" VALUES (99, 29);
INSERT INTO "Follows" VALUES (34, 38);
INSERT INTO "Follows" VALUES (90, 80);
INSERT INTO "Follows" VALUES (1, 9);
INSERT INTO "Follows" VALUES (22, 100);
INSERT INTO "Follows" VALUES (60, 7);
INSERT INTO "Follows" VALUES (2, 44);
INSERT INTO "Follows" VALUES (95, 57);
INSERT INTO "Follows" VALUES (58, 48);
INSERT INTO "Follows" VALUES (46, 99);
INSERT INTO "Follows" VALUES (95, 30);
INSERT INTO "Follows" VALUES (8, 56);
INSERT INTO "Follows" VALUES (38, 41);
INSERT INTO "Follows" VALUES (90, 6);
INSERT INTO "Follows" VALUES (69, 99);
INSERT INTO "Follows" VALUES (88, 72);
INSERT INTO "Follows" VALUES (84, 44);
INSERT INTO "Follows" VALUES (35, 22);
INSERT INTO "Follows" VALUES (34, 76);
INSERT INTO "Follows" VALUES (56, 97);
INSERT INTO "Follows" VALUES (34, 57);
INSERT INTO "Follows" VALUES (79, 61);
INSERT INTO "Follows" VALUES (22, 15);
INSERT INTO "Follows" VALUES (60, 56);
INSERT INTO "Follows" VALUES (57, 67);
INSERT INTO "Follows" VALUES (95, 7);
INSERT INTO "Follows" VALUES (79, 39);


--
-- Name: Follows_FollowedCustomerUserID_seq; Type: SEQUENCE SET; Schema: public; Owner: postgres
--

SELECT pg_catalog.setval('"Follows_FollowedCustomerUserID_seq"', 1, false);


--
-- Name: Follows_FollowerCustomerUserID_seq; Type: SEQUENCE SET; Schema: public; Owner: postgres
--

SELECT pg_catalog.setval('"Follows_FollowerCustomerUserID_seq"', 1, false);


--
-- Data for Name: Location; Type: TABLE DATA; Schema: public; Owner: postgres
--

INSERT INTO "Location" VALUES (0, 'Ahmedabad', 'Gujarat');
INSERT INTO "Location" VALUES (1, 'Agra', 'Uttar Pradesh');
INSERT INTO "Location" VALUES (2, 'Aurangabad', 'Maharashtra');
INSERT INTO "Location" VALUES (3, 'Allahabad', 'Uttar Pradesh');
INSERT INTO "Location" VALUES (4, 'Amritsar', 'Punjab');
INSERT INTO "Location" VALUES (5, 'Aligarh', 'Uttar Pradesh');
INSERT INTO "Location" VALUES (6, 'Arwal', 'Bihar');
INSERT INTO "Location" VALUES (7, 'Amravati', 'Maharashtra');
INSERT INTO "Location" VALUES (8, 'Asansol', 'West Bengal');
INSERT INTO "Location" VALUES (9, 'Ajmer', 'Rajasthan');
INSERT INTO "Location" VALUES (10, 'Akola', 'Maharashtra');
INSERT INTO "Location" VALUES (11, 'Ahmednagar', 'Maharashtra');
INSERT INTO "Location" VALUES (12, 'Alappuzha', 'Kerala');
INSERT INTO "Location" VALUES (13, 'Adoni', 'Andhra Pradesh');
INSERT INTO "Location" VALUES (14, 'Anantapur', 'Andhra Pradesh');
INSERT INTO "Location" VALUES (15, 'Aizawl', 'Mizoram');
INSERT INTO "Location" VALUES (16, 'Anand', 'Gujarat');
INSERT INTO "Location" VALUES (17, 'Arrah', 'Bihar');
INSERT INTO "Location" VALUES (18, 'Agartala', 'Tripura');
INSERT INTO "Location" VALUES (19, 'Amroha', 'Uttar Pradesh');
INSERT INTO "Location" VALUES (20, 'Alwar', 'Rajasthan');
INSERT INTO "Location" VALUES (21, 'Adilabad', 'Andhra Pradesh');
INSERT INTO "Location" VALUES (22, 'Achalpur', 'Maharashtra');
INSERT INTO "Location" VALUES (23, 'Anantnag', 'Jammu and Kashmir');
INSERT INTO "Location" VALUES (24, 'Amreli', 'Gujarat');
INSERT INTO "Location" VALUES (25, 'Azamgarh', 'Uttar Pradesh');
INSERT INTO "Location" VALUES (26, 'Amalner', 'Maharashtra');
INSERT INTO "Location" VALUES (27, 'Ambikapur', 'Chhattisgarh');
INSERT INTO "Location" VALUES (28, 'Anakapalle', 'Andhra Pradesh');
INSERT INTO "Location" VALUES (29, 'Aruppukkottai', 'Tamil Nadu');
INSERT INTO "Location" VALUES (30, 'Arakkonam', 'Tamil Nadu');
INSERT INTO "Location" VALUES (31, 'Akot', 'Maharashtra');
INSERT INTO "Location" VALUES (32, 'Aurangabad', 'Bihar');
INSERT INTO "Location" VALUES (33, 'Alipurduar', 'West Bengal');
INSERT INTO "Location" VALUES (34, 'Ambejogai', 'Maharashtra');
INSERT INTO "Location" VALUES (35, 'Anjar', 'Gujarat');
INSERT INTO "Location" VALUES (36, 'Ankleshwar', 'Gujarat');
INSERT INTO "Location" VALUES (37, 'Ashok Nagar', 'Madhya Pradesh');
INSERT INTO "Location" VALUES (38, 'Araria', 'Bihar');
INSERT INTO "Location" VALUES (39, 'Arambagh', 'West Bengal');
INSERT INTO "Location" VALUES (40, 'Amalapuram', 'Andhra Pradesh');
INSERT INTO "Location" VALUES (41, 'Anjangaon', 'Maharashtra');
INSERT INTO "Location" VALUES (42, 'Arsikere', 'Karnataka');
INSERT INTO "Location" VALUES (43, 'Athni', 'Karnataka');
INSERT INTO "Location" VALUES (44, 'Arvi', 'Maharashtra');
INSERT INTO "Location" VALUES (45, 'Akkalkot', 'Maharashtra');
INSERT INTO "Location" VALUES (46, 'Anugul', 'Odisha');
INSERT INTO "Location" VALUES (47, 'Amadalavalasa', 'Andhra Pradesh');
INSERT INTO "Location" VALUES (48, 'Ahmedpur', 'Maharashtra');
INSERT INTO "Location" VALUES (49, 'Attingal', 'Kerala');
INSERT INTO "Location" VALUES (50, 'Aroor', 'Kerala');
INSERT INTO "Location" VALUES (51, 'Ariyalur', 'TamilNadu');
INSERT INTO "Location" VALUES (52, 'Alandha', 'Karnataka');
INSERT INTO "Location" VALUES (53, 'Anandapur', 'Odisha');
INSERT INTO "Location" VALUES (54, 'Ashta', 'Maharashtra');
INSERT INTO "Location" VALUES (55, 'Anekal', 'Karnataka');
INSERT INTO "Location" VALUES (56, 'Almora', 'Uttarakhand');
INSERT INTO "Location" VALUES (57, 'Ausa', 'Maharashtra');
INSERT INTO "Location" VALUES (58, 'Adoor', 'Kerala');
INSERT INTO "Location" VALUES (59, 'Amli', 'Dadra and Nagar Haveli');
INSERT INTO "Location" VALUES (60, 'Ahmedgarh', 'Punjab');
INSERT INTO "Location" VALUES (61, 'Ankola', 'Karnataka');
INSERT INTO "Location" VALUES (62, 'Ambad', 'Maharashtra');
INSERT INTO "Location" VALUES (63, 'Annigeri', 'Karnataka');
INSERT INTO "Location" VALUES (64, 'Assandh', 'Haryana');
INSERT INTO "Location" VALUES (65, 'Adra', 'West Bengal');
INSERT INTO "Location" VALUES (66, 'Ancharakandy', 'Kerala');
INSERT INTO "Location" VALUES (67, 'Amarpur', 'Bihar');
INSERT INTO "Location" VALUES (68, 'Asika', 'Odisha');
INSERT INTO "Location" VALUES (69, 'Akaltara', 'Chhattisgarh');
INSERT INTO "Location" VALUES (70, 'Areraj', 'Bihar');
INSERT INTO "Location" VALUES (71, 'Achhnera', 'Uttar Pradesh');
INSERT INTO "Location" VALUES (72, 'Bhopal', 'Madhya Pradesh');
INSERT INTO "Location" VALUES (73, 'Belgaum', 'Karnataka');
INSERT INTO "Location" VALUES (74, 'Bhubaneswar*', 'Odisha');
INSERT INTO "Location" VALUES (75, 'Bhavnagar', 'Gujarat');
INSERT INTO "Location" VALUES (76, 'Bokaro Steel City', 'Jharkhand');
INSERT INTO "Location" VALUES (77, 'Bhagalpur', 'Bihar');
INSERT INTO "Location" VALUES (78, 'Bilaspur', 'Chhattisgarh');
INSERT INTO "Location" VALUES (79, 'Bihar Sharif', 'Bihar');
INSERT INTO "Location" VALUES (80, 'Bankura', 'West Bengal');
INSERT INTO "Location" VALUES (81, 'Bathinda', 'Punjab');
INSERT INTO "Location" VALUES (82, 'Bhiwani', 'Haryana');
INSERT INTO "Location" VALUES (83, 'Bahraich', 'Uttar Pradesh');
INSERT INTO "Location" VALUES (84, 'Baharampur', 'West Bengal');
INSERT INTO "Location" VALUES (85, 'Baleshwar', 'Odisha');
INSERT INTO "Location" VALUES (86, 'Batala', 'Punjab');
INSERT INTO "Location" VALUES (87, 'Bhimavaram', 'Andhra Pradesh');
INSERT INTO "Location" VALUES (88, 'Bahadurgarh', 'Haryana');
INSERT INTO "Location" VALUES (89, 'Bettiah', 'Bihar');
INSERT INTO "Location" VALUES (90, 'Bongaigaon', 'Assam');
INSERT INTO "Location" VALUES (91, 'Begusarai', 'Bihar');
INSERT INTO "Location" VALUES (92, 'Baripada', 'Odisha');
INSERT INTO "Location" VALUES (93, 'Barnala', 'Punjab');
INSERT INTO "Location" VALUES (94, 'Bangalore', 'Karnataka');
INSERT INTO "Location" VALUES (95, 'Bhadrak', 'Odisha');
INSERT INTO "Location" VALUES (96, 'Bagaha', 'Bihar');
INSERT INTO "Location" VALUES (97, 'Bageshwar', 'Uttarakhand');
INSERT INTO "Location" VALUES (98, 'Balangir', 'Odisha');
INSERT INTO "Location" VALUES (99, 'Buxar', 'Bihar');
INSERT INTO "Location" VALUES (100, 'Baramula', 'Jammu and Kashmir');
INSERT INTO "Location" VALUES (101, 'Brajrajnagar', 'Odisha');
INSERT INTO "Location" VALUES (102, 'Balaghat', 'Madhya Pradesh');
INSERT INTO "Location" VALUES (103, 'Bodhan', 'Andhra Pradesh');
INSERT INTO "Location" VALUES (104, 'Bapatla', 'Andhra Pradesh');
INSERT INTO "Location" VALUES (105, 'Bellampalle', 'Andhra Pradesh');
INSERT INTO "Location" VALUES (106, 'Bargarh', 'Odisha');
INSERT INTO "Location" VALUES (107, 'Bhawanipatna', 'Odisha');
INSERT INTO "Location" VALUES (108, 'Barbil', 'Odisha');
INSERT INTO "Location" VALUES (109, 'Bhongir', 'Andhra Pradesh');
INSERT INTO "Location" VALUES (110, 'Bhatapara', 'Chhattisgarh');
INSERT INTO "Location" VALUES (111, 'Bobbili', 'Andhra Pradesh');
INSERT INTO "Location" VALUES (112, 'Coimbatore', 'Tamil Nadu');
INSERT INTO "Location" VALUES (113, 'Chandigarh*', 'Chandigarh');
INSERT INTO "Location" VALUES (114, 'Cuttack', 'Odisha');
INSERT INTO "Location" VALUES (115, 'Cuddapah', 'Andhra Pradesh');
INSERT INTO "Location" VALUES (116, 'Chhapra', 'Bihar');
INSERT INTO "Location" VALUES (117, 'Chirala', 'Andhra Pradesh');
INSERT INTO "Location" VALUES (118, 'Chittoor', 'Andhra Pradesh');
INSERT INTO "Location" VALUES (119, 'Cherthala', 'Kerala');
INSERT INTO "Location" VALUES (120, 'Chirkunda', 'Jharkhand');
INSERT INTO "Location" VALUES (121, 'Chinsura', 'West Bengal');
INSERT INTO "Location" VALUES (122, 'Chirmiri', 'Chhattisgarh');
INSERT INTO "Location" VALUES (123, 'Chilakaluripet', 'Andhra Pradesh');
INSERT INTO "Location" VALUES (124, 'Chittur-Thathamangalam', 'Kerala');
INSERT INTO "Location" VALUES (125, 'Chaibasa', 'Jharkhand');
INSERT INTO "Location" VALUES (126, 'Chakradharpur', 'Jharkhand');
INSERT INTO "Location" VALUES (127, 'Changanassery', 'Kerala');
INSERT INTO "Location" VALUES (128, 'Chalakudy', 'Kerala');
INSERT INTO "Location" VALUES (129, 'Charkhi Dadri', 'Haryana');
INSERT INTO "Location" VALUES (130, 'Chatra', 'Jharkhand');
INSERT INTO "Location" VALUES (131, 'Champa', 'Chhattisgarh');
INSERT INTO "Location" VALUES (132, 'Chinna salem', 'Tamil nadu');
INSERT INTO "Location" VALUES (133, 'Chikkodi', 'Karnataka');
INSERT INTO "Location" VALUES (134, 'Delhi', 'Delhi');
INSERT INTO "Location" VALUES (135, 'Dombivli', 'Maharashtra');
INSERT INTO "Location" VALUES (136, 'Dhanbad', 'Jharkhand');
INSERT INTO "Location" VALUES (137, 'Durg-Bhilai Nagar', 'Chhattisgarh');
INSERT INTO "Location" VALUES (138, 'Dehradun', 'Uttarakhand');
INSERT INTO "Location" VALUES (139, 'Davanagere', 'Karnataka');
INSERT INTO "Location" VALUES (140, 'Dimapur', 'Nagaland');
INSERT INTO "Location" VALUES (141, 'Dhule', 'Maharashtra');
INSERT INTO "Location" VALUES (142, 'Darbhanga', 'Bihar');
INSERT INTO "Location" VALUES (143, 'Dibrugarh', 'Assam');
INSERT INTO "Location" VALUES (144, 'Dhuri', 'Punjab');
INSERT INTO "Location" VALUES (145, 'Dehri-on-Sone', 'Bihar');
INSERT INTO "Location" VALUES (146, 'Deoghar', 'Jharkhand');
INSERT INTO "Location" VALUES (147, 'Dharmavaram', 'Andhra Pradesh');
INSERT INTO "Location" VALUES (148, 'Deesa', 'Gujarat');
INSERT INTO "Location" VALUES (149, 'Dhamtari', 'Chhattisgarh');
INSERT INTO "Location" VALUES (150, 'Dahod', 'Gujarat');
INSERT INTO "Location" VALUES (151, 'Dhampur', 'Uttar Pradesh');
INSERT INTO "Location" VALUES (152, 'Daltonganj', 'Jharkhand');
INSERT INTO "Location" VALUES (153, 'Dhubri', 'Assam');
INSERT INTO "Location" VALUES (154, 'Dhenkanal', 'Orissa');
INSERT INTO "Location" VALUES (155, 'Erode', 'Tamil Nadu');
INSERT INTO "Location" VALUES (156, 'Eluru', 'Andhra Pradesh');
INSERT INTO "Location" VALUES (157, '', '');
INSERT INTO "Location" VALUES (158, 'Faridabad', 'Haryana');
INSERT INTO "Location" VALUES (159, 'Firozpur', 'Punjab');
INSERT INTO "Location" VALUES (160, 'Faridkot', 'Punjab');
INSERT INTO "Location" VALUES (161, 'Fazilka', 'Punjab');
INSERT INTO "Location" VALUES (162, 'Fatehabad', 'Haryana');
INSERT INTO "Location" VALUES (163, 'Firozpur Cantt.', 'Punjab');
INSERT INTO "Location" VALUES (164, 'Guwahati', 'Assam');
INSERT INTO "Location" VALUES (165, 'Gulbarga', 'Karnataka');
INSERT INTO "Location" VALUES (166, 'Guntur', 'Andhra Pradesh');
INSERT INTO "Location" VALUES (167, 'Gaya', 'Bihar');
INSERT INTO "Location" VALUES (168, 'Gurgaon', 'Haryana');
INSERT INTO "Location" VALUES (169, 'Guruvayoor', 'Kerala');
INSERT INTO "Location" VALUES (170, 'Guntakal', 'Andhra Pradesh');
INSERT INTO "Location" VALUES (171, 'Gudivada', 'Andhra Pradesh');
INSERT INTO "Location" VALUES (172, 'Giridih', 'Jharkhand');
INSERT INTO "Location" VALUES (173, 'Gokak', 'Karnataka');
INSERT INTO "Location" VALUES (174, 'Gudur', 'Andhra Pradesh');
INSERT INTO "Location" VALUES (175, 'Gurdaspur', 'Punjab');
INSERT INTO "Location" VALUES (176, 'Gobindgarh', 'Punjab');
INSERT INTO "Location" VALUES (177, 'Gobichettipalayam', 'Tamil Nadu');
INSERT INTO "Location" VALUES (178, 'Gopalganj', 'Bihar');
INSERT INTO "Location" VALUES (179, 'Gadwal', 'Andhra Pradesh');
INSERT INTO "Location" VALUES (180, 'Hyderabad*', 'Andhra Pradesh');
INSERT INTO "Location" VALUES (181, 'Hisar', 'Haryana');
INSERT INTO "Location" VALUES (182, 'Haridwar', 'Uttarakhand');
INSERT INTO "Location" VALUES (183, 'Hapur', 'Uttar Pradesh');
INSERT INTO "Location" VALUES (184, 'Hugli-Chuchura', 'West Bengal');
INSERT INTO "Location" VALUES (185, 'Haldwani', 'Uttarakhand');
INSERT INTO "Location" VALUES (186, 'Hoshiarpur', 'Punjab');
INSERT INTO "Location" VALUES (187, 'Hazaribag', 'Jharkhand');
INSERT INTO "Location" VALUES (188, 'Hindupur', 'Andhra Pradesh');
INSERT INTO "Location" VALUES (189, 'Hajipursscsc', 'Bihar');
INSERT INTO "Location" VALUES (190, 'Hansi', 'Haryana');
INSERT INTO "Location" VALUES (191, 'Indore', 'Madhya Pradesh');
INSERT INTO "Location" VALUES (192, 'Ichalkaranji', 'Maharashtra');
INSERT INTO "Location" VALUES (193, 'Imphal*', 'Manipur');
INSERT INTO "Location" VALUES (194, 'Itarsi', 'Madhya Pradesh');
INSERT INTO "Location" VALUES (195, 'Jamalpur', 'Bihar');
INSERT INTO "Location" VALUES (196, 'Jagtial', 'Andhra Pradesh');
INSERT INTO "Location" VALUES (197, 'Jehanabad', 'Bihar');
INSERT INTO "Location" VALUES (198, 'Jeypur', 'Odisha');
INSERT INTO "Location" VALUES (199, 'Jharsuguda', 'Odisha');
INSERT INTO "Location" VALUES (200, 'Jalandhar', 'Punjab');
INSERT INTO "Location" VALUES (201, 'Jhumri Tilaiya', 'Jharkhand');
INSERT INTO "Location" VALUES (202, 'Jamui', 'Bihar');
INSERT INTO "Location" VALUES (203, 'Jajmau', 'Uttar Pradesh');
INSERT INTO "Location" VALUES (204, 'Jammu', 'Jammu and Kashmir');
INSERT INTO "Location" VALUES (205, 'Jagraon', 'Punjab');
INSERT INTO "Location" VALUES (206, 'Jatani', 'Odisha');
INSERT INTO "Location" VALUES (207, 'Jhargram', 'West Bengal');
INSERT INTO "Location" VALUES (208, 'Jhansi', 'Uttar Pradesh');
INSERT INTO "Location" VALUES (209, 'Kolkata', 'West Bengal');
INSERT INTO "Location" VALUES (210, 'Kanpur', 'Uttar Pradesh');
INSERT INTO "Location" VALUES (211, 'Kalyan', 'Maharashtra');
INSERT INTO "Location" VALUES (212, 'Kochi', 'Kerala');
INSERT INTO "Location" VALUES (213, 'Karnal', 'Haryana');
INSERT INTO "Location" VALUES (214, 'Kozhikode', 'Kerala');
INSERT INTO "Location" VALUES (215, 'Kannur', 'Kerala');
INSERT INTO "Location" VALUES (216, 'Kurnool', 'Andhra Pradesh');
INSERT INTO "Location" VALUES (217, 'Kollam', 'Kerala');
INSERT INTO "Location" VALUES (218, 'Kakinada', 'Andhra Pradesh');
INSERT INTO "Location" VALUES (219, 'Kharagpur', 'West Bengal');
INSERT INTO "Location" VALUES (220, 'Korba', 'Chhattisgarh');
INSERT INTO "Location" VALUES (221, 'Karimnagar', 'Andhra Pradesh');
INSERT INTO "Location" VALUES (222, 'karjat', 'maharashtra');
INSERT INTO "Location" VALUES (223, 'Khammam', 'Andhra Pradesh');
INSERT INTO "Location" VALUES (224, 'Katihar', 'Bihar');
INSERT INTO "Location" VALUES (225, 'Kottayam', 'Kerala');
INSERT INTO "Location" VALUES (226, 'Karur', 'Tamil Nadu');
INSERT INTO "Location" VALUES (227, 'Kanhangad', 'Kerala');
INSERT INTO "Location" VALUES (228, 'Kaithal', 'Haryana');
INSERT INTO "Location" VALUES (229, 'Kalpi', 'Uttar Pradesh');
INSERT INTO "Location" VALUES (230, 'Kothagudem', 'Andhra Pradesh');
INSERT INTO "Location" VALUES (231, 'Khanna', 'Punjab');
INSERT INTO "Location" VALUES (232, 'Kodungallur', 'Kerala');
INSERT INTO "Location" VALUES (233, 'Khambhat', 'Gujarat');
INSERT INTO "Location" VALUES (234, 'Kashipur', 'Uttarakhand');
INSERT INTO "Location" VALUES (235, 'Kapurthala', 'Punjab');
INSERT INTO "Location" VALUES (236, 'Kavali', 'Andhra Pradesh');
INSERT INTO "Location" VALUES (237, 'Kishanganj', 'Bihar');
INSERT INTO "Location" VALUES (238, 'Kot Kapura', 'Punjab');
INSERT INTO "Location" VALUES (239, 'Lucknow*', 'Uttar Pradesh');
INSERT INTO "Location" VALUES (240, 'Ludhiana', 'Punjab');
INSERT INTO "Location" VALUES (241, 'Latur', 'Maharashtra');
INSERT INTO "Location" VALUES (242, 'Lakhimpur', 'Uttar Pradesh');
INSERT INTO "Location" VALUES (243, 'Loni', 'Uttar Pradesh');
INSERT INTO "Location" VALUES (244, 'Lalitpur', 'Uttar Pradesh');
INSERT INTO "Location" VALUES (245, 'Lakhisarai', 'Bihar');
INSERT INTO "Location" VALUES (246, 'Mumbai', 'Maharashtra');
INSERT INTO "Location" VALUES (247, 'Meerut', 'Uttar Pradesh');
INSERT INTO "Location" VALUES (248, 'Madurai', 'Tamil Nadu');
INSERT INTO "Location" VALUES (249, 'Mysore', 'Karnataka');
INSERT INTO "Location" VALUES (250, 'Mangalore', 'Karnataka');
INSERT INTO "Location" VALUES (251, 'Mira-Bhayandar', 'Maharashtra');
INSERT INTO "Location" VALUES (252, 'Malegaon', 'Maharashtra');
INSERT INTO "Location" VALUES (253, 'Nagpur', 'Maharashtra');
INSERT INTO "Location" VALUES (254, 'Nashik', 'Maharashtra');
INSERT INTO "Location" VALUES (255, 'Navi Mumbai', 'Maharashtra');
INSERT INTO "Location" VALUES (256, 'Nanded-Waghala', 'Maharashtra');
INSERT INTO "Location" VALUES (257, 'Nellore', 'Andhra Pradesh');
INSERT INTO "Location" VALUES (258, 'Noida', 'Uttar Pradesh');
INSERT INTO "Location" VALUES (259, 'Nizamabad', 'Andhra Pradesh');
INSERT INTO "Location" VALUES (260, 'New Delhi*', 'Delhi');
INSERT INTO "Location" VALUES (261, 'Navsari', 'Gujarat');
INSERT INTO "Location" VALUES (262, 'Naihati', 'West Bengal');
INSERT INTO "Location" VALUES (263, 'Nagercoil', 'Tamil Nadu');
INSERT INTO "Location" VALUES (264, 'Orai', 'Uttar Pradesh');
INSERT INTO "Location" VALUES (265, 'Oddanchatram', 'Tamil Nadu');
INSERT INTO "Location" VALUES (267, '', '');
INSERT INTO "Location" VALUES (268, 'Pune', 'Maharashtra');
INSERT INTO "Location" VALUES (269, 'Patna*', 'Bihar');
INSERT INTO "Location" VALUES (270, 'Pondicherry*', 'Puducherry');
INSERT INTO "Location" VALUES (271, 'Patiala', 'Punjab');
INSERT INTO "Location" VALUES (272, 'Panipat', 'Haryana');
INSERT INTO "Location" VALUES (273, 'Parbhani', 'Maharashtra');
INSERT INTO "Location" VALUES (274, 'Panvel', 'Maharashtra');
INSERT INTO "Location" VALUES (275, 'Porbandar', 'Gujarat');
INSERT INTO "Location" VALUES (276, 'Palakkad', 'Kerala');
INSERT INTO "Location" VALUES (277, 'Purnia', 'Bihar');
INSERT INTO "Location" VALUES (278, 'Pali', 'Rajasthan');
INSERT INTO "Location" VALUES (279, 'Phusro', 'Jharkhand');
INSERT INTO "Location" VALUES (280, 'Pathankot', 'Punjab');
INSERT INTO "Location" VALUES (281, 'Puri', 'Odisha');
INSERT INTO "Location" VALUES (282, 'Proddatur', 'Andhra Pradesh');
INSERT INTO "Location" VALUES (283, 'Panchkula', 'Haryana');
INSERT INTO "Location" VALUES (284, 'Pollachi', 'Tamil Nadu');
INSERT INTO "Location" VALUES (285, 'Pilibhit', 'Uttar Pradesh');
INSERT INTO "Location" VALUES (286, 'Palanpur', 'Gujarat');
INSERT INTO "Location" VALUES (287, 'Purulia', 'West Bengal');
INSERT INTO "Location" VALUES (288, 'Patan', 'Gujarat');
INSERT INTO "Location" VALUES (289, 'Pudukkottai', 'Tamil Nadu');
INSERT INTO "Location" VALUES (290, 'Phagwara', 'Punjab');
INSERT INTO "Location" VALUES (291, 'Palwal', 'Haryana');
INSERT INTO "Location" VALUES (292, 'Port Blair*', 'Andaman and Nicobar Islands');
INSERT INTO "Location" VALUES (293, 'Panaji*', 'Goa');
INSERT INTO "Location" VALUES (294, 'Pandharpur', 'Maharashtra');
INSERT INTO "Location" VALUES (295, 'Parli', 'Maharashtra');
INSERT INTO "Location" VALUES (296, 'Ponnani', 'Kerala');
INSERT INTO "Location" VALUES (297, 'Paramakudi', 'Tamil Nadu');
INSERT INTO "Location" VALUES (298, 'Rajkot', 'Gujarat');
INSERT INTO "Location" VALUES (299, 'Ratlam', 'Madhya Pradesh');
INSERT INTO "Location" VALUES (300, 'Ranchi*', 'Jharkhand');
INSERT INTO "Location" VALUES (301, 'Raipur*', 'Chhattisgarh');
INSERT INTO "Location" VALUES (302, 'Raurkela', 'Odisha');
INSERT INTO "Location" VALUES (303, 'Rajahmundry', 'Andhra Pradesh');
INSERT INTO "Location" VALUES (304, 'Raghunathganj', 'West Bengal');
INSERT INTO "Location" VALUES (305, 'Rohtak', 'Haryana');
INSERT INTO "Location" VALUES (306, 'Rampur', 'Uttar Pradesh');
INSERT INTO "Location" VALUES (307, 'Ranipet', 'Tamil Nadu');
INSERT INTO "Location" VALUES (308, 'Ramagundam', 'Andhra Pradesh');
INSERT INTO "Location" VALUES (309, 'Raayachuru', 'Karnataka');
INSERT INTO "Location" VALUES (310, 'Rewa', 'Madhya Pradesh');
INSERT INTO "Location" VALUES (311, 'Raiganj', 'West Bengal');
INSERT INTO "Location" VALUES (312, 'Rae Bareli', 'Uttar Pradesh');
INSERT INTO "Location" VALUES (313, 'Robertson Pet', 'Karnataka');
INSERT INTO "Location" VALUES (314, 'Ranaghat', 'West Bengal');
INSERT INTO "Location" VALUES (315, 'Rajnandgaon', 'Chhattisgarh');
INSERT INTO "Location" VALUES (316, 'Rajapalayam', 'Tamil Nadu');
INSERT INTO "Location" VALUES (317, 'Raigarh', 'Chhattisgarh');
INSERT INTO "Location" VALUES (318, 'Roorkee', 'Uttarakhand');
INSERT INTO "Location" VALUES (319, 'Ramngarh', 'Jharkhand');
INSERT INTO "Location" VALUES (320, 'Rajampet', 'Andhra Pradesh');
INSERT INTO "Location" VALUES (321, 'Rewari', 'Haryana');
INSERT INTO "Location" VALUES (322, 'Ranibennur', 'Karnataka');
INSERT INTO "Location" VALUES (323, 'Rudrapur', 'Uttarakhand');
INSERT INTO "Location" VALUES (324, 'Rajpura', 'Punjab');
INSERT INTO "Location" VALUES (325, 'Raamanagara', 'Karnataka');
INSERT INTO "Location" VALUES (326, 'Rishikesh', 'Uttarakhand');
INSERT INTO "Location" VALUES (327, 'Rayachoti', 'Andhra Pradesh');
INSERT INTO "Location" VALUES (328, 'Ratnagiri', 'Maharashtra');
INSERT INTO "Location" VALUES (329, 'Rabakavi Banahatti', 'Karnataka');
INSERT INTO "Location" VALUES (330, 'Rajkot', 'Gujarat');
INSERT INTO "Location" VALUES (331, 'Ratlam', 'Madhya Pradesh');
INSERT INTO "Location" VALUES (332, 'Ranchi*', 'Jharkhand');
INSERT INTO "Location" VALUES (333, 'Raipur*', 'Chhattisgarh');
INSERT INTO "Location" VALUES (334, 'Raurkela', 'Odisha');
INSERT INTO "Location" VALUES (335, 'Rajahmundry', 'Andhra Pradesh');
INSERT INTO "Location" VALUES (336, 'Raghunathganj', 'West Bengal');
INSERT INTO "Location" VALUES (337, 'Rohtak', 'Haryana');
INSERT INTO "Location" VALUES (338, 'Rampur', 'Uttar Pradesh');
INSERT INTO "Location" VALUES (339, 'Ranipet', 'Tamil Nadu');
INSERT INTO "Location" VALUES (340, 'Ramagundam', 'Andhra Pradesh');
INSERT INTO "Location" VALUES (341, 'Raayachuru', 'Karnataka');
INSERT INTO "Location" VALUES (342, 'Rewa', 'Madhya Pradesh');
INSERT INTO "Location" VALUES (343, 'Raiganj', 'West Bengal');
INSERT INTO "Location" VALUES (344, 'Rae Bareli', 'Uttar Pradesh');
INSERT INTO "Location" VALUES (345, 'Robertson Pet', 'Karnataka');
INSERT INTO "Location" VALUES (346, 'Ranaghat', 'West Bengal');
INSERT INTO "Location" VALUES (347, 'Rajnandgaon', 'Chhattisgarh');
INSERT INTO "Location" VALUES (348, 'Rajapalayam', 'Tamil Nadu');
INSERT INTO "Location" VALUES (349, 'Raigarh', 'Chhattisgarh');
INSERT INTO "Location" VALUES (350, 'Roorkee', 'Uttarakhand');
INSERT INTO "Location" VALUES (351, 'Ramngarh', 'Jharkhand');
INSERT INTO "Location" VALUES (352, 'Rajampet', 'Andhra Pradesh');
INSERT INTO "Location" VALUES (353, 'Rewari', 'Haryana');
INSERT INTO "Location" VALUES (354, 'Ranibennur', 'Karnataka');
INSERT INTO "Location" VALUES (355, 'Rudrapur', 'Uttarakhand');
INSERT INTO "Location" VALUES (356, 'Rajpura', 'Punjab');
INSERT INTO "Location" VALUES (357, 'Raamanagara', 'Karnataka');
INSERT INTO "Location" VALUES (358, 'Rishikesh', 'Uttarakhand');
INSERT INTO "Location" VALUES (359, 'Rayachoti', 'Andhra Pradesh');
INSERT INTO "Location" VALUES (360, 'Ratnagiri', 'Maharashtra');
INSERT INTO "Location" VALUES (361, 'Rabakavi Banahatti', 'Karnataka');
INSERT INTO "Location" VALUES (362, 'Surat', 'Gujarat');
INSERT INTO "Location" VALUES (363, 'Siliguri', 'West Bengal');
INSERT INTO "Location" VALUES (364, 'Srinagar*', 'Jammu and Kashmir');
INSERT INTO "Location" VALUES (365, 'Solapur', 'Maharashtra');
INSERT INTO "Location" VALUES (366, 'Salem', 'Tamil Nadu');
INSERT INTO "Location" VALUES (367, 'Saharanpur', 'Uttar Pradesh');
INSERT INTO "Location" VALUES (368, 'Sangli', 'Maharashtra');
INSERT INTO "Location" VALUES (369, 'Shahjahanpur', 'Uttar Pradesh');
INSERT INTO "Location" VALUES (370, 'Sagar', 'Madhya Pradesh');
INSERT INTO "Location" VALUES (371, 'Shivamogga', 'Karnataka');
INSERT INTO "Location" VALUES (372, 'Shillong*', 'Meghalaya');
INSERT INTO "Location" VALUES (373, 'Satna', 'Madhya Pradesh');
INSERT INTO "Location" VALUES (374, 'Sambalpur', 'Odisha');
INSERT INTO "Location" VALUES (375, 'Sonipat', 'Haryana');
INSERT INTO "Location" VALUES (376, 'Sikar', 'Rajasthan');
INSERT INTO "Location" VALUES (377, 'Singrauli', 'Madhya Pradesh');
INSERT INTO "Location" VALUES (378, 'Silchar', 'Assam');
INSERT INTO "Location" VALUES (379, 'Sambhal', 'Uttar Pradesh');
INSERT INTO "Location" VALUES (380, 'Sirsa', 'Haryana');
INSERT INTO "Location" VALUES (381, 'Sitapur', 'Uttar Pradesh');
INSERT INTO "Location" VALUES (382, 'Shivpuri', 'Madhya Pradesh');
INSERT INTO "Location" VALUES (383, 'Shimla*', 'Himachal Pradesh');
INSERT INTO "Location" VALUES (384, 'Santipur', 'West Bengal');
INSERT INTO "Location" VALUES (385, 'Sasaram', 'Bihar');
INSERT INTO "Location" VALUES (386, 'Saharsa', 'Bihar');
INSERT INTO "Location" VALUES (387, 'Sadulpur', 'Rajasthan');
INSERT INTO "Location" VALUES (388, 'Sivakasi', 'Tamil Nadu');
INSERT INTO "Location" VALUES (389, 'Srikakulam', 'Andhra Pradesh');
INSERT INTO "Location" VALUES (390, 'Siwan', 'Bihar');
INSERT INTO "Location" VALUES (391, 'Satara', 'Maharashtra');
INSERT INTO "Location" VALUES (392, 'Sawai Madhopur', 'Rajasthan');
INSERT INTO "Location" VALUES (393, 'Sultanpur', 'Uttar Pradesh');
INSERT INTO "Location" VALUES (394, 'Sarni', 'Madhya Pradesh');
INSERT INTO "Location" VALUES (395, 'Suryapet', 'Andhra Pradesh');
INSERT INTO "Location" VALUES (396, 'Sehore', 'Madhya Pradesh');
INSERT INTO "Location" VALUES (397, 'Shamli', 'Uttar Pradesh');
INSERT INTO "Location" VALUES (398, 'Seoni', 'Madhya Pradesh');
INSERT INTO "Location" VALUES (399, 'Shrirampur', 'Maharashtra');
INSERT INTO "Location" VALUES (400, 'Shikohabad', 'Uttar Pradesh');
INSERT INTO "Location" VALUES (401, 'Sitamarhi', 'Bihar');
INSERT INTO "Location" VALUES (402, 'Saunda', 'Jharkhand');
INSERT INTO "Location" VALUES (403, 'Sujangarh', 'Rajasthan');
INSERT INTO "Location" VALUES (404, 'Sardarshahar', 'Rajasthan');
INSERT INTO "Location" VALUES (405, 'Sahibganj', 'Jharkhand');
INSERT INTO "Location" VALUES (406, 'Thane', 'Maharashtra');
INSERT INTO "Location" VALUES (407, 'Trivandrum', 'Kerala');
INSERT INTO "Location" VALUES (408, 'Tiruchirappalli', 'Tamil Nadu');
INSERT INTO "Location" VALUES (409, 'Tiruppur', 'Tamil Nadu');
INSERT INTO "Location" VALUES (410, 'Tirunelveli', 'Tamil Nadu');
INSERT INTO "Location" VALUES (411, 'Thoothukudi', 'Tamil Nadu');
INSERT INTO "Location" VALUES (412, 'Thrissur', 'Kerala');
INSERT INTO "Location" VALUES (413, 'Tirupati', 'Andhra Pradesh');
INSERT INTO "Location" VALUES (414, 'Tiruvannamalai', 'Tamil Nadu');
INSERT INTO "Location" VALUES (415, 'Thumakooru', 'Karnataka');
INSERT INTO "Location" VALUES (416, 'Thanjavur', 'Tamil Nadu');
INSERT INTO "Location" VALUES (417, 'Tenali', 'Andhra Pradesh');
INSERT INTO "Location" VALUES (418, 'Tonk', 'Rajasthan');
INSERT INTO "Location" VALUES (419, 'Thanesar', 'Haryana');
INSERT INTO "Location" VALUES (420, 'Tinsukia', 'Assam');
INSERT INTO "Location" VALUES (421, 'Tezpur', 'Assam');
INSERT INTO "Location" VALUES (422, 'Tadepalligudem', 'Andhra Pradesh');
INSERT INTO "Location" VALUES (423, 'Tiruchendur', 'Tamil Nadu');
INSERT INTO "Location" VALUES (424, 'Tadpatri', 'Andhra Pradesh');
INSERT INTO "Location" VALUES (425, 'Theni Allinagaram', 'Tamil Nadu');
INSERT INTO "Location" VALUES (426, 'Tanda', 'Uttar Pradesh');
INSERT INTO "Location" VALUES (427, 'Tiruchengode', 'Tamil Nadu');
INSERT INTO "Location" VALUES (428, 'Vadodara', 'Gujarat');
INSERT INTO "Location" VALUES (429, 'Visakhapatnam', 'Andhra Pradesh');
INSERT INTO "Location" VALUES (430, 'Varanasi', 'Uttar Pradesh');
INSERT INTO "Location" VALUES (431, 'Vijayawada', 'Andhra Pradesh');
INSERT INTO "Location" VALUES (432, 'Vellore', 'Tamil Nadu');
INSERT INTO "Location" VALUES (433, 'Vizianagaram', 'Andhra Pradesh');
INSERT INTO "Location" VALUES (434, 'Vasai', 'Maharashtra');
INSERT INTO "Location" VALUES (435, 'Veraval', 'Gujarat');
INSERT INTO "Location" VALUES (436, 'Valsad', 'Gujarat');
INSERT INTO "Location" VALUES (437, 'Vidisha', 'Madhya Pradesh');
INSERT INTO "Location" VALUES (438, 'Vadakara', 'Kerala');
INSERT INTO "Location" VALUES (439, 'Virar', 'Maharashtra');
INSERT INTO "Location" VALUES (440, 'Vaniyambadi', 'Tamil Nadu');
INSERT INTO "Location" VALUES (441, 'Viluppuram', 'Tamil Nadu');
INSERT INTO "Location" VALUES (442, 'Valparai', 'Tamil Nadu');
INSERT INTO "Location" VALUES (443, 'Warangal', 'Andhra Pradesh');
INSERT INTO "Location" VALUES (444, 'Wadhwan', 'Gujarat');
INSERT INTO "Location" VALUES (445, 'Wardha', 'Maharashtra');
INSERT INTO "Location" VALUES (446, 'Washim', 'Maharashtra');


--
-- Name: Location_RegionID_seq; Type: SEQUENCE SET; Schema: public; Owner: postgres
--

SELECT pg_catalog.setval('"Location_RegionID_seq"', 1, false);


--
-- Data for Name: Message; Type: TABLE DATA; Schema: public; Owner: postgres
--

INSERT INTO "Message" VALUES (6, '2013-01-01 11:00:00', 'Class tempor gravida pellentesque pretium etiam himenaeos sem venenatis justo?

', 70);
INSERT INTO "Message" VALUES (104, '2013-03-01 15:00:00', 'Velit orci Torquent aenean vel viverra ac; tellus arcu lacinia.

', 88);
INSERT INTO "Message" VALUES (48, '2013-05-06 19:00:00', 'Nostra dapibus euismod condimentum sem bibendum metus, fames commodo blandit...

', 57);
INSERT INTO "Message" VALUES (91, '2013-08-07 16:00:00', 'Nostra sociosqu dapibus velit proin sociis facilisis - placerat mollis ridiculus.

', 22);
INSERT INTO "Message" VALUES (45, '2012-05-05 10:00:00', 'In tempus dictumst etiam rutrum primis id aptent eros magna.

', 9);
INSERT INTO "Message" VALUES (90, '2012-03-07 16:00:00', 'In neque dapibus ut nibh sodales sociis vel rutrum placerat...

', 106);
INSERT INTO "Message" VALUES (58, '2013-01-07 18:00:00', 'Cursus libero Proin fusce id quam tellus elementum hendrerit ultrices!

', 41);
INSERT INTO "Message" VALUES (34, '2012-03-06 18:00:00', 'Nostra cursus dapibus tincidunt pretium nam platea: placerat nisl venenatis!

', 11);
INSERT INTO "Message" VALUES (46, '2013-05-09 19:00:00', 'Tortor montes euismod viverra pharetra rhoncus tellus - fames vivamus odio.

', 110);
INSERT INTO "Message" VALUES (80, '2013-03-07 11:00:00', 'Tortor tempus sodales torquent mauris per iaculis nisl blandit congue.

', 45);
INSERT INTO "Message" VALUES (34, '2013-04-09 13:00:00', 'Senectus eu metus molestie dignissim hac duis; hendrerit habitant lacinia...

', 77);
INSERT INTO "Message" VALUES (76, '2013-01-06 23:00:00', 'Taciti non Tempus pellentesque sodales pretium etiam consectetur dui ligula.

', 44);
INSERT INTO "Message" VALUES (30, '2013-02-08 23:00:00', 'Nostra vehicula curabitur proin sagittis id purus et blandit congue.

', 57);
INSERT INTO "Message" VALUES (14, '2012-03-08 13:00:00', 'Habitasse vehicula litora malesuada sapien mi molestie praesent varius eleifend.

', 1);
INSERT INTO "Message" VALUES (8, '2012-03-04 14:00:00', 'Curae cursus scelerisque luctus mauris vestibulum cum hendrerit: mattis odio.

', 58);
INSERT INTO "Message" VALUES (41, '2013-07-05 12:00:00', 'Tortor Luctus diam proin sapien tellus ultrices eleifend sit justo?

', 22);
INSERT INTO "Message" VALUES (9, '2012-08-01 22:00:00', 'Maecenas velit pellentesque erat fusce enim - facilisi facilisis felis vivamus.

', 74);
INSERT INTO "Message" VALUES (69, '2012-08-01 18:00:00', 'Vehicula sociosqu fringilla neque dapibus per metus iaculis: mollis lacinia.

', 22);
INSERT INTO "Message" VALUES (69, '2013-02-06 15:00:00', 'Vitae dapibus sollicitudin orci mauris rutrum nullam molestie elementum eleifend.

', 22);
INSERT INTO "Message" VALUES (34, '2012-01-03 18:00:00', 'Natoque senectus semper consequat vestibulum ipsum lectus duis cum nec.

', 22);
INSERT INTO "Message" VALUES (60, '2012-02-05 23:00:00', 'Taciti integre tempus malesuada eu mi hac magna nisl aliquam.

', 62);
INSERT INTO "Message" VALUES (62, '2012-05-08 20:00:00', 'Nisi magnis dolor tristique orci mauris leo viverra: at blandit.

', 69);
INSERT INTO "Message" VALUES (58, '2012-05-08 11:00:00', 'Suspendisse velit lacus aliquet ipsum leo cum conubia suscipit congue!

', 35);
INSERT INTO "Message" VALUES (61, '2013-08-06 15:00:00', 'Maecenas dapibus euismod malesuada consequat imperdiet elementum, a venenatis fermentum...

', 48);
INSERT INTO "Message" VALUES (58, '2012-02-06 12:00:00', 'Tortor dapibus diam sed ipsum leo lectus ultricies egestas sit?

', 103);
INSERT INTO "Message" VALUES (44, '2012-04-03 21:00:00', 'Integre lacus nibh lobortis erat eu pharetra mattis venenatis fermentum.

', 99);
INSERT INTO "Message" VALUES (34, '2012-02-07 12:00:00', 'Taciti ut Nascetur sollicitudin condimentum lobortis ipsum; turpis auctor congue...

', 98);
INSERT INTO "Message" VALUES (67, '2013-05-09 22:00:00', 'Nisi nulla Semper tristique lobortis posuere feugiat, conubia venenatis morbi?

', 60);
INSERT INTO "Message" VALUES (9, '2013-04-02 18:00:00', 'Libero Nisi pellentesque himenaeos metus molestie id - placerat ultricies nec.

', 88);
INSERT INTO "Message" VALUES (84, '2012-06-04 15:00:00', 'Penatibus elit nunc nisi tincidunt eget pharetra tellus a fermentum.

', 80);
INSERT INTO "Message" VALUES (6, '2012-05-04 10:00:00', 'Nostra in Natoque lacus euismod ornare viverra; platea ultrices suscipit.

', 70);
INSERT INTO "Message" VALUES (99, '2013-03-05 14:00:00', 'Penatibus etiam per porta sagittis posuere, iaculis interdum nisl eleifend...

', 100);
INSERT INTO "Message" VALUES (88, '2013-08-01 15:00:00', 'Suspendisse volutpat sollicitudin mauris nam nullam interdum; blandit suscipit justo.

', 57);
INSERT INTO "Message" VALUES (8, '2012-09-03 23:00:00', 'Vitae magnis accumsan metus adipiscing imperdiet magna purus; a porttitor?

', 18);
INSERT INTO "Message" VALUES (79, '2013-01-02 15:00:00', 'Elit quis pretium consectetur ornare eget pharetra - eros mattis odio.

', 98);
INSERT INTO "Message" VALUES (58, '2012-05-09 13:00:00', 'Potenti nunc id platea purus parturient praesent turpis; ante sit.

', 107);
INSERT INTO "Message" VALUES (14, '2012-04-05 15:00:00', 'Vehicula potenti neque quisque phasellus massa lobortis ac cum dictum?

', 107);
INSERT INTO "Message" VALUES (88, '2012-07-08 21:00:00', 'Cursus vulputate sociis sagittis eros parturient habitant venenatis ridiculus lacinia...

', 15);
INSERT INTO "Message" VALUES (61, '2013-03-05 19:00:00', 'Vehicula curabitur massa vel bibendum hac ultrices mattis varius sit?

', 104);
INSERT INTO "Message" VALUES (62, '2013-04-05 10:00:00', 'Cubilia Scelerisque quisque sociis ornare dignissim donec cum iaculis fermentum.

', 91);
INSERT INTO "Message" VALUES (90, '2012-05-04 20:00:00', 'Tortor natoque euismod sodales eu facilisi rhoncus arcu fames vivamus.

', 7);
INSERT INTO "Message" VALUES (100, '2012-03-05 15:00:00', 'Maecenas penatibus augue curabitur viverra ac cum at habitant varius.

', 30);
INSERT INTO "Message" VALUES (22, '2013-02-05 13:00:00', 'Nascetur lobortis nam rutrum sem molestie rhoncus commodo a porttitor.

', 8);
INSERT INTO "Message" VALUES (67, '2012-08-01 10:00:00', 'Integre dolor Class gravida sodales pretium orci: id facilisi dignissim.

', 88);
INSERT INTO "Message" VALUES (46, '2013-01-06 17:00:00', 'Tempus tempor etiam rutrum sapien enim; mattis felis netus ligula.

', 18);
INSERT INTO "Message" VALUES (30, '2012-09-05 14:00:00', 'Est nostra suspendisse pellentesque pretium ornare ipsum - hac egestas dui?

', 84);
INSERT INTO "Message" VALUES (88, '2013-06-06 15:00:00', 'Natoque ut semper litora aenean sagittis, arcu egestas eleifend lacinia.

', 7);
INSERT INTO "Message" VALUES (30, '2013-09-09 10:00:00', 'Lorem integre Velit tristique litora condimentum sem bibendum - vivamus morbi?

', 57);
INSERT INTO "Message" VALUES (7, '2012-08-08 19:00:00', 'Pretium fusce sem bibendum rhoncus facilisis elementum - nisl ante ligula!

', 76);
INSERT INTO "Message" VALUES (39, '2012-02-04 10:00:00', 'Elit libero magnis dolor nascetur cum conubia vivamus, ligula lacinia.

', 14);
INSERT INTO "Message" VALUES (44, '2013-03-07 17:00:00', 'Curae amet tincidunt lacus euismod sociis fusce primis at fames.

', 22);
INSERT INTO "Message" VALUES (35, '2012-03-08 21:00:00', 'Dolor pellentesque Mauris nullam faucibus eros placerat mattis suscipit sit.

', 80);
INSERT INTO "Message" VALUES (74, '2012-01-07 15:00:00', 'Amet dolor Aenean metus rhoncus ultricies et; ridiculus ligula porttitor.

', 80);
INSERT INTO "Message" VALUES (7, '2013-09-07 18:00:00', 'Scelerisque integre pellentesque per nullam adipiscing ac cum, facilisis justo?

', 76);
INSERT INTO "Message" VALUES (69, '2013-05-04 19:00:00', 'Gravida nibh per eu sem enim; adipiscing facilisi iaculis dictum?

', 9);
INSERT INTO "Message" VALUES (14, '2013-05-07 12:00:00', 'Fringilla nulla volutpat lobortis ipsum id rhoncus felis, suscipit venenatis?

', 72);
INSERT INTO "Message" VALUES (82, '2013-07-06 22:00:00', 'Amet non Natoque tempor malesuada aenean ante nec auctor netus!

', 104);
INSERT INTO "Message" VALUES (98, '2012-05-05 17:00:00', 'Nunc vulputate vel leo pharetra faucibus feugiat dictum turpis varius?

', 70);
INSERT INTO "Message" VALUES (56, '2013-02-06 15:00:00', 'Montes scelerisque neque nascetur tristique aptent: mollis magna et venenatis.

', 18);
INSERT INTO "Message" VALUES (90, '2013-07-03 20:00:00', 'Curae fringilla suspendisse dictumst fusce enim - risus hac ante morbi.

', 30);
INSERT INTO "Message" VALUES (15, '2013-07-08 13:00:00', 'Pretium ipsum Dis enim posuere pharetra hac; egestas felis suscipit.

', 38);
INSERT INTO "Message" VALUES (18, '2013-02-03 13:00:00', 'Tincidunt sodales torquent rutrum eros parturient turpis - egestas mus dui.

', 8);
INSERT INTO "Message" VALUES (10, '2012-03-03 15:00:00', 'Nostra Cras neque pharetra facilisi hac tellus iaculis, placerat magna.

', 62);
INSERT INTO "Message" VALUES (16, '2013-04-06 22:00:00', 'Quisque mauris nam rutrum fusce magna conubia parturient - egestas et.

', 56);
INSERT INTO "Message" VALUES (48, '2012-05-07 17:00:00', 'Suspendisse taciti scelerisque dapibus consequat fusce molestie at arcu blandit.

', 57);
INSERT INTO "Message" VALUES (84, '2013-03-06 11:00:00', 'Curae vehicula diam lobortis ipsum cum iaculis purus egestas ante.

', 15);
INSERT INTO "Message" VALUES (62, '2012-05-03 23:00:00', 'Habitasse dapibus sem facilisis ultricies ante commodo mus suscipit fermentum.

', 1);
INSERT INTO "Message" VALUES (22, '2012-02-08 23:00:00', 'Libero magnis Inceptos tristique pretium aenean iaculis elementum dictum habitant...

', 29);
INSERT INTO "Message" VALUES (7, '2013-03-09 14:00:00', 'Est potenti tincidunt litora lobortis mauris: vel pharetra pulvinar ligula!

', 106);
INSERT INTO "Message" VALUES (29, '2013-03-06 10:00:00', 'In integre nam bibendum adipiscing pulvinar arcu; nisl varius fermentum.

', 44);
INSERT INTO "Message" VALUES (60, '2013-06-01 16:00:00', 'Habitasse curabitur tincidunt velit sed enim iaculis dictum: purus porttitor!

', 72);
INSERT INTO "Message" VALUES (16, '2013-02-03 11:00:00', 'Maecenas sed Orci proin aenean vestibulum sapien porta - facilisis arcu?

', 1);
INSERT INTO "Message" VALUES (2, '2012-06-09 23:00:00', 'Urna non quisque condimentum etiam consectetur erat ac quam himenaeos!

', 80);
INSERT INTO "Message" VALUES (110, '2013-04-08 23:00:00', 'Nostra vitae fringilla curabitur nam facilisi feugiat laoreet ultrices odio.

', 103);
INSERT INTO "Message" VALUES (69, '2012-02-04 13:00:00', 'Lorem quisque Curabitur nam primis viverra; platea hendrerit varius nisl?

', 103);
INSERT INTO "Message" VALUES (18, '2012-08-08 21:00:00', 'Curae elit vehicula class tristique aliquet malesuada rutrum quam at?

', 11);
INSERT INTO "Message" VALUES (34, '2013-05-05 11:00:00', 'In fringilla quis gravida vestibulum ac et - ante commodo justo.

', 72);
INSERT INTO "Message" VALUES (38, '2012-02-05 12:00:00', 'In dolor diam velit class consequat tellus suscipit a justo.

', 69);
INSERT INTO "Message" VALUES (72, '2013-04-02 17:00:00', 'Sociosqu fringilla accumsan velit tempus volutpat id rhoncus ultrices fermentum?

', 6);
INSERT INTO "Message" VALUES (46, '2012-02-01 23:00:00', 'Elit sociosqu Scelerisque semper sollicitudin aenean enim faucibus facilisis vivamus.

', 67);
INSERT INTO "Message" VALUES (18, '2013-03-05 13:00:00', 'Vehicula diam gravida lobortis consequat dictum nisl: habitant ante nec?

', 84);
INSERT INTO "Message" VALUES (56, '2012-07-02 17:00:00', 'Lorem accumsan Himenaeos per fusce lectus elementum, ultricies ante morbi.

', 100);
INSERT INTO "Message" VALUES (22, '2013-05-03 20:00:00', 'Convallis nostra lobortis pretium aenean bibendum nullam; facilisi mattis ridiculus.

', 60);
INSERT INTO "Message" VALUES (29, '2012-01-01 23:00:00', 'Nostra elit luctus aenean eget sem rhoncus habitant auctor morbi.

', 70);
INSERT INTO "Message" VALUES (103, '2013-08-02 18:00:00', 'Sociosqu tristique sed ornare adipiscing molestie facilisi elementum - commodo morbi...

', 11);
INSERT INTO "Message" VALUES (98, '2013-04-08 15:00:00', 'In nisi volutpat nam platea ultricies ante varius, blandit congue.

', 41);
INSERT INTO "Message" VALUES (10, '2012-08-01 11:00:00', 'Magnis tempor inceptos semper tristique pretium ullamcorper molestie fames congue.

', 104);
INSERT INTO "Message" VALUES (76, '2013-09-01 17:00:00', 'Nostra dolor lacus aenean per sem; platea conubia et ligula?

', 1);
INSERT INTO "Message" VALUES (48, '2012-03-04 23:00:00', 'Natoque eu ipsum feugiat laoreet mollis commodo felis odio ligula...

', 56);
INSERT INTO "Message" VALUES (2, '2012-09-09 21:00:00', 'Neque quisque ad ut etiam vel - erat faucibus lacinia justo.

', 74);
INSERT INTO "Message" VALUES (104, '2013-01-08 22:00:00', 'Accumsan fusce mi enim molestie ac ante commodo ligula fermentum.

', 35);
INSERT INTO "Message" VALUES (82, '2012-08-04 18:00:00', 'Augue magnis sed ullamcorper rutrum sapien habitant, ante sit fermentum.

', 11);
INSERT INTO "Message" VALUES (9, '2012-01-04 15:00:00', 'Est aenean per sapien primis sagittis lectus faucibus, porttitor justo?

', 35);
INSERT INTO "Message" VALUES (46, '2012-03-03 14:00:00', 'Sociosqu semper malesuada himenaeos nam leo, facilisi dictum fermentum morbi.

', 84);
INSERT INTO "Message" VALUES (61, '2012-09-03 20:00:00', 'Habitasse cubilia Natoque euismod tellus hendrerit interdum, nisl odio congue!

', 29);
INSERT INTO "Message" VALUES (16, '2013-03-01 11:00:00', 'Taciti senectus Diam viverra porta risus feugiat nisl - et odio!

', 99);
INSERT INTO "Message" VALUES (70, '2013-04-09 16:00:00', 'Habitasse elit Inceptos tristique sollicitudin lobortis risus - eros a venenatis?

', 104);
INSERT INTO "Message" VALUES (15, '2012-09-07 21:00:00', 'Curae elit augue ad litora sed proin sociis sem rhoncus.

', 84);
INSERT INTO "Message" VALUES (11, '2012-02-01 12:00:00', 'Non class phasellus dictumst ac quam cum, tellus arcu ante.

', 91);
INSERT INTO "Message" VALUES (77, '2012-05-01 16:00:00', 'Cras montes Elit in fringilla etiam sociis sapien donec interdum.

', 8);
INSERT INTO "Message" VALUES (11, '2012-05-08 13:00:00', 'Convallis urna Sociosqu ad pellentesque pharetra pulvinar rhoncus mollis nisl!

', 38);
INSERT INTO "Message" VALUES (77, '2013-06-06 16:00:00', 'Vitae augue magnis curabitur sed massa viverra magna auctor dis?

', 70);
INSERT INTO "Message" VALUES (9, '2013-02-08 15:00:00', 'Libero magnis diam pretium vestibulum dis; tellus magna habitant lacinia.

', 90);
INSERT INTO "Message" VALUES (61, '2013-03-02 11:00:00', 'Libero magnis velit gravida tristique massa molestie aptent elementum ligula.

', 58);
INSERT INTO "Message" VALUES (35, '2013-07-03 12:00:00', 'Ut curabitur Tristique sollicitudin malesuada sociis metus; pharetra varius netus.

', 14);
INSERT INTO "Message" VALUES (45, '2013-05-02 16:00:00', 'Suspendisse cubilia ad ut rutrum enim dignissim - parturient eleifend fermentum!

', 95);
INSERT INTO "Message" VALUES (44, '2013-09-02 14:00:00', 'Suspendisse ad mi sagittis nullam posuere donec hac duis odio.

', 79);
INSERT INTO "Message" VALUES (56, '2013-02-07 22:00:00', 'Elit quisque dapibus integre dictumst vulputate nullam facilisis interdum fermentum.

', 67);
INSERT INTO "Message" VALUES (103, '2013-02-04 14:00:00', 'Lobortis vestibulum Nullam ac laoreet elementum, et auctor suscipit netus...

', 57);
INSERT INTO "Message" VALUES (6, '2012-04-08 10:00:00', 'Taciti luctus lacus erat nam mi metus: magna dictum blandit.

', 103);
INSERT INTO "Message" VALUES (10, '2013-02-03 15:00:00', 'Sociosqu dapibus torquent primis posuere hac facilisis: platea placerat venenatis.

', 82);
INSERT INTO "Message" VALUES (18, '2012-02-09 21:00:00', 'Convallis est Cras sociosqu lorem amet massa sodales, sem facilisi.

', 7);
INSERT INTO "Message" VALUES (67, '2013-01-02 14:00:00', 'Vehicula sociosqu nisi ullamcorper risus faucibus rhoncus imperdiet at blandit?

', 58);
INSERT INTO "Message" VALUES (44, '2013-07-06 15:00:00', 'Sociosqu fringilla nunc litora lobortis eros parturient; ultricies felis porttitor?

', 72);
INSERT INTO "Message" VALUES (11, '2012-08-01 15:00:00', 'Est augue Taciti magnis dolor inceptos faucibus ultrices: mattis mus...

', 44);
INSERT INTO "Message" VALUES (1, '2013-09-07 11:00:00', 'Convallis nisi tempus semper volutpat orci fusce platea ultrices habitant.

', 34);
INSERT INTO "Message" VALUES (107, '2012-04-08 19:00:00', 'Habitasse nisi quis tincidunt nam bibendum, lectus nullam praesent facilisi.

', 10);
INSERT INTO "Message" VALUES (8, '2012-07-05 19:00:00', 'Maecenas penatibus quisque massa vulputate ante commodo odio a lacinia.

', 100);
INSERT INTO "Message" VALUES (34, '2012-08-09 11:00:00', 'Habitasse sociosqu Potenti faucibus donec duis laoreet interdum et pharetra.

', 35);
INSERT INTO "Message" VALUES (10, '2013-09-01 13:00:00', 'Tortor fringilla Augue aliquet nibh erat eu nullam interdum aliquam.

', 91);
INSERT INTO "Message" VALUES (61, '2013-04-02 10:00:00', 'Nisi diam massa erat eget vestibulum - leo iaculis magna nisl...

', 38);
INSERT INTO "Message" VALUES (11, '2012-04-07 19:00:00', 'Convallis velit nascetur lacus sollicitudin nam sem: donec aptent nec.

', 8);
INSERT INTO "Message" VALUES (68, '2013-03-08 23:00:00', 'Sociosqu dolor aliquet torquent proin vestibulum bibendum ultricies vivamus sit.

', 44);
INSERT INTO "Message" VALUES (14, '2012-08-08 13:00:00', 'Curae vitae Cursus in augue senectus enim risus facilisis nec.

', 38);
INSERT INTO "Message" VALUES (62, '2013-07-07 22:00:00', 'Nostra velit Orci malesuada mi nullam nisl commodo varius eleifend.

', 11);
INSERT INTO "Message" VALUES (80, '2012-06-01 19:00:00', 'Vehicula potenti nisi taciti non velit eu risus varius fermentum?

', 30);
INSERT INTO "Message" VALUES (46, '2012-02-06 10:00:00', 'Nostra cras Quis tempor torquent etiam vestibulum leo: donec tellus?

', 103);
INSERT INTO "Message" VALUES (16, '2012-02-02 14:00:00', 'Augue neque senectus ad tincidunt dictumst condimentum nullam pulvinar auctor.

', 44);
INSERT INTO "Message" VALUES (1, '2013-01-07 15:00:00', 'Neque velit sed ullamcorper fusce viverra adipiscing: magna netus ligula...

', 67);
INSERT INTO "Message" VALUES (90, '2013-05-09 13:00:00', 'Habitasse cras lorem inceptos rutrum porta bibendum felis dui aliquam.

', 69);
INSERT INTO "Message" VALUES (91, '2013-03-07 10:00:00', 'Nostra libero quisque euismod ullamcorper dis metus laoreet ultricies fames.

', 67);
INSERT INTO "Message" VALUES (38, '2012-04-02 16:00:00', 'Scelerisque curabitur Sodales sagittis posuere pulvinar dignissim quam fames sit?

', 107);
INSERT INTO "Message" VALUES (39, '2012-09-04 13:00:00', 'Potenti sed massa nam placerat mollis nisl ante mus congue!

', 57);
INSERT INTO "Message" VALUES (104, '2013-09-09 10:00:00', 'Lorem luctus tempus pellentesque torquent erat adipiscing molestie; praesent et!

', 68);
INSERT INTO "Message" VALUES (22, '2013-08-06 19:00:00', 'Tortor amet Neque ut pellentesque vel; sapien ac rhoncus facilisis.

', 34);
INSERT INTO "Message" VALUES (90, '2012-08-07 16:00:00', 'Montes etiam per rutrum sapien enim lectus ac duis conubia...

', 79);
INSERT INTO "Message" VALUES (61, '2013-01-06 19:00:00', 'Fringilla suspendisse diam malesuada himenaeos leo, facilisi egestas commodo odio.

', 106);
INSERT INTO "Message" VALUES (15, '2013-02-08 10:00:00', 'Urna class Sollicitudin erat eu rhoncus; at ultrices odio sit.

', 99);
INSERT INTO "Message" VALUES (68, '2013-04-09 14:00:00', 'Penatibus nunc mauris mi aptent imperdiet ultricies felis auctor netus.

', 10);
INSERT INTO "Message" VALUES (80, '2012-01-01 18:00:00', 'Vitae semper sed euismod sociis ullamcorper eu id ante blandit.

', 39);
INSERT INTO "Message" VALUES (11, '2013-08-01 21:00:00', 'Montes cubilia Integre dolor phasellus euismod, at mus congue justo...

', 22);
INSERT INTO "Message" VALUES (58, '2013-08-01 22:00:00', 'Montes suspendisse magnis tellus dictum egestas: vivamus dui eleifend netus.

', 74);
INSERT INTO "Message" VALUES (80, '2012-08-07 20:00:00', 'Cubilia quis ad lacus sodales himenaeos imperdiet tellus; purus sit.

', 77);
INSERT INTO "Message" VALUES (78, '2012-01-06 21:00:00', 'Dictumst nibh Proin mauris rutrum fusce cum nec auctor ligula.

', 90);
INSERT INTO "Message" VALUES (57, '2012-02-03 20:00:00', 'Quis litora nibh lobortis consequat mi bibendum posuere facilisi eleifend?

', 79);
INSERT INTO "Message" VALUES (78, '2012-05-09 15:00:00', 'Convallis nostra in tempor lacus rhoncus aptent eros parturient blandit?

', 95);
INSERT INTO "Message" VALUES (7, '2012-07-04 12:00:00', 'Montes nunc Velit volutpat sapien hac quam - laoreet dictum nisl!

', 41);
INSERT INTO "Message" VALUES (77, '2013-03-04 16:00:00', 'Cubilia ad Accumsan class lobortis proin aenean; dis ligula fermentum...

', 67);
INSERT INTO "Message" VALUES (56, '2012-01-06 20:00:00', 'Sociosqu lorem Non ut dolor lobortis consequat dignissim magna commodo...

', 98);
INSERT INTO "Message" VALUES (90, '2013-01-08 21:00:00', 'Nostra vehicula natoque diam sodales sem leo dis nullam mattis.

', 46);
INSERT INTO "Message" VALUES (107, '2013-02-04 12:00:00', 'Sociosqu scelerisque quisque sem dis posuere adipiscing cum varius suscipit.

', 11);
INSERT INTO "Message" VALUES (82, '2012-05-09 15:00:00', 'Penatibus nibh per mi lectus facilisi imperdiet conubia interdum nec.

', 100);
INSERT INTO "Message" VALUES (15, '2013-06-09 21:00:00', 'Urna taciti dolor lobortis fusce dis, pulvinar ac dignissim donec.

', 68);
INSERT INTO "Message" VALUES (98, '2013-04-02 12:00:00', 'Montes augue dolor volutpat vel mi pharetra rhoncus platea justo.

', 88);
INSERT INTO "Message" VALUES (11, '2012-06-02 11:00:00', 'Magnis tristique vulputate etiam erat nullam faucibus tellus arcu ridiculus...

', 41);
INSERT INTO "Message" VALUES (2, '2012-02-04 12:00:00', 'Curae urna sociosqu potenti libero nisi malesuada hac duis platea...

', 9);
INSERT INTO "Message" VALUES (56, '2012-06-02 16:00:00', 'Maecenas cursus Nunc suspendisse torquent malesuada metus molestie nisl ultrices.

', 44);
INSERT INTO "Message" VALUES (72, '2012-01-02 22:00:00', 'Cursus taciti tincidunt nascetur nibh sagittis molestie - rhoncus feugiat vivamus?

', 15);
INSERT INTO "Message" VALUES (76, '2012-04-04 18:00:00', 'Dolor orci etiam mauris vestibulum pulvinar dignissim habitant egestas vivamus!

', 77);
INSERT INTO "Message" VALUES (57, '2012-09-05 17:00:00', 'Cursus in lacus massa consectetur vel rhoncus magna, fames ridiculus?

', 104);
INSERT INTO "Message" VALUES (99, '2012-05-04 22:00:00', 'Vehicula nisi Luctus class ipsum pulvinar laoreet; ultrices varius venenatis.

', 107);
INSERT INTO "Message" VALUES (60, '2012-01-01 18:00:00', 'Nostra vitae sociosqu dictumst euismod massa - faucibus facilisi platea ultricies...

', 8);
INSERT INTO "Message" VALUES (48, '2013-02-09 10:00:00', 'Lorem velit Volutpat rutrum fusce adipiscing molestie at elementum erat.

', 29);
INSERT INTO "Message" VALUES (90, '2013-04-05 22:00:00', 'Scelerisque luctus condimentum eget leo hendrerit commodo suscipit netus justo.

', 45);
INSERT INTO "Message" VALUES (56, '2013-09-05 16:00:00', 'Urna quis senectus quisque curabitur gravida rutrum fusce imperdiet fames.

', 69);
INSERT INTO "Message" VALUES (74, '2012-07-05 22:00:00', 'Tristique pretium orci leo sagittis adipiscing pulvinar; mollis praesent varius...

', 2);
INSERT INTO "Message" VALUES (46, '2013-01-06 16:00:00', 'Nisi cubilia non luctus condimentum torquent etiam viverra arcu id.

', 62);
INSERT INTO "Message" VALUES (38, '2012-03-03 22:00:00', 'Sociosqu Volutpat sem dis nullam adipiscing dignissim aptent egestas lacinia.

', 82);
INSERT INTO "Message" VALUES (1, '2012-05-08 20:00:00', 'In ut curabitur per sociis metus quam purus: interdum ridiculus?

', 79);
INSERT INTO "Message" VALUES (98, '2013-02-06 20:00:00', 'Vehicula amet quis ullamcorper mi dis, molestie hac odio netus.

', 77);
INSERT INTO "Message" VALUES (103, '2013-08-02 14:00:00', 'Maecenas natoque Euismod proin eu sapien lectus eros: ante mattis.

', 100);
INSERT INTO "Message" VALUES (6, '2012-08-06 14:00:00', 'Cubilia nascetur consectetur vel consequat bibendum pharetra feugiat, turpis nullam!

', 18);
INSERT INTO "Message" VALUES (62, '2013-02-03 18:00:00', 'Urna taciti neque quis porta rhoncus ante mus - aliquam lacinia?

', 15);
INSERT INTO "Message" VALUES (46, '2012-04-04 22:00:00', 'Tortor cras elit taciti nascetur sed nibh dis donec placerat?

', 39);
INSERT INTO "Message" VALUES (69, '2012-03-09 22:00:00', 'Maecenas in amet luctus natoque integre torquent sem feugiat laoreet...

', 84);
INSERT INTO "Message" VALUES (6, '2013-06-01 23:00:00', 'Maecenas potenti libero scelerisque volutpat sapien, lectus cum varius morbi...

', 104);
INSERT INTO "Message" VALUES (22, '2012-01-08 13:00:00', 'Magnis phasellus Erat ullamcorper porta bibendum molestie nisl venenatis ligula.

', 68);
INSERT INTO "Message" VALUES (15, '2013-04-07 19:00:00', 'Nunc suspendisse Magnis phasellus vestibulum fames et mattis - felis eleifend.

', 22);
INSERT INTO "Message" VALUES (67, '2013-09-05 21:00:00', 'Nostra nunc Senectus etiam mauris enim donec conubia habitant varius!

', 10);
INSERT INTO "Message" VALUES (46, '2012-07-08 15:00:00', 'Fringilla magnis volutpat aliquet sapien porta risus - interdum mattis fermentum.

', 82);
INSERT INTO "Message" VALUES (29, '2012-06-06 14:00:00', 'Sociosqu dictumst lobortis ullamcorper id facilisis hendrerit: habitant ante fermentum.

', 107);
INSERT INTO "Message" VALUES (56, '2013-05-07 22:00:00', 'Euismod condimentum mauris nam pharetra molestie feugiat turpis habitant odio?

', 29);
INSERT INTO "Message" VALUES (110, '2013-04-02 15:00:00', 'Montes luctus quisque ad accumsan himenaeos ipsum rhoncus imperdiet blandit.

', 7);
INSERT INTO "Message" VALUES (104, '2012-07-01 10:00:00', 'Sociosqu ad inceptos gravida sollicitudin nibh ipsum viverra dignissim commodo!

', 22);
INSERT INTO "Message" VALUES (99, '2013-05-06 23:00:00', 'Urna montes nisi natoque pretium rhoncus ultricies a lacinia morbi...

', 57);
INSERT INTO "Message" VALUES (10, '2013-01-01 18:00:00', 'Curae tortor torquent sapien hac platea at habitant eleifend ligula!

', 84);
INSERT INTO "Message" VALUES (107, '2013-07-03 18:00:00', 'In non senectus velit class aenean sem rhoncus aptent dictum.

', 9);
INSERT INTO "Message" VALUES (99, '2013-09-03 13:00:00', 'Penatibus taciti luctus gravida euismod etiam nam metus quam porttitor.

', 29);
INSERT INTO "Message" VALUES (91, '2013-08-02 23:00:00', 'Curae vitae vehicula tempor euismod eget sapien hac eleifend fermentum?

', 97);
INSERT INTO "Message" VALUES (91, '2013-05-09 12:00:00', 'Amet natoque integre malesuada vestibulum mi leo nullam mattis suscipit.

', 95);
INSERT INTO "Message" VALUES (67, '2012-04-05 20:00:00', 'Libero augue ut eget vestibulum sem: porta sagittis auctor congue.

', 104);
INSERT INTO "Message" VALUES (98, '2012-01-01 15:00:00', 'Vitae quisque inceptos ipsum pharetra molestie ac facilisis, ultrices odio?

', 70);
INSERT INTO "Message" VALUES (2, '2013-08-01 14:00:00', 'Vehicula quisque Tempus sodales malesuada faucibus: aptent cum et venenatis...

', 76);
INSERT INTO "Message" VALUES (6, '2012-01-08 16:00:00', 'Penatibus nostra cursus mauris sociis sem ipsum: viverra feugiat suscipit.

', 99);
INSERT INTO "Message" VALUES (56, '2012-08-04 19:00:00', 'Accumsan inceptos pretium torquent molestie facilisi facilisis conubia dictum ultrices?

', 29);
INSERT INTO "Message" VALUES (76, '2012-02-03 13:00:00', 'Penatibus Elit sollicitudin massa nam metus imperdiet - turpis interdum et.

', 34);
INSERT INTO "Message" VALUES (57, '2012-08-03 10:00:00', 'Penatibus habitasse quis velit pretium eget hac tellus purus porttitor!

', 46);
INSERT INTO "Message" VALUES (16, '2013-04-02 18:00:00', 'Convallis tempor sem dis hac mollis: et mattis venenatis lacinia.

', 1);
INSERT INTO "Message" VALUES (57, '2013-07-03 22:00:00', 'Sociosqu cubilia augue inceptos dictumst vulputate facilisi laoreet mollis ridiculus.

', 90);
INSERT INTO "Message" VALUES (46, '2012-05-06 13:00:00', 'Curae tempor Condimentum sapien sagittis posuere interdum ultrices sit ligula.

', 80);
INSERT INTO "Message" VALUES (78, '2012-09-08 18:00:00', 'Vehicula fringilla nisi ullamcorper sem adipiscing fames - congue aliquam fermentum?

', 38);
INSERT INTO "Message" VALUES (22, '2013-09-06 15:00:00', 'Lorem fringilla lobortis per fusce eu nullam ac duis feugiat?

', 61);
INSERT INTO "Message" VALUES (98, '2012-03-03 20:00:00', 'In fringilla inceptos sociis bibendum placerat at turpis ultrices morbi.

', 62);
INSERT INTO "Message" VALUES (15, '2013-05-06 20:00:00', 'Sociosqu taciti non tincidunt nibh condimentum torquent, hac facilisis laoreet.

', 16);
INSERT INTO "Message" VALUES (2, '2013-07-08 17:00:00', 'Curae nostra diam velit nulla adipiscing dignissim imperdiet nisl dui?

', 69);
INSERT INTO "Message" VALUES (77, '2012-01-09 20:00:00', 'Urna quis gravida pretium per erat lectus duis facilisis arcu.

', 14);
INSERT INTO "Message" VALUES (15, '2012-05-01 23:00:00', 'Suspendisse nisi tincidunt dictumst vel ullamcorper: consequat tellus ultricies netus.

', 10);
INSERT INTO "Message" VALUES (44, '2013-01-07 22:00:00', 'Curabitur pretium Per ullamcorper ornare elementum egestas blandit a venenatis.

', 95);
INSERT INTO "Message" VALUES (39, '2013-03-04 22:00:00', 'Quisque gravida dictumst mi pulvinar platea - iaculis dictum turpis habitant.

', 99);
INSERT INTO "Message" VALUES (58, '2013-09-03 21:00:00', 'Maecenas curae Est nisi curabitur aliquet lectus et ante auctor.

', 100);
INSERT INTO "Message" VALUES (44, '2012-03-07 19:00:00', 'Penatibus aliquet Ornare risus pharetra dictum vivamus dui suscipit ante...

', 72);
INSERT INTO "Message" VALUES (8, '2013-09-04 14:00:00', 'Urna fringilla himenaeos erat dis molestie - mollis blandit suscipit justo.

', 10);
INSERT INTO "Message" VALUES (67, '2012-03-05 14:00:00', 'Cursus volutpat id tellus iaculis habitant egestas; felis a fermentum.

', 29);
INSERT INTO "Message" VALUES (8, '2012-03-09 22:00:00', 'In ut accumsan nibh per aptent cum habitant a lacinia?

', 82);
INSERT INTO "Message" VALUES (16, '2012-01-01 13:00:00', 'Sociosqu neque lacus etiam porta faucibus: egestas et venenatis ridiculus?

', 90);
INSERT INTO "Message" VALUES (62, '2012-08-04 20:00:00', 'Potenti quisque Class sed condimentum lobortis eros placerat hendrerit ridiculus.

', 16);
INSERT INTO "Message" VALUES (57, '2013-07-09 10:00:00', 'Non senectus integre dictumst vulputate fusce et dui eleifend porttitor!

', 38);
INSERT INTO "Message" VALUES (9, '2012-05-04 11:00:00', 'Est amet curabitur semper pellentesque massa cum at dictum ultricies...

', 97);
INSERT INTO "Message" VALUES (77, '2012-07-05 16:00:00', 'Cras cubilia senectus tempor inceptos massa vulputate sociis - felis ridiculus.

', 8);
INSERT INTO "Message" VALUES (2, '2013-09-02 11:00:00', 'Convallis vestibulum dis conubia dictum praesent fames mattis vivamus suscipit.

', 7);
INSERT INTO "Message" VALUES (1, '2012-03-03 11:00:00', 'Curae cursus Libero diam accumsan inceptos etiam: enim laoreet porttitor...

', 38);
INSERT INTO "Message" VALUES (107, '2012-01-04 23:00:00', 'Libero nisi nulla pellentesque sodales vulputate erat imperdiet, arcu nec.

', 48);
INSERT INTO "Message" VALUES (76, '2012-06-05 11:00:00', 'Cursus scelerisque non rutrum enim pulvinar eros feugiat conubia ultricies.

', 78);
INSERT INTO "Message" VALUES (82, '2012-03-06 18:00:00', 'Maecenas non dapibus ut eget nullam id dignissim at magna!

', 80);
INSERT INTO "Message" VALUES (58, '2012-04-03 10:00:00', 'Maecenas est cras augue quis sed lobortis - himenaeos eu molestie.

', 22);
INSERT INTO "Message" VALUES (104, '2012-03-07 22:00:00', 'Penatibus vitae cras in euismod ipsum risus magna parturient justo.

', 1);
INSERT INTO "Message" VALUES (106, '2013-09-08 19:00:00', 'Habitasse elit neque condimentum erat sagittis risus duis, nec congue?

', 80);
INSERT INTO "Message" VALUES (107, '2012-04-06 12:00:00', 'Penatibus luctus natoque quis integre orci erat fusce varius morbi?

', 104);
INSERT INTO "Message" VALUES (11, '2012-01-04 15:00:00', 'Maecenas amet fringilla magnis eu primis metus ac, sit lacinia.

', 90);
INSERT INTO "Message" VALUES (103, '2013-05-03 10:00:00', 'Amet litora condimentum lobortis proin aptent conubia nisl: fames ligula?

', 70);
INSERT INTO "Message" VALUES (38, '2012-08-05 11:00:00', 'Nostra potenti Nisi dapibus gravida posuere: laoreet varius blandit aliquam.

', 104);
INSERT INTO "Message" VALUES (15, '2012-03-05 23:00:00', 'Vitae nisi magnis semper volutpat condimentum; rhoncus cum imperdiet ultricies.

', 78);
INSERT INTO "Message" VALUES (16, '2012-09-01 15:00:00', 'Cursus suspendisse ut ullamcorper vestibulum dis sagittis - rhoncus dignissim parturient...

', 76);
INSERT INTO "Message" VALUES (10, '2013-03-06 15:00:00', 'Luctus accumsan Tristique sociis ullamcorper lectus purus ante mattis varius.

', 45);
INSERT INTO "Message" VALUES (10, '2012-01-02 12:00:00', 'Curae integre Massa vel lectus pulvinar id tellus mattis lacinia.

', 30);
INSERT INTO "Message" VALUES (79, '2012-08-01 12:00:00', 'Penatibus tincidunt tristique lacus fusce adipiscing duis at sit fermentum.

', 104);
INSERT INTO "Message" VALUES (58, '2013-07-09 21:00:00', 'Habitasse luctus tempus sollicitudin vel pulvinar id imperdiet magna ante.

', 16);
INSERT INTO "Message" VALUES (2, '2013-07-05 13:00:00', 'Tortor ut sollicitudin sed pretium risus eros at parturient morbi!

', 61);
INSERT INTO "Message" VALUES (38, '2012-02-07 20:00:00', 'Taciti quisque velit aliquet sodales consectetur sociis praesent egestas blandit...

', 29);
INSERT INTO "Message" VALUES (61, '2012-04-09 21:00:00', 'Non quisque accumsan bibendum adipiscing laoreet iaculis commodo: nec auctor.

', 38);
INSERT INTO "Message" VALUES (97, '2013-02-08 22:00:00', 'Tortor potenti curabitur pellentesque primis posuere dignissim hac facilisis habitant.

', 91);
INSERT INTO "Message" VALUES (61, '2013-01-06 17:00:00', 'Condimentum per vestibulum eu enim molestie ac; interdum et dui?

', 90);
INSERT INTO "Message" VALUES (22, '2013-02-04 20:00:00', 'Diam nulla Malesuada proin himenaeos sociis eu: ipsum sagittis donec?

', 30);
INSERT INTO "Message" VALUES (10, '2013-06-01 15:00:00', 'Magnis senectus ut tempor semper lacus viverra hac, ultrices ligula.

', 110);
INSERT INTO "Message" VALUES (35, '2013-03-02 12:00:00', 'Aenean rutrum porta sagittis molestie facilisi dignissim hac praesent ante.

', 7);
INSERT INTO "Message" VALUES (60, '2012-09-02 13:00:00', 'Sociosqu augue fusce enim porta magna: habitant blandit eleifend ligula.

', 57);
INSERT INTO "Message" VALUES (100, '2013-08-09 22:00:00', 'Tortor tincidunt dolor sollicitudin sodales etiam ullamcorper ornare viverra morbi...

', 57);
INSERT INTO "Message" VALUES (14, '2013-09-08 13:00:00', 'Sociosqu amet nisi ullamcorper sem ipsum - leo posuere duis laoreet?

', 95);
INSERT INTO "Message" VALUES (80, '2013-06-01 21:00:00', 'Taciti integre nascetur aliquet rutrum mi iaculis ante, varius lacinia.

', 22);
INSERT INTO "Message" VALUES (97, '2013-01-09 23:00:00', 'Velit tempus nulla inceptos sollicitudin condimentum primis quam turpis lacinia?

', 106);
INSERT INTO "Message" VALUES (84, '2012-09-05 12:00:00', 'Lorem amet nunc gravida proin aenean consequat - pharetra cum iaculis.

', 8);
INSERT INTO "Message" VALUES (74, '2012-07-07 21:00:00', 'Scelerisque tempus Proin sagittis nullam donec - et dui varius suscipit.

', 2);
INSERT INTO "Message" VALUES (39, '2012-03-07 21:00:00', 'Est luctus dictumst lobortis vel nam eget rutrum ligula porttitor.

', 69);
INSERT INTO "Message" VALUES (68, '2013-06-02 16:00:00', 'Urna nostra montes consectetur vel eu placerat at purus porttitor?

', 16);
INSERT INTO "Message" VALUES (72, '2012-06-08 17:00:00', 'Tortor cursus potenti nisi consequat mi; porta sagittis commodo ligula.

', 45);
INSERT INTO "Message" VALUES (78, '2013-06-05 10:00:00', 'Penatibus urna integre accumsan euismod sociis praesent habitant; nec morbi!

', 48);
INSERT INTO "Message" VALUES (2, '2013-03-03 13:00:00', 'Habitasse Scelerisque ut tempor euismod lectus ac conubia turpis eleifend.

', 39);


--
-- Name: Message_ReceiverCustomerUserID_seq; Type: SEQUENCE SET; Schema: public; Owner: postgres
--

SELECT pg_catalog.setval('"Message_ReceiverCustomerUserID_seq"', 1, false);


--
-- Name: Message_SenderCustomerUserID_seq; Type: SEQUENCE SET; Schema: public; Owner: postgres
--

SELECT pg_catalog.setval('"Message_SenderCustomerUserID_seq"', 1, false);


--
-- Data for Name: Provides; Type: TABLE DATA; Schema: public; Owner: postgres
--

INSERT INTO "Provides" VALUES (81, 223, 45, '1000011', '16:00:00', '19:30:00', 'Janmesh Pet Sitters', 993, 0, NULL);
INSERT INTO "Provides" VALUES (63, 238, 43, '0011100', '14:00:00', '23:00:00', 'Gandharva Landscaping', 629, 5, NULL);
INSERT INTO "Provides" VALUES (81, 83, 34, '0110100', '10:00:00', '21:30:00', 'Janmesh Home Automation', 293, 5, NULL);
INSERT INTO "Provides" VALUES (33, 164, 36, '0010110', '15:30:00', '19:00:00', 'Janhavi Water Delivery', 922, 5, NULL);
INSERT INTO "Provides" VALUES (100, 381, 31, '1101000', '13:00:00', '15:30:00', 'Mahesh Hospice', 438, 3, NULL);
INSERT INTO "Provides" VALUES (21, 374, 11, '1010001', '12:00:00', '17:30:00', 'Firaki Blood Banks', 857, 1, NULL);
INSERT INTO "Provides" VALUES (36, 88, 6, '0001101', '13:30:00', '20:30:00', 'Ketana Home Staging', 737, 1, NULL);
INSERT INTO "Provides" VALUES (95, 381, 7, '1100100', '17:00:00', '19:00:00', 'Lord Shiva Hospice', 337, 1, NULL);
INSERT INTO "Provides" VALUES (75, 205, 4, '1010010', '11:30:00', '12:00:00', 'Jaganarayan Limo Services', 536, 5, NULL);
INSERT INTO "Provides" VALUES (23, 181, 40, '0101100', '19:30:00', '22:30:00', 'Gauri Car Accessories', 744, 2, NULL);
INSERT INTO "Provides" VALUES (14, 28, 2, '0010110', '12:30:00', '23:30:00', 'Dhwani Ceramic Tile', 252, 2, NULL);
INSERT INTO "Provides" VALUES (95, 250, 18, '0010101', '15:00:00', '23:00:00', 'Lord Shiva Marinas', 995, 0, NULL);
INSERT INTO "Provides" VALUES (45, 223, 11, '1100001', '12:30:00', '23:30:00', 'Mahalakshmi Pet Sitters', 843, 0, NULL);
INSERT INTO "Provides" VALUES (85, 225, 39, '1011000', '14:00:00', '20:00:00', 'Kaylor Pet Grooming', 250, 5, NULL);
INSERT INTO "Provides" VALUES (15, 221, 23, '1011000', '11:00:00', '15:30:00', 'Dipu Kennels', 469, 2, NULL);
INSERT INTO "Provides" VALUES (98, 172, 21, '0100110', '14:30:00', '17:00:00', 'Mahaddev Window Treatments', 559, 1, NULL);
INSERT INTO "Provides" VALUES (80, 13, 12, '0000111', '11:30:00', '18:00:00', 'Janakiraman Bathtub Refinishing', 581, 5, NULL);
INSERT INTO "Provides" VALUES (15, 159, 6, '1001001', '14:30:00', '18:00:00', 'Dipu VCR Repair', 605, 4, NULL);
INSERT INTO "Provides" VALUES (70, 196, 21, '1000101', '12:00:00', '21:30:00', 'Hrydesh Motorcycle Repair', 572, 3, NULL);
INSERT INTO "Provides" VALUES (100, 232, 23, '1000101', '12:30:00', '19:00:00', 'Mahesh Fencing', 538, 1, NULL);
INSERT INTO "Provides" VALUES (39, 49, 50, '1000101', '12:00:00', '16:00:00', 'Lavanya Drapery Cleaning', 466, 5, NULL);
INSERT INTO "Provides" VALUES (47, 230, 37, '1010010', '10:00:00', '20:00:00', 'Ojal Decks', 523, 1, NULL);
INSERT INTO "Provides" VALUES (79, 247, 31, '1101000', '14:00:00', '14:30:00', 'Jalendu Roto Tilling', 529, 3, NULL);
INSERT INTO "Provides" VALUES (75, 187, 43, '0110100', '11:00:00', '12:30:00', 'Jaganarayan Car Transport', 865, 3, NULL);
INSERT INTO "Provides" VALUES (21, 31, 25, '0000111', '11:30:00', '12:00:00', 'Firaki Chimney Repair', 970, 0, NULL);
INSERT INTO "Provides" VALUES (79, 165, 22, '1100010', '10:00:00', '15:30:00', 'Jalendu Water Heaters', 248, 1, NULL);
INSERT INTO "Provides" VALUES (39, 147, 20, '1100010', '12:00:00', '20:30:00', 'Lavanya Stamped Concrete', 891, 3, NULL);
INSERT INTO "Provides" VALUES (94, 53, 10, '0100011', '18:30:00', '19:00:00', 'Lokesh Earthquake Retrofitting', 782, 4, NULL);
INSERT INTO "Provides" VALUES (23, 73, 33, '0010011', '10:00:00', '22:30:00', 'Gauri Glass Repair', 744, 0, NULL);
INSERT INTO "Provides" VALUES (21, 195, 20, '0100011', '13:30:00', '17:00:00', 'Firaki Van Rentals', 813, 1, NULL);
INSERT INTO "Provides" VALUES (45, 233, 37, '0010011', '13:30:00', '23:00:00', 'Mahalakshmi Fountains', 619, 2, NULL);
INSERT INTO "Provides" VALUES (75, 170, 5, '0100110', '18:30:00', '22:30:00', 'Jaganarayan Window Cleaning', 680, 5, NULL);
INSERT INTO "Provides" VALUES (79, 381, 2, '0111000', '20:00:00', '20:30:00', 'Jalendu Hospice', 478, 0, NULL);
INSERT INTO "Provides" VALUES (10, 171, 21, '0101010', '12:00:00', '22:30:00', 'Bhairavi Window Tinting', 876, 2, NULL);
INSERT INTO "Provides" VALUES (36, 248, 5, '0100101', '12:00:00', '13:30:00', 'Ketana Snow Removal', 538, 1, NULL);
INSERT INTO "Provides" VALUES (79, 138, 38, '1010100', '16:30:00', '20:00:00', 'Jalendu Security Windows', 997, 2, NULL);
INSERT INTO "Provides" VALUES (21, 35, 19, '1001001', '11:30:00', '13:30:00', 'Firaki Closet Systems', 546, 2, NULL);
INSERT INTO "Provides" VALUES (21, 171, 46, '0111000', '16:30:00', '20:30:00', 'Firaki Window Tinting', 218, 5, NULL);
INSERT INTO "Provides" VALUES (24, 123, 14, '0111000', '15:00:00', '19:00:00', 'Hiral Picture Framing', 309, 0, NULL);
INSERT INTO "Provides" VALUES (70, 38, 46, '0001011', '19:00:00', '20:00:00', 'Hrydesh Computer Training', 944, 2, NULL);
INSERT INTO "Provides" VALUES (71, 204, 36, '0100011', '11:30:00', '17:30:00', 'Indradutt Florists', 995, 5, NULL);
INSERT INTO "Provides" VALUES (74, 248, 2, '0011010', '16:00:00', '17:00:00', 'Ishpreet Snow Removal', 715, 1, NULL);
INSERT INTO "Provides" VALUES (22, 246, 2, '1001001', '13:30:00', '16:30:00', 'Gangi Pool Cleaners', 803, 3, NULL);
INSERT INTO "Provides" VALUES (25, 375, 27, '1001100', '17:30:00', '22:30:00', 'Ina Blood Labs', 545, 1, NULL);
INSERT INTO "Provides" VALUES (40, 237, 23, '0100011', '13:00:00', '22:30:00', 'Likhitha Land Surveyor', 451, 5, NULL);
INSERT INTO "Provides" VALUES (41, 374, 15, '0000111', '11:00:00', '19:30:00', 'Lola Blood Banks', 215, 1, NULL);
INSERT INTO "Provides" VALUES (18, 399, 37, '1101000', '11:00:00', '13:30:00', 'Elina Copies', 255, 4, NULL);
INSERT INTO "Provides" VALUES (32, 119, 21, '0110010', '10:00:00', '21:00:00', 'Jamini Phone Sales', 317, 0, NULL);
INSERT INTO "Provides" VALUES (65, 249, 6, '1001010', '18:30:00', '20:30:00', 'Gaurav Tree Service', 531, 4, NULL);
INSERT INTO "Provides" VALUES (71, 115, 35, '0100011', '14:30:00', '20:00:00', 'Indradutt Oriental Rug Cleaning', 869, 2, NULL);
INSERT INTO "Provides" VALUES (94, 190, 6, '0100110', '12:30:00', '18:30:00', 'Lokesh Muffler Repair', 321, 4, NULL);
INSERT INTO "Provides" VALUES (81, 381, 6, '0010110', '10:00:00', '20:30:00', 'Janmesh Hospice', 845, 5, NULL);
INSERT INTO "Provides" VALUES (59, 133, 27, '0110010', '17:00:00', '20:30:00', 'Duranjaya Roof Snow Removal', 326, 1, NULL);
INSERT INTO "Provides" VALUES (36, 131, 24, '1010100', '16:00:00', '17:00:00', 'Ketana Replacement Windows', 921, 1, NULL);
INSERT INTO "Provides" VALUES (95, 23, 38, '1000110', '18:30:00', '20:30:00', 'Lord Shiva Carpenter', 828, 3, NULL);
INSERT INTO "Provides" VALUES (41, 143, 2, '1000101', '15:30:00', '20:00:00', 'Lola Siding', 320, 3, NULL);
INSERT INTO "Provides" VALUES (100, 191, 0, '0101100', '10:00:00', '22:00:00', 'Mahesh Radiator Service', 906, 2, NULL);
INSERT INTO "Provides" VALUES (80, 231, 14, '0001011', '11:30:00', '14:30:00', 'Janakiraman Dock Building', 652, 0, NULL);
INSERT INTO "Provides" VALUES (85, 221, 36, '0110001', '14:30:00', '15:00:00', 'Kaylor Kennels', 227, 2, NULL);
INSERT INTO "Provides" VALUES (23, 82, 16, '0111000', '10:30:00', '12:00:00', 'Gauri Home & Garage Organization', 898, 0, NULL);
INSERT INTO "Provides" VALUES (38, 18, 42, '0110001', '20:00:00', '21:00:00', 'Laksha Buffing & Polishing', 206, 0, NULL);
INSERT INTO "Provides" VALUES (36, 54, 47, '0100011', '11:30:00', '16:00:00', 'Ketana Egress Windows', 941, 1, NULL);
INSERT INTO "Provides" VALUES (94, 159, 34, '0111000', '18:00:00', '22:00:00', 'Lokesh VCR Repair', 885, 4, NULL);
INSERT INTO "Provides" VALUES (86, 80, 6, '1110000', '14:00:00', '15:30:00', 'Keshav Heating & Air Conditioning/HVAC', 456, 5, NULL);
INSERT INTO "Provides" VALUES (45, 87, 3, '1010001', '11:30:00', '15:30:00', 'Mahalakshmi Home Security Systems', 310, 4, NULL);
INSERT INTO "Provides" VALUES (32, 43, 25, '0100011', '12:30:00', '20:30:00', 'Jamini Countertops', 510, 2, NULL);
INSERT INTO "Provides" VALUES (26, 107, 12, '1001100', '10:00:00', '18:30:00', 'Indrayani Mattresses', 632, 2, NULL);
INSERT INTO "Provides" VALUES (100, 112, 32, '0110100', '12:00:00', '15:00:00', 'Mahesh Moving Companies', 852, 1, NULL);
INSERT INTO "Provides" VALUES (41, 183, 33, '0111000', '12:30:00', '16:00:00', 'Lola Car Rentals', 830, 0, NULL);
INSERT INTO "Provides" VALUES (80, 191, 39, '1000101', '17:30:00', '22:30:00', 'Janakiraman Radiator Service', 938, 0, NULL);
INSERT INTO "Provides" VALUES (75, 387, 22, '0110100', '12:00:00', '17:00:00', 'Jaganarayan Retail Health Clinics', 617, 4, NULL);
INSERT INTO "Provides" VALUES (45, 100, 34, '1110000', '13:00:00', '19:30:00', 'Mahalakshmi Lead Paint Removal', 484, 1, NULL);
INSERT INTO "Provides" VALUES (81, 69, 32, '1001100', '10:30:00', '11:00:00', 'Janmesh Gas Grill Repair', 533, 0, NULL);
INSERT INTO "Provides" VALUES (51, 25, 27, '0001011', '17:30:00', '23:00:00', 'Chandresh Carpet Installation', 582, 0, NULL);
INSERT INTO "Provides" VALUES (80, 18, 26, '1100010', '11:00:00', '12:00:00', 'Janakiraman Buffing & Polishing', 991, 5, NULL);
INSERT INTO "Provides" VALUES (38, 16, 33, '1001010', '12:30:00', '22:00:00', 'Laksha Biohazard Cleanup', 320, 3, NULL);
INSERT INTO "Provides" VALUES (20, 225, 13, '0110001', '16:30:00', '21:00:00', 'Falak Pet Grooming', 777, 5, NULL);
INSERT INTO "Provides" VALUES (27, 143, 45, '1000101', '12:30:00', '21:00:00', 'Indukala Siding', 620, 0, NULL);
INSERT INTO "Provides" VALUES (74, 209, 26, '0110001', '13:30:00', '22:00:00', 'Ishpreet Personal Chef', 707, 4, NULL);
INSERT INTO "Provides" VALUES (65, 233, 27, '0110001', '20:00:00', '22:00:00', 'Gaurav Fountains', 939, 2, NULL);
INSERT INTO "Provides" VALUES (81, 57, 27, '1000110', '15:30:00', '20:30:00', 'Janmesh Energy Audit', 561, 4, NULL);
INSERT INTO "Provides" VALUES (71, 96, 29, '1001001', '16:30:00', '17:30:00', 'Indradutt Internet Service', 392, 4, NULL);
INSERT INTO "Provides" VALUES (24, 188, 24, '1011000', '18:30:00', '22:30:00', 'Hiral Car Washes', 902, 1, NULL);
INSERT INTO "Provides" VALUES (92, 24, 40, '0110010', '10:00:00', '11:30:00', 'Lalitesh Carpet Cleaners', 774, 4, NULL);
INSERT INTO "Provides" VALUES (55, 117, 40, '1001100', '11:00:00', '22:30:00', 'Dilip Pest Control', 566, 4, NULL);
INSERT INTO "Provides" VALUES (96, 48, 43, '1010010', '19:30:00', '20:30:00', 'Madhujit Drain Pipe', 636, 5, NULL);
INSERT INTO "Provides" VALUES (51, 36, 47, '0110001', '20:30:00', '23:00:00', 'Chandresh Computer Repair', 616, 2, NULL);
INSERT INTO "Provides" VALUES (100, 47, 7, '0101010', '15:30:00', '19:00:00', 'Mahesh Drain Cleaning', 976, 3, NULL);
INSERT INTO "Provides" VALUES (59, 67, 12, '0001101', '11:00:00', '18:30:00', 'Duranjaya Garage Doors', 785, 1, NULL);
INSERT INTO "Provides" VALUES (69, 169, 15, '0011100', '18:30:00', '20:00:00', 'Hridyanshu Wells', 401, 3, NULL);
INSERT INTO "Provides" VALUES (85, 35, 19, '1100001', '10:00:00', '21:00:00', 'Kaylor Closet Systems', 997, 3, NULL);
INSERT INTO "Provides" VALUES (48, 31, 48, '1101000', '15:30:00', '16:00:00', 'Omkareshwari Chimney Repair', 816, 5, NULL);
INSERT INTO "Provides" VALUES (71, 137, 0, '0001011', '12:00:00', '19:00:00', 'Indradutt Screen Repair', 298, 4, NULL);
INSERT INTO "Provides" VALUES (94, 66, 12, '1000101', '11:00:00', '23:00:00', 'Lokesh Garage Builders', 682, 4, NULL);
INSERT INTO "Provides" VALUES (52, 181, 28, '0011100', '10:00:00', '20:00:00', 'Charanjit Car Accessories', 293, 0, NULL);
INSERT INTO "Provides" VALUES (38, 121, 2, '0111000', '14:00:00', '23:00:00', 'Laksha Piano Moving', 942, 3, NULL);
INSERT INTO "Provides" VALUES (70, 84, 49, '0001011', '18:30:00', '22:30:00', 'Hrydesh Home Builders', 425, 0, NULL);
INSERT INTO "Provides" VALUES (65, 218, 17, '0001110', '12:30:00', '17:30:00', 'Gaurav Dog Fence', 234, 4, NULL);
INSERT INTO "Provides" VALUES (47, 64, 4, '0010101', '11:30:00', '22:00:00', 'Ojal Furniture Repair', 429, 3, NULL);
INSERT INTO "Provides" VALUES (52, 14, 36, '0010101', '14:00:00', '18:30:00', 'Charanjit Billiard Table Repair', 274, 4, NULL);
INSERT INTO "Provides" VALUES (71, 9, 46, '1100010', '11:00:00', '17:00:00', 'Indradutt Banks', 733, 3, NULL);
INSERT INTO "Provides" VALUES (16, 234, 16, '1000011', '16:30:00', '22:00:00', 'Divya Greenhouses', 250, 0, NULL);
INSERT INTO "Provides" VALUES (75, 20, 47, '1010001', '13:00:00', '17:30:00', 'Jaganarayan Cable TV Service', 999, 3, NULL);
INSERT INTO "Provides" VALUES (14, 150, 48, '0001011', '10:00:00', '21:00:00', 'Dhwani Sunrooms', 505, 3, NULL);
INSERT INTO "Provides" VALUES (36, 250, 8, '0001110', '10:00:00', '16:00:00', 'Ketana Marinas', 469, 0, NULL);
INSERT INTO "Provides" VALUES (38, 397, 12, '1001010', '10:30:00', '11:00:00', 'Laksha Buying Services', 429, 1, NULL);
INSERT INTO "Provides" VALUES (78, 181, 8, '1010100', '18:00:00', '18:30:00', 'Jakarious Car Accessories', 341, 4, NULL);
INSERT INTO "Provides" VALUES (15, 374, 49, '0010101', '14:00:00', '22:30:00', 'Dipu Blood Banks', 679, 1, NULL);
INSERT INTO "Provides" VALUES (51, 28, 13, '0011010', '11:30:00', '16:30:00', 'Chandresh Ceramic Tile', 494, 4, NULL);
INSERT INTO "Provides" VALUES (27, 165, 34, '0110001', '10:00:00', '20:30:00', 'Indukala Water Heaters', 733, 2, NULL);
INSERT INTO "Provides" VALUES (33, 66, 37, '0011100', '18:00:00', '21:00:00', 'Janhavi Garage Builders', 446, 3, NULL);
INSERT INTO "Provides" VALUES (48, 123, 24, '0110100', '12:30:00', '16:00:00', 'Omkareshwari Picture Framing', 732, 0, NULL);
INSERT INTO "Provides" VALUES (79, 5, 38, '0011100', '15:30:00', '16:30:00', 'Jalendu Architect', 932, 3, NULL);
INSERT INTO "Provides" VALUES (96, 172, 33, '0111000', '10:00:00', '19:30:00', 'Madhujit Window Treatments', 770, 0, NULL);
INSERT INTO "Provides" VALUES (33, 240, 16, '0110010', '10:00:00', '16:30:00', 'Janhavi Lawn Service', 338, 4, NULL);
INSERT INTO "Provides" VALUES (32, 157, 1, '0110010', '13:00:00', '13:30:00', 'Jamini Upholstery Cleaning', 971, 1, NULL);
INSERT INTO "Provides" VALUES (39, 83, 0, '0010110', '10:30:00', '20:30:00', 'Lavanya Home Automation', 214, 5, NULL);
INSERT INTO "Provides" VALUES (35, 200, 38, '0110001', '11:00:00', '14:00:00', 'Keshi Calligraphy', 486, 3, NULL);
INSERT INTO "Provides" VALUES (45, 202, 45, '0110010', '10:00:00', '13:00:00', 'Mahalakshmi Costume Rental', 680, 3, NULL);
INSERT INTO "Provides" VALUES (19, 399, 9, '0100011', '11:00:00', '22:00:00', 'Eshana Copies', 851, 4, NULL);
INSERT INTO "Provides" VALUES (48, 31, 38, '1100100', '16:00:00', '19:00:00', 'Omkareshwari Chimney Repair', 799, 2, NULL);
INSERT INTO "Provides" VALUES (45, 45, 20, '0001101', '15:30:00', '22:00:00', 'Mahalakshmi Custom Furniture', 519, 5, NULL);
INSERT INTO "Provides" VALUES (24, 20, 28, '0111000', '19:00:00', '23:00:00', 'Hiral Cable TV Service', 393, 4, NULL);
INSERT INTO "Provides" VALUES (70, 386, 27, '1000011', '20:30:00', '21:30:00', 'Hrydesh Radiology', 309, 1, NULL);
INSERT INTO "Provides" VALUES (48, 16, 29, '0000111', '16:00:00', '22:30:00', 'Omkareshwari Biohazard Cleanup', 210, 0, NULL);
INSERT INTO "Provides" VALUES (96, 192, 2, '0111000', '16:00:00', '22:00:00', 'Madhujit Towing', 875, 5, NULL);
INSERT INTO "Provides" VALUES (53, 149, 24, '0001101', '13:00:00', '17:30:00', 'Chetan Stucco', 730, 1, NULL);
INSERT INTO "Provides" VALUES (35, 98, 41, '0010011', '10:00:00', '19:30:00', 'Keshi Lamp Repair', 579, 1, NULL);
INSERT INTO "Provides" VALUES (70, 193, 35, '1011000', '14:30:00', '16:30:00', 'Hrydesh Transmission Repair', 777, 0, NULL);
INSERT INTO "Provides" VALUES (81, 398, 4, '1110000', '10:30:00', '12:30:00', 'Janmesh Child Care', 968, 2, NULL);
INSERT INTO "Provides" VALUES (92, 143, 26, '0011100', '20:00:00', '23:30:00', 'Lalitesh Siding', 617, 5, NULL);
INSERT INTO "Provides" VALUES (36, 23, 16, '0110100', '19:30:00', '23:30:00', 'Ketana Carpenter', 787, 3, NULL);
INSERT INTO "Provides" VALUES (96, 53, 41, '1100001', '14:30:00', '21:30:00', 'Madhujit Earthquake Retrofitting', 359, 4, NULL);
INSERT INTO "Provides" VALUES (18, 167, 17, '0001011', '14:00:00', '20:30:00', 'Elina Web Designers', 814, 0, NULL);
INSERT INTO "Provides" VALUES (81, 381, 8, '0100011', '19:00:00', '23:30:00', 'Janmesh Hospice', 689, 4, NULL);
INSERT INTO "Provides" VALUES (19, 188, 7, '1001001', '10:30:00', '15:00:00', 'Eshana Car Washes', 506, 1, NULL);
INSERT INTO "Provides" VALUES (92, 31, 25, '0011010', '20:30:00', '21:30:00', 'Lalitesh Chimney Repair', 248, 5, NULL);
INSERT INTO "Provides" VALUES (53, 29, 15, '0100011', '15:00:00', '19:30:00', 'Chetan Childproofing', 531, 4, NULL);
INSERT INTO "Provides" VALUES (46, 16, 25, '1011000', '11:00:00', '16:00:00', 'Niyati Biohazard Cleanup', 668, 1, NULL);
INSERT INTO "Provides" VALUES (98, 25, 19, '0011001', '17:30:00', '22:30:00', 'Mahaddev Carpet Installation', 818, 3, NULL);
INSERT INTO "Provides" VALUES (70, 64, 38, '1000011', '20:30:00', '21:00:00', 'Hrydesh Furniture Repair', 636, 2, NULL);
INSERT INTO "Provides" VALUES (26, 68, 6, '0110100', '20:30:00', '22:30:00', 'Indrayani Garbage Collection', 839, 1, NULL);
INSERT INTO "Provides" VALUES (33, 233, 49, '1100001', '13:00:00', '18:30:00', 'Janhavi Fountains', 329, 5, NULL);
INSERT INTO "Provides" VALUES (46, 144, 45, '0001101', '10:30:00', '16:30:00', 'Niyati Signs', 205, 0, NULL);
INSERT INTO "Provides" VALUES (55, 245, 22, '1001010', '16:00:00', '21:00:00', 'Dilip Playground Equipment', 486, 5, NULL);
INSERT INTO "Provides" VALUES (74, 49, 34, '1000101', '10:00:00', '16:30:00', 'Ishpreet Drapery Cleaning', 361, 2, NULL);
INSERT INTO "Provides" VALUES (85, 128, 41, '0101001', '11:30:00', '12:00:00', 'Kaylor Property Management', 251, 0, NULL);
INSERT INTO "Provides" VALUES (70, 152, 45, '0100110', '15:30:00', '18:30:00', 'Hrydesh Toy Repair', 727, 1, NULL);
INSERT INTO "Provides" VALUES (24, 399, 42, '1100100', '14:30:00', '17:00:00', 'Hiral Copies', 764, 3, NULL);
INSERT INTO "Provides" VALUES (14, 137, 38, '1000110', '20:00:00', '21:00:00', 'Dhwani Screen Repair', 725, 3, NULL);
INSERT INTO "Provides" VALUES (32, 211, 12, '0001011', '11:30:00', '12:00:00', 'Jamini Reception Halls', 264, 1, NULL);
INSERT INTO "Provides" VALUES (18, 17, 40, '1010010', '11:00:00', '14:00:00', 'Elina Blind Cleaning', 481, 1, NULL);
INSERT INTO "Provides" VALUES (48, 42, 16, '0100110', '17:00:00', '19:00:00', 'Omkareshwari Cooking Classes', 593, 3, NULL);
INSERT INTO "Provides" VALUES (59, 226, 41, '1000011', '10:00:00', '23:00:00', 'Duranjaya Basketball Goals', 270, 5, NULL);
INSERT INTO "Provides" VALUES (57, 195, 35, '1110000', '10:30:00', '23:30:00', 'Dipten Van Rentals', 251, 0, NULL);
INSERT INTO "Provides" VALUES (69, 46, 31, '0001011', '10:00:00', '19:30:00', 'Hridyanshu Doors', 593, 3, NULL);
INSERT INTO "Provides" VALUES (74, 57, 15, '0100011', '15:00:00', '18:30:00', 'Ishpreet Energy Audit', 718, 4, NULL);
INSERT INTO "Provides" VALUES (25, 100, 9, '1100010', '17:30:00', '22:30:00', 'Ina Lead Paint Removal', 526, 2, NULL);
INSERT INTO "Provides" VALUES (59, 158, 35, '1110000', '15:00:00', '20:30:00', 'Duranjaya Vacuum Cleaners', 814, 0, NULL);
INSERT INTO "Provides" VALUES (10, 242, 29, '1100010', '10:00:00', '19:30:00', 'Bhairavi Leaf Removal', 835, 1, NULL);
INSERT INTO "Provides" VALUES (52, 226, 3, '0101001', '10:30:00', '14:30:00', 'Charanjit Basketball Goals', 507, 3, NULL);
INSERT INTO "Provides" VALUES (32, 384, 47, '1100100', '10:30:00', '19:30:00', 'Jamini Independent Living', 501, 3, NULL);
INSERT INTO "Provides" VALUES (41, 177, 24, '1010100', '15:00:00', '19:30:00', 'Lola Auto Glass', 915, 3, NULL);
INSERT INTO "Provides" VALUES (69, 156, 16, '1101000', '19:00:00', '22:30:00', 'Hridyanshu Upholstery', 623, 1, NULL);
INSERT INTO "Provides" VALUES (21, 145, 15, '1011000', '13:00:00', '18:30:00', 'Firaki Skylights', 699, 4, NULL);
INSERT INTO "Provides" VALUES (53, 50, 13, '0100011', '15:00:00', '16:00:00', 'Chetan Driveway Gates', 809, 1, NULL);
INSERT INTO "Provides" VALUES (21, 135, 11, '1010001', '14:30:00', '16:00:00', 'Firaki RV Sales', 573, 1, NULL);
INSERT INTO "Provides" VALUES (55, 151, 11, '0010110', '12:00:00', '12:30:00', 'Dilip Tablepads', 614, 3, NULL);
INSERT INTO "Provides" VALUES (23, 5, 43, '1010010', '20:30:00', '21:30:00', 'Gauri Architect', 524, 4, NULL);
INSERT INTO "Provides" VALUES (69, 86, 42, '0010110', '11:30:00', '15:00:00', 'Hridyanshu Home Inspection', 231, 4, NULL);
INSERT INTO "Provides" VALUES (63, 220, 43, '1000101', '12:30:00', '23:30:00', 'Gandharva Dog Walkers', 452, 3, NULL);
INSERT INTO "Provides" VALUES (36, 224, 9, '1100010', '17:30:00', '21:00:00', 'Ketana Pooper Scoopers', 759, 0, NULL);
INSERT INTO "Provides" VALUES (22, 31, 23, '0110010', '10:00:00', '16:00:00', 'Gangi Chimney Repair', 657, 2, NULL);
INSERT INTO "Provides" VALUES (79, 376, 30, '1001100', '11:30:00', '17:30:00', 'Jalendu Childrens Hospital', 400, 0, NULL);
INSERT INTO "Provides" VALUES (96, 121, 5, '0101001', '15:00:00', '18:00:00', 'Madhujit Piano Moving', 212, 4, NULL);
INSERT INTO "Provides" VALUES (81, 109, 40, '1010010', '17:30:00', '22:30:00', 'Janmesh Mobile Home Remodeling', 844, 0, NULL);
INSERT INTO "Provides" VALUES (46, 180, 16, '0001110', '17:30:00', '20:00:00', 'Niyati Auto Upholstery', 481, 0, NULL);
INSERT INTO "Provides" VALUES (95, 381, 27, '0101100', '20:00:00', '23:30:00', 'Lord Shiva Hospice', 610, 0, NULL);
INSERT INTO "Provides" VALUES (48, 379, 13, '0100110', '10:30:00', '12:00:00', 'Omkareshwari Drug Treatment Centers', 870, 3, NULL);
INSERT INTO "Provides" VALUES (81, 231, 32, '1001100', '14:00:00', '22:30:00', 'Janmesh Dock Building', 256, 3, NULL);
INSERT INTO "Provides" VALUES (15, 90, 14, '1000110', '15:00:00', '20:00:00', 'Dipu House Cleaning', 835, 1, NULL);
INSERT INTO "Provides" VALUES (32, 41, 2, '0011100', '15:00:00', '16:30:00', 'Jamini Contractors', 931, 4, NULL);
INSERT INTO "Provides" VALUES (15, 74, 28, '0000111', '11:30:00', '20:00:00', 'Dipu Graphic Designers', 922, 0, NULL);
INSERT INTO "Provides" VALUES (98, 68, 38, '0100110', '11:00:00', '16:00:00', 'Mahaddev Garbage Collection', 472, 1, NULL);
INSERT INTO "Provides" VALUES (14, 118, 29, '0101100', '12:00:00', '23:00:00', 'Dhwani Phone Repair', 374, 3, NULL);
INSERT INTO "Provides" VALUES (3, 191, 6, '1001010', '17:00:00', '19:30:00', 'Aditi Radiator Service', 357, 2, NULL);
INSERT INTO "Provides" VALUES (32, 390, 10, '0110001', '12:30:00', '17:00:00', 'Jamini Vein Treatment', 556, 1, NULL);
INSERT INTO "Provides" VALUES (48, 103, 31, '0001110', '10:00:00', '14:30:00', 'Omkareshwari Luggage Repair', 374, 1, NULL);
INSERT INTO "Provides" VALUES (55, 16, 36, '1000110', '15:00:00', '21:00:00', 'Dilip Biohazard Cleanup', 449, 4, NULL);
INSERT INTO "Provides" VALUES (63, 249, 12, '1010100', '13:30:00', '17:00:00', 'Gandharva Tree Service', 719, 0, NULL);
INSERT INTO "Provides" VALUES (23, 154, 48, '0101100', '12:00:00', '23:30:00', 'Gauri TV Repair', 587, 4, NULL);
INSERT INTO "Provides" VALUES (74, 33, 28, '1000110', '11:00:00', '18:00:00', 'Ishpreet China Repair', 285, 1, NULL);


--
-- Name: Provides_RegionID_seq; Type: SEQUENCE SET; Schema: public; Owner: postgres
--

SELECT pg_catalog.setval('"Provides_RegionID_seq"', 1, false);


--
-- Name: Provides_ServiceID_seq; Type: SEQUENCE SET; Schema: public; Owner: postgres
--

SELECT pg_catalog.setval('"Provides_ServiceID_seq"', 1, false);


--
-- Name: Provides_ServiceProviderUserID_seq; Type: SEQUENCE SET; Schema: public; Owner: postgres
--

SELECT pg_catalog.setval('"Provides_ServiceProviderUserID_seq"', 1, false);


--
-- Data for Name: Question; Type: TABLE DATA; Schema: public; Owner: postgres
--

INSERT INTO "Question" VALUES (2, 'Class tempor gravida pellentesque pretium etiam himenaeos sem venenatis justo?

', '2013-07-07 08:00:00', 95, 26);
INSERT INTO "Question" VALUES (4, 'Potenti integre Tincidunt phasellus gravida sed leo bibendum nullam dignissim.

', '2013-04-07 03:00:00', 57, 69);
INSERT INTO "Question" VALUES (8, 'Habitasse non accumsan massa id laoreet elementum - varius blandit fermentum.

', '2013-02-07 16:00:00', 44, 14);
INSERT INTO "Question" VALUES (9, 'Elit lorem nisi quis litora erat nam: adipiscing molestie sit.

', '2013-02-02 23:00:00', 30, 71);
INSERT INTO "Question" VALUES (22, 'Cursus libero Proin fusce id quam tellus elementum hendrerit ultrices!

', '2013-03-08 17:00:00', 11, 36);
INSERT INTO "Question" VALUES (23, 'Nostra cursus dapibus tincidunt pretium nam platea: placerat nisl venenatis!

', '2013-05-03 18:00:00', 100, 75);
INSERT INTO "Question" VALUES (32, 'Suspendisse nisi Tempor dictumst massa vestibulum eu pulvinar donec hac?

', '2013-06-05 18:00:00', 95, 45);
INSERT INTO "Question" VALUES (35, 'Vehicula dapibus nascetur enim metus parturient; odio auctor aliquam ligula.

', '2013-03-06 12:00:00', 8, 94);
INSERT INTO "Question" VALUES (39, 'Cubilia tincidunt litora aenean primis nullam laoreet mollis et lacinia?

', '2013-01-07 12:00:00', 58, 3);
INSERT INTO "Question" VALUES (40, 'Convallis cursus ut tempus erat faucibus - eros cum fames sit.

', '2013-05-04 05:00:00', 70, 38);
INSERT INTO "Question" VALUES (42, 'Penatibus nisi magnis neque ad mauris dignissim tellus praesent vivamus.

', '2013-02-06 14:00:00', 74, 69);
INSERT INTO "Question" VALUES (43, 'Curae accumsan condimentum aenean erat eu posuere elementum; odio venenatis.

', '2013-02-05 06:00:00', 78, 81);
INSERT INTO "Question" VALUES (51, 'Vitae cubilia luctus ut torquent malesuada erat viverra risus fermentum.

', '2013-07-08 15:00:00', 78, 100);
INSERT INTO "Question" VALUES (54, 'Curae cursus scelerisque luctus mauris vestibulum cum hendrerit: mattis odio.

', '2013-08-01 00:00:00', 22, 19);
INSERT INTO "Question" VALUES (57, 'Maecenas velit pellentesque erat fusce enim - facilisi facilisis felis vivamus.

', '2013-04-08 03:00:00', 98, 22);
INSERT INTO "Question" VALUES (62, 'Maecenas neque Sollicitudin mi enim bibendum hac parturient habitant odio.

', '2013-02-06 11:00:00', 29, 95);
INSERT INTO "Question" VALUES (64, 'Proin vestibulum bibendum sagittis facilisi iaculis ultricies venenatis sit ridiculus.

', '2013-04-03 14:00:00', 76, 70);
INSERT INTO "Question" VALUES (68, 'Elit augue quisque tempor metus duis iaculis ultrices vivamus congue.

', '2013-01-08 03:00:00', 77, 38);
INSERT INTO "Question" VALUES (74, 'Cursus amet neque ad velit pretium eu feugiat hendrerit blandit?

', '2013-04-02 19:00:00', 68, 19);
INSERT INTO "Question" VALUES (78, 'Urna amet luctus senectus dapibus integre sapien faucibus rhoncus mollis.

', '2013-09-05 04:00:00', 84, 75);
INSERT INTO "Question" VALUES (85, 'Sociosqu natoque phasellus eu mi metus id imperdiet vivamus tortor.

', '2013-03-05 14:00:00', 79, 24);
INSERT INTO "Question" VALUES (91, 'Maecenas dapibus euismod malesuada consequat imperdiet elementum, a venenatis fermentum...

', '2013-01-03 14:00:00', 14, 85);
INSERT INTO "Question" VALUES (99, 'Convallis cras amet nisi nulla litora eget ipsum nullam tellus.

', '2013-06-02 19:00:00', 68, 41);
INSERT INTO "Question" VALUES (102, 'Est neque integre nascetur gravida vulputate erat aptent: magna morbi.

', '2013-06-01 20:00:00', 95, 27);
INSERT INTO "Question" VALUES (103, 'Vitae neque sodales consectetur sapien risus pharetra platea conubia ligula.

', '2013-01-05 11:00:00', 99, 33);
INSERT INTO "Question" VALUES (105, 'Lorem diam Gravida nibh malesuada consequat porta iaculis egestas netus.

', '2013-06-02 10:00:00', 57, 24);
INSERT INTO "Question" VALUES (107, 'Curabitur dolor lobortis pretium etiam ornare lectus facilisis laoreet at.

', '2013-05-05 20:00:00', 9, 10);
INSERT INTO "Question" VALUES (110, 'Taciti ut Nascetur sollicitudin condimentum lobortis ipsum; turpis auctor congue...

', '2013-04-05 04:00:00', 35, 18);
INSERT INTO "Question" VALUES (118, 'Potenti scelerisque tempus nibh ornare ipsum, posuere eros interdum ante?

', '2013-05-09 00:00:00', 14, 20);
INSERT INTO "Question" VALUES (119, 'Cursus elit magnis dolor pellentesque litora orci aenean, molestie laoreet?

', '2013-01-08 06:00:00', 14, 59);
INSERT INTO "Question" VALUES (120, 'Penatibus vehicula quis class phasellus sed massa torquent erat vestibulum.

', '2013-01-07 12:00:00', 14, 78);
INSERT INTO "Question" VALUES (121, 'Suspendisse quis consectetur vestibulum mi lectus nullam facilisi eleifend morbi.

', '2013-06-04 13:00:00', 56, 98);
INSERT INTO "Question" VALUES (124, 'Tempus pretium etiam lectus posuere ac parturient ultricies sit justo.

', '2013-02-07 05:00:00', 11, 25);
INSERT INTO "Question" VALUES (127, 'Cubilia dictumst pretium eget vestibulum sem dignissim: mollis egestas auctor.

', '2013-02-01 08:00:00', 79, 75);
INSERT INTO "Question" VALUES (129, 'Habitasse nostra elit potenti ut eu, enim purus ante fermentum.

', '2013-09-03 21:00:00', 9, 100);
INSERT INTO "Question" VALUES (131, 'Libero Nisi pellentesque himenaeos metus molestie id - placerat ultricies nec.

', '2013-03-08 08:00:00', 69, 2);
INSERT INTO "Question" VALUES (132, 'In amet fringilla non sollicitudin sagittis adipiscing platea - conubia vivamus.

', '2013-06-03 06:00:00', 88, 24);
INSERT INTO "Question" VALUES (133, 'Elit velit semper orci fusce sem tellus iaculis; nisl fames.

', '2013-03-04 16:00:00', 69, 3);
INSERT INTO "Question" VALUES (135, 'Fringilla quis quisque eu pharetra rhoncus donec - fames ligula morbi.

', '2013-05-01 18:00:00', 6, 64);
INSERT INTO "Question" VALUES (136, 'Non vel Rutrum nullam duis at hendrerit fames, odio fermentum.

', '2013-06-09 01:00:00', 18, 95);
INSERT INTO "Question" VALUES (137, 'Nostra in Natoque lacus euismod ornare viverra; platea ultrices suscipit.

', '2013-05-02 08:00:00', 14, 22);
INSERT INTO "Question" VALUES (144, 'Integre phasellus inceptos sociis rhoncus dignissim dictum arcu dui porttitor?

', '2013-07-03 19:00:00', 61, 26);
INSERT INTO "Question" VALUES (147, 'Habitasse cras in nunc suspendisse lacus id hac elementum mollis?

', '2013-06-03 23:00:00', 79, 36);
INSERT INTO "Question" VALUES (150, 'Potenti senectus Phasellus proin sociis nam: enim faucibus purus praesent.

', '2013-06-09 04:00:00', 46, 26);
INSERT INTO "Question" VALUES (156, 'Habitasse tortor augue magnis erat viverra ac habitant; mattis eleifend.

', '2013-08-07 19:00:00', 79, 27);
INSERT INTO "Question" VALUES (158, 'Vitae nibh per eu sapien metus aptent: habitant blandit porttitor?

', '2013-08-06 08:00:00', 8, 59);
INSERT INTO "Question" VALUES (165, 'Montes vehicula potenti luctus ut dictumst - euismod nam eget mi?

', '2013-01-05 15:00:00', 95, 86);
INSERT INTO "Question" VALUES (169, 'Integre dolor Class gravida sodales pretium orci: id facilisi dignissim.

', '2013-01-06 00:00:00', 48, 86);
INSERT INTO "Question" VALUES (175, 'Fringilla integre nascetur semper pellentesque enim - pulvinar cum odio suscipit?

', '2013-02-06 19:00:00', 46, 69);
INSERT INTO "Question" VALUES (176, 'Tortor sociosqu amet curabitur nascetur tristique feugiat platea; hendrerit turpis?

', '2013-03-03 10:00:00', 39, 20);
INSERT INTO "Question" VALUES (180, 'In taciti vel vestibulum viverra lectus; platea magna fermentum morbi.

', '2013-04-02 12:00:00', 100, 57);
INSERT INTO "Question" VALUES (181, 'Nostra libero nunc dictumst condimentum consectetur vel, rutrum vestibulum egestas?

', '2013-08-08 14:00:00', 18, 26);
INSERT INTO "Question" VALUES (185, 'Magnis tincidunt pretium himenaeos nam posuere, facilisi donec imperdiet arcu.

', '2013-08-01 03:00:00', 11, 51);
INSERT INTO "Question" VALUES (196, 'Dapibus torquent enim duis magna interdum egestas blandit a ligula!

', '2013-04-07 13:00:00', 72, 75);
INSERT INTO "Question" VALUES (201, 'Nostra magnis quisque velit gravida proin; eu primis risus feugiat.

', '2013-09-05 01:00:00', 18, 45);
INSERT INTO "Question" VALUES (203, 'Curae amet tincidunt lacus euismod sociis fusce primis at fames.

', '2013-06-05 14:00:00', 82, 94);
INSERT INTO "Question" VALUES (213, 'Libero nulla mauris faucibus facilisi tellus elementum arcu nec odio!

', '2013-06-05 00:00:00', 100, 47);
INSERT INTO "Question" VALUES (214, 'Fringilla nulla volutpat lobortis ipsum id rhoncus felis, suscipit venenatis?

', '2013-04-05 01:00:00', 39, 70);
INSERT INTO "Question" VALUES (215, 'Amet non Natoque tempor malesuada aenean ante nec auctor netus!

', '2013-02-06 10:00:00', 2, 38);
INSERT INTO "Question" VALUES (226, 'Fringilla nisi nascetur rutrum fusce primis porta id rhoncus eros.

', '2013-02-01 08:00:00', 29, 47);
INSERT INTO "Question" VALUES (227, 'Curae dapibus accumsan torquent malesuada proin platea at purus turpis.

', '2013-09-02 09:00:00', 88, 16);
INSERT INTO "Question" VALUES (234, 'Senectus dolor litora ipsum leo pharetra - mollis venenatis aliquam porttitor.

', '2013-04-06 12:00:00', 18, 53);
INSERT INTO "Question" VALUES (236, 'Suspendisse taciti scelerisque dapibus consequat fusce molestie at arcu blandit.

', '2013-04-08 08:00:00', 9, 59);
INSERT INTO "Question" VALUES (238, 'Potenti amet Dapibus torquent malesuada sociis; dis id netus porttitor.

', '2013-02-01 12:00:00', 41, 75);
INSERT INTO "Question" VALUES (239, 'Convallis cras suspendisse cubilia scelerisque faucibus ultrices varius - congue venenatis?

', '2013-07-07 10:00:00', 79, 24);
INSERT INTO "Question" VALUES (240, 'Ad class vestibulum dis bibendum hac varius blandit porttitor morbi.

', '2013-03-06 12:00:00', 8, 48);
INSERT INTO "Question" VALUES (244, 'Habitasse dapibus sem facilisis ultricies ante commodo mus suscipit fermentum.

', '2013-08-05 21:00:00', 90, 21);
INSERT INTO "Question" VALUES (247, 'Suspendisse nascetur Nulla vestibulum mi lectus; adipiscing tellus mus morbi.

', '2013-09-04 21:00:00', 30, 47);
INSERT INTO "Question" VALUES (257, 'Habitasse curabitur tincidunt velit sed enim iaculis dictum: purus porttitor!

', '2013-05-09 16:00:00', 9, 71);
INSERT INTO "Question" VALUES (260, 'Urna non quisque condimentum etiam consectetur erat ac quam himenaeos!

', '2013-01-02 09:00:00', 45, 2);
INSERT INTO "Question" VALUES (271, 'Nulla inceptos Tristique lobortis malesuada sagittis duis tellus ultricies commodo.

', '2013-07-02 18:00:00', 2, 26);
INSERT INTO "Question" VALUES (274, 'Urna fringilla diam pellentesque massa pretium id: hac turpis ante.

', '2013-06-05 16:00:00', 60, 85);
INSERT INTO "Question" VALUES (285, 'Natoque dapibus dolor phasellus ac eros tellus - blandit netus morbi.

', '2013-01-06 17:00:00', 16, 24);
INSERT INTO "Question" VALUES (286, 'Convallis taciti integre phasellus nulla torquent consequat eget ante nec?

', '2013-09-02 07:00:00', 58, 19);
INSERT INTO "Question" VALUES (287, 'Montes neque Dapibus proin bibendum dignissim platea fames odio auctor?

', '2013-07-06 14:00:00', 72, 16);
INSERT INTO "Question" VALUES (289, 'Maecenas nisi ad nam risus dignissim, hac duis iaculis purus.

', '2013-03-01 09:00:00', 97, 80);
INSERT INTO "Question" VALUES (293, 'Habitasse suspendisse euismod himenaeos consequat cum hendrerit, ante vivamus blandit.

', '2013-09-05 04:00:00', 80, 63);
INSERT INTO "Question" VALUES (294, 'Montes scelerisque dapibus class sollicitudin nam viverra sagittis faucibus commodo.

', '2013-05-07 15:00:00', 38, 2);
INSERT INTO "Question" VALUES (295, 'Elit sociosqu Scelerisque semper sollicitudin aenean enim faucibus facilisis vivamus.

', '2013-08-03 11:00:00', 56, 75);
INSERT INTO "Question" VALUES (300, 'Est nibh mauris vestibulum eu sagittis lectus nullam - dignissim aliquam.

', '2013-08-06 00:00:00', 77, 23);
INSERT INTO "Question" VALUES (302, 'Vehicula nisi non euismod vestibulum porta; hendrerit purus turpis ante.

', '2013-08-05 18:00:00', 91, 33);
INSERT INTO "Question" VALUES (305, 'Nostra elit potenti torquent erat porta cum fames et aliquam.

', '2013-03-06 15:00:00', 7, 53);
INSERT INTO "Question" VALUES (309, 'Montes accumsan velit enim porta duis hendrerit; praesent mus aliquam?

', '2013-08-03 18:00:00', 84, 19);
INSERT INTO "Question" VALUES (310, 'Maecenas in neque natoque accumsan nam ultricies - aliquam netus justo?

', '2013-05-05 05:00:00', 39, 18);
INSERT INTO "Question" VALUES (312, 'Lorem accumsan Himenaeos per fusce lectus elementum, ultricies ante morbi.

', '2013-09-02 00:00:00', 41, 16);
INSERT INTO "Question" VALUES (314, 'Curabitur dolor gravida leo dignissim facilisis iaculis: parturient felis lacinia.

', '2013-02-01 11:00:00', 95, 59);
INSERT INTO "Question" VALUES (317, 'Ut dolor nibh condimentum ornare facilisi hac dictum nisl eleifend.

', '2013-09-02 06:00:00', 78, 40);
INSERT INTO "Question" VALUES (321, 'Nostra elit luctus aenean eget sem rhoncus habitant auctor morbi.

', '2013-02-06 11:00:00', 95, 78);
INSERT INTO "Question" VALUES (327, 'In fringilla curabitur dolor tempor ornare sem ac aptent sit.

', '2013-05-05 06:00:00', 88, 40);
INSERT INTO "Question" VALUES (337, 'Nostra dolor lacus aenean per sem; platea conubia et ligula?

', '2013-09-03 12:00:00', 68, 75);
INSERT INTO "Question" VALUES (339, 'Natoque eu ipsum feugiat laoreet mollis commodo felis odio ligula...

', '2013-07-06 10:00:00', 69, 18);
INSERT INTO "Question" VALUES (340, 'Tortor cursus pretium himenaeos ornare ipsum dis; enim vivamus venenatis.

', '2013-04-09 20:00:00', 6, 100);
INSERT INTO "Question" VALUES (347, 'Nunc taciti class phasellus tempor leo; molestie rhoncus at aliquam.

', '2013-08-06 18:00:00', 14, 63);
INSERT INTO "Question" VALUES (350, 'Augue magnis sed ullamcorper rutrum sapien habitant, ante sit fermentum.

', '2013-09-03 23:00:00', 10, 24);
INSERT INTO "Question" VALUES (359, 'Taciti senectus Diam viverra porta risus feugiat nisl - et odio!

', '2013-03-01 21:00:00', 10, 48);
INSERT INTO "Question" VALUES (360, 'Lorem non Natoque vulputate aenean vestibulum mi pulvinar molestie dignissim.

', '2013-09-01 03:00:00', 60, 95);
INSERT INTO "Question" VALUES (362, 'Tincidunt accumsan massa porta hac tellus magna: dui suscipit justo.

', '2013-09-01 13:00:00', 84, 80);
INSERT INTO "Question" VALUES (370, 'Amet ad tincidunt tempus lobortis porta dignissim laoreet et varius.

', '2013-04-04 19:00:00', 62, 59);
INSERT INTO "Question" VALUES (372, 'Est Suspendisse tristique nibh vel lectus auctor varius congue justo?

', '2013-08-06 20:00:00', 95, 79);
INSERT INTO "Question" VALUES (373, 'Convallis urna Sociosqu ad pellentesque pharetra pulvinar rhoncus mollis nisl!

', '2013-01-02 07:00:00', 1, 22);
INSERT INTO "Question" VALUES (377, 'Penatibus habitasse Diam class lobortis metus pharetra facilisis, platea et?

', '2013-09-05 09:00:00', 7, 92);
INSERT INTO "Question" VALUES (383, 'In magnis neque euismod pretium sem mi ipsum felis sit.

', '2013-02-06 10:00:00', 90, 27);
INSERT INTO "Question" VALUES (386, 'Suspendisse cubilia ad ut rutrum enim dignissim - parturient eleifend fermentum!

', '2013-09-09 23:00:00', 7, 100);
INSERT INTO "Question" VALUES (396, 'Taciti luctus lacus erat nam mi metus: magna dictum blandit.

', '2013-05-07 03:00:00', 48, 20);
INSERT INTO "Question" VALUES (397, 'Nunc Velit tempus torquent rutrum leo aptent elementum ante porttitor.

', '2013-02-09 19:00:00', 60, 100);
INSERT INTO "Question" VALUES (404, 'Vehicula sociosqu nisi ullamcorper risus faucibus rhoncus imperdiet at blandit?

', '2013-01-05 06:00:00', 8, 25);
INSERT INTO "Question" VALUES (413, 'Taciti luctus Neque curabitur sociis enim placerat: elementum dictum aliquam.

', '2013-09-02 03:00:00', 72, 80);
INSERT INTO "Question" VALUES (419, 'Amet gravida per erat aptent hac magna ultrices dui justo.

', '2013-03-04 20:00:00', 6, 95);
INSERT INTO "Question" VALUES (421, 'Scelerisque sollicitudin mauris aenean eget bibendum: duis hendrerit commodo ridiculus.

', '2013-02-03 05:00:00', 72, 70);
INSERT INTO "Question" VALUES (422, 'Senectus diam phasellus tempor semper sociis posuere pulvinar magna auctor.

', '2013-02-06 15:00:00', 18, 64);
INSERT INTO "Question" VALUES (423, 'Penatibus sociosqu Class inceptos sed lobortis; conubia varius suscipit justo.

', '2013-09-04 08:00:00', 38, 75);
INSERT INTO "Question" VALUES (426, 'Habitasse suspendisse tempor inceptos gravida volutpat etiam eget nullam ridiculus.

', '2013-07-06 03:00:00', 29, 14);
INSERT INTO "Question" VALUES (431, 'Cras scelerisque class phasellus semper etiam consectetur rutrum primis metus.

', '2013-01-07 03:00:00', 34, 63);
INSERT INTO "Question" VALUES (433, 'Montes dolor diam gravida consectetur leo metus - facilisi praesent ultrices.

', '2013-03-03 12:00:00', 84, 18);
INSERT INTO "Question" VALUES (435, 'Sociosqu dolor aliquet torquent proin vestibulum bibendum ultricies vivamus sit.

', '2013-08-04 10:00:00', 11, 25);
INSERT INTO "Question" VALUES (436, 'Habitasse accumsan Massa leo bibendum risus rhoncus; auctor suscipit ridiculus...

', '2013-05-01 17:00:00', 95, 55);
INSERT INTO "Question" VALUES (444, 'Ut integre nulla aliquet litora fusce sem donec duis odio.

', '2013-06-09 23:00:00', 88, 25);
INSERT INTO "Question" VALUES (449, 'Est scelerisque luctus litora torquent vel eget - pharetra ultrices fermentum?

', '2013-01-08 03:00:00', 67, 39);
INSERT INTO "Question" VALUES (452, 'Scelerisque sodales proin aenean consequat leo aptent iaculis ante dui.

', '2013-01-05 12:00:00', 45, 26);
INSERT INTO "Question" VALUES (464, 'Cursus luctus Gravida semper dictumst vestibulum adipiscing rhoncus aptent ultrices.

', '2013-06-01 09:00:00', 1, 15);
INSERT INTO "Question" VALUES (467, 'Montes tristique litora sapien dignissim aptent cum; at vivamus elit...

', '2013-03-03 16:00:00', 14, 64);
INSERT INTO "Question" VALUES (468, 'Nostra libero quisque euismod ullamcorper dis metus laoreet ultricies fames.

', '2013-02-08 19:00:00', 18, 39);
INSERT INTO "Question" VALUES (471, 'Vitae sociosqu fringilla velit tempus gravida etiam mauris hendrerit justo.

', '2013-01-08 06:00:00', 78, 23);
INSERT INTO "Question" VALUES (473, 'Scelerisque curabitur Sodales sagittis posuere pulvinar dignissim quam fames sit?

', '2013-02-06 18:00:00', 9, 35);
INSERT INTO "Question" VALUES (476, 'Potenti sed massa nam placerat mollis nisl ante mus congue!

', '2013-04-02 13:00:00', 69, 52);
INSERT INTO "Question" VALUES (478, 'Nostra luctus aliquet enim pulvinar facilisi aptent parturient et class.

', '2013-02-09 18:00:00', 41, 64);
INSERT INTO "Question" VALUES (482, 'Penatibus dapibus curabitur lacus proin ullamcorper viverra, cum turpis netus.

', '2013-08-02 00:00:00', 15, 51);
INSERT INTO "Question" VALUES (484, 'Tortor amet Neque ut pellentesque vel; sapien ac rhoncus facilisis.

', '2013-09-02 04:00:00', 11, 33);
INSERT INTO "Question" VALUES (486, 'Maecenas nunc taciti sapien primis faucibus donec mollis: purus odio?

', '2013-08-03 17:00:00', 90, 51);
INSERT INTO "Question" VALUES (487, 'Convallis in Accumsan gravida nibh pretium ipsum - et mattis felis.

', '2013-01-01 08:00:00', 15, 36);
INSERT INTO "Question" VALUES (489, 'Curae lorem Nisi sollicitudin consectetur porta adipiscing feugiat platea habitant.

', '2013-06-05 16:00:00', 14, 75);
INSERT INTO "Question" VALUES (493, 'Augue scelerisque dolor sollicitudin condimentum fusce sagittis imperdiet, interdum id...

', '2013-06-03 12:00:00', 58, 78);
INSERT INTO "Question" VALUES (495, 'Tortor scelerisque senectus pretium consequat viverra bibendum habitant blandit nam.

', '2013-04-09 05:00:00', 72, 57);
INSERT INTO "Question" VALUES (498, 'Habitasse fringilla suspendisse ad nascetur class primis leo conubia justo.

', '2013-01-01 16:00:00', 68, 39);
INSERT INTO "Question" VALUES (499, 'Urna class Sollicitudin erat eu rhoncus; at ultrices odio sit.

', '2013-02-01 05:00:00', 48, 78);
INSERT INTO "Question" VALUES (502, 'Augue Natoque nibh mauris consectetur rutrum leo dis duis felis.

', '2013-02-09 19:00:00', 72, 57);
INSERT INTO "Question" VALUES (503, 'Natoque phasellus Vulputate rutrum adipiscing quam tellus elementum, hendrerit ligula?

', '2013-01-09 21:00:00', 39, 15);
INSERT INTO "Question" VALUES (504, 'Tortor augue dolor dictumst tristique sollicitudin massa: vestibulum hac dictum?

', '2013-01-03 19:00:00', 90, 74);
INSERT INTO "Question" VALUES (507, 'Vitae semper sed euismod sociis ullamcorper eu id ante blandit.

', '2013-05-01 12:00:00', 77, 95);
INSERT INTO "Question" VALUES (516, 'Vehicula quisque dapibus pellentesque lectus pulvinar dictum mattis ligula porttitor.

', '2013-07-06 16:00:00', 70, 53);
INSERT INTO "Question" VALUES (518, 'Quis litora nibh lobortis consequat mi bibendum posuere facilisi eleifend?

', '2013-05-05 22:00:00', 45, 21);
INSERT INTO "Question" VALUES (524, 'Maecenas elit senectus mi bibendum elementum et felis nec aliquam.

', '2013-05-09 06:00:00', 77, 94);
INSERT INTO "Question" VALUES (525, 'Penatibus habitasse scelerisque luctus natoque ad litora fames mus porttitor?

', '2013-05-01 03:00:00', 62, 3);
INSERT INTO "Question" VALUES (531, 'Cubilia ad Accumsan class lobortis proin aenean; dis ligula fermentum...

', '2013-02-06 08:00:00', 39, 79);
INSERT INTO "Question" VALUES (532, 'Sociosqu nulla gravida torquent etiam vel facilisi; laoreet dictum ridiculus.

', '2013-03-09 15:00:00', 84, 55);
INSERT INTO "Question" VALUES (537, 'Vehicula nisi dolor nulla volutpat euismod eros duis; magna habitant.

', '2013-01-03 01:00:00', 68, 40);
INSERT INTO "Question" VALUES (538, 'Sociosqu scelerisque quisque sem dis posuere adipiscing cum varius suscipit.

', '2013-03-07 01:00:00', 100, 15);
INSERT INTO "Question" VALUES (539, 'Penatibus nibh per mi lectus facilisi imperdiet conubia interdum nec.

', '2013-02-02 05:00:00', 60, 65);
INSERT INTO "Question" VALUES (546, 'Penatibus ad ut velit gravida lobortis metus rhoncus mollis habitant?

', '2013-02-08 12:00:00', 29, 92);
INSERT INTO "Question" VALUES (547, 'Cubilia phasellus tempor sed nibh ullamcorper at; elementum hendrerit auctor...

', '2013-09-01 16:00:00', 15, 92);
INSERT INTO "Question" VALUES (548, 'Maecenas taciti phasellus lacus lobortis mauris eget primis ac sit.

', '2013-03-01 03:00:00', 38, 36);
INSERT INTO "Question" VALUES (549, 'Magnis tristique vulputate etiam erat nullam faucibus tellus arcu ridiculus...

', '2013-07-05 22:00:00', 77, 36);
INSERT INTO "Question" VALUES (554, 'Cubilia ut lacus sociis vel erat - nam eu duis mollis.

', '2013-05-06 08:00:00', 45, 85);
INSERT INTO "Question" VALUES (555, 'Est nostra Elit diam torquent etiam consectetur ornare - sapien imperdiet.

', '2013-04-06 22:00:00', 46, 15);
INSERT INTO "Question" VALUES (556, 'Maecenas tortor natoque integre curabitur consequat conubia: mattis congue sit?

', '2013-07-02 22:00:00', 1, 23);
INSERT INTO "Question" VALUES (557, 'Taciti ad dapibus condimentum etiam mauris faucibus mollis parturient varius.

', '2013-08-09 00:00:00', 100, 46);
INSERT INTO "Question" VALUES (563, 'Libero Ut litora etiam aenean fusce viverra - nullam at congue.

', '2013-09-07 18:00:00', 74, 96);
INSERT INTO "Question" VALUES (566, 'Luctus diam dictumst litora mi nullam: placerat hendrerit turpis lacinia.

', '2013-09-03 07:00:00', 95, 32);
INSERT INTO "Question" VALUES (577, 'Urna quis senectus quisque curabitur gravida rutrum fusce imperdiet fames.

', '2013-09-09 23:00:00', 98, 78);
INSERT INTO "Question" VALUES (584, 'Est class pellentesque ullamcorper lectus nullam, duis iaculis arcu ante.

', '2013-02-04 03:00:00', 9, 39);
INSERT INTO "Question" VALUES (585, 'Sociosqu Volutpat sem dis nullam adipiscing dignissim aptent egestas lacinia.

', '2013-02-05 12:00:00', 97, 74);
INSERT INTO "Question" VALUES (587, 'Integre tincidunt Lacus sodales vulputate lectus quam: at ligula justo.

', '2013-06-04 02:00:00', 58, 74);
INSERT INTO "Question" VALUES (594, 'Nascetur gravida pellentesque ullamcorper vestibulum eu adipiscing facilisi, facilisis laoreet?

', '2013-09-04 04:00:00', 9, 15);
INSERT INTO "Question" VALUES (597, 'Nostra quis himenaeos bibendum pharetra facilisi tellus placerat magna ridiculus.

', '2013-05-01 18:00:00', 80, 15);
INSERT INTO "Question" VALUES (602, 'Maecenas potenti libero scelerisque volutpat sapien, lectus cum varius morbi...

', '2013-01-01 05:00:00', 10, 47);
INSERT INTO "Question" VALUES (607, 'Curae tortor sociosqu accumsan euismod vel nam lectus: placerat parturient?

', '2013-09-01 22:00:00', 7, 45);
INSERT INTO "Question" VALUES (608, 'Nunc suspendisse Magnis phasellus vestibulum fames et mattis - felis eleifend.

', '2013-03-05 04:00:00', 30, 38);
INSERT INTO "Question" VALUES (609, 'Convallis in Taciti non luctus tristique lacus ipsum commodo suscipit.

', '2013-06-03 00:00:00', 98, 92);
INSERT INTO "Question" VALUES (615, 'Quis semper sed pretium orci porta cum mollis praesent vivamus.

', '2013-05-06 19:00:00', 6, 51);
INSERT INTO "Question" VALUES (619, 'Cras nascetur sociis sem nullam feugiat placerat; fames lacinia porttitor.

', '2013-07-04 15:00:00', 14, 25);
INSERT INTO "Question" VALUES (623, 'Convallis luctus Massa sodales erat duis elementum mattis auctor lacinia.

', '2013-01-03 21:00:00', 95, 24);
INSERT INTO "Question" VALUES (625, 'Curae habitasse tortor elit aliquet primis bibendum sagittis praesent lacinia.

', '2013-01-04 16:00:00', 9, 19);
INSERT INTO "Question" VALUES (626, 'Est libero cubilia ut pretium orci consequat sagittis fames lacinia.

', '2013-06-03 13:00:00', 60, 69);
INSERT INTO "Question" VALUES (634, 'Cursus cras ut litora pretium ullamcorper ipsum, viverra fames eleifend!

', '2013-07-07 20:00:00', 58, 95);
INSERT INTO "Question" VALUES (635, 'Euismod condimentum mauris nam pharetra molestie feugiat turpis habitant odio?

', '2013-02-02 16:00:00', 68, 2);
INSERT INTO "Question" VALUES (637, 'Cubilia neque Curabitur massa pretium risus nisl habitant - fames commodo!

', '2013-02-08 19:00:00', 45, 86);
INSERT INTO "Question" VALUES (653, 'Vehicula non ad aenean primis facilisi laoreet arcu interdum vivamus.

', '2013-01-02 14:00:00', 84, 51);
INSERT INTO "Question" VALUES (656, 'Urna Cras in quisque etiam molestie facilisis; laoreet varius suscipit.

', '2013-09-06 13:00:00', 69, 57);
INSERT INTO "Question" VALUES (666, 'Penatibus tortor Tristique sed enim viverra faucibus, donec quam congue...

', '2013-04-06 08:00:00', 39, 10);
INSERT INTO "Question" VALUES (672, 'Taciti integre Velit class euismod malesuada quam purus, auctor morbi!

', '2013-05-03 06:00:00', 91, 92);
INSERT INTO "Question" VALUES (678, 'Penatibus libero neque nibh leo conubia turpis, varius eleifend sit.

', '2013-09-06 20:00:00', 15, 81);
INSERT INTO "Question" VALUES (682, 'Sociosqu cubilia augue inceptos dictumst vulputate facilisi laoreet mollis ridiculus.

', '2013-07-02 15:00:00', 79, 48);
INSERT INTO "Question" VALUES (689, 'Suspendisse quis Tempus fusce placerat mollis, magna suscipit eleifend porttitor.

', '2013-07-08 16:00:00', 8, 35);
INSERT INTO "Question" VALUES (690, 'Lorem fringilla lobortis per fusce eu nullam ac duis feugiat?

', '2013-06-08 07:00:00', 76, 69);
INSERT INTO "Question" VALUES (695, 'Curae litora malesuada consectetur eget posuere id ultricies interdum egestas!

', '2013-07-04 21:00:00', 67, 79);
INSERT INTO "Question" VALUES (699, 'Curae fringilla senectus sociis praesent egestas - vivamus auctor sit netus.

', '2013-06-06 11:00:00', 88, 47);
INSERT INTO "Question" VALUES (702, 'Urna quis gravida pretium per erat lectus duis facilisis arcu.

', '2013-08-01 06:00:00', 62, 35);
INSERT INTO "Question" VALUES (704, 'Suspendisse nisi tincidunt dictumst vel ullamcorper: consequat tellus ultricies netus.

', '2013-02-04 00:00:00', 77, 22);
INSERT INTO "Question" VALUES (707, 'Vehicula tincidunt semper dictumst sociis sapien sagittis tellus habitant auctor.

', '2013-02-07 14:00:00', 7, 35);
INSERT INTO "Question" VALUES (708, 'Curabitur pretium Per ullamcorper ornare elementum egestas blandit a venenatis.

', '2013-03-02 17:00:00', 79, 94);
INSERT INTO "Question" VALUES (720, 'Tortor cras non quisque ut volutpat pellentesque proin ridiculus ligula.

', '2013-09-07 06:00:00', 9, 69);
INSERT INTO "Question" VALUES (723, 'Sociosqu amet quisque tristique nullam rhoncus platea tellus et morbi.

', '2013-05-05 00:00:00', 56, 94);
INSERT INTO "Question" VALUES (728, 'Potenti quisque Class sed condimentum lobortis eros placerat hendrerit ridiculus.

', '2013-05-04 21:00:00', 100, 32);
INSERT INTO "Question" VALUES (734, 'In suspendisse Dolor euismod erat enim platea ante nec enim.

', '2013-07-06 01:00:00', 48, 75);
INSERT INTO "Question" VALUES (738, 'Vitae neque curabitur tincidunt litora lobortis primis eros et nec.

', '2013-09-06 21:00:00', 14, 98);
INSERT INTO "Question" VALUES (743, 'Cras cubilia senectus tempor inceptos massa vulputate sociis - felis ridiculus.

', '2013-01-08 05:00:00', 72, 92);
INSERT INTO "Question" VALUES (751, 'Ut litora sodales faucibus molestie laoreet mollis, turpis nisl blandit.

', '2013-08-04 14:00:00', 61, 27);
INSERT INTO "Question" VALUES (754, 'Habitasse augue etiam fusce eu ac: elementum egestas congue lacinia.

', '2013-04-09 03:00:00', 77, 70);
INSERT INTO "Question" VALUES (755, 'Habitasse cursus potenti nulla ullamcorper posuere fames, egestas et aliquam.

', '2013-09-02 02:00:00', 30, 3);
INSERT INTO "Question" VALUES (759, 'Nostra montes nisi luctus quis volutpat rutrum lectus mattis netus.

', '2013-05-01 20:00:00', 7, 38);
INSERT INTO "Question" VALUES (771, 'Nulla lacus eu duis feugiat turpis egestas vivamus blandit justo?

', '2013-07-01 08:00:00', 78, 96);
INSERT INTO "Question" VALUES (774, 'Penatibus luctus natoque quis integre orci erat fusce varius morbi?

', '2013-09-06 02:00:00', 1, 59);
INSERT INTO "Question" VALUES (782, 'Neque fusce eros hac tellus fames - mattis varius aliquam morbi.

', '2013-01-09 15:00:00', 7, 70);
INSERT INTO "Question" VALUES (790, 'Elit fringilla sed sociis viverra molestie: aptent ultricies nisl accumsan.

', '2013-01-05 21:00:00', 82, 85);
INSERT INTO "Question" VALUES (791, 'Amet litora condimentum lobortis proin aptent conubia nisl: fames ligula?

', '2013-09-02 19:00:00', 58, 70);
INSERT INTO "Question" VALUES (798, 'In augue vulputate vel porta bibendum egestas - mattis blandit aliquam?

', '2013-08-06 17:00:00', 62, 100);
INSERT INTO "Question" VALUES (801, 'Libero integre diam aenean mi sagittis feugiat imperdiet; laoreet parturient!

', '2013-05-01 00:00:00', 11, 85);
INSERT INTO "Question" VALUES (805, 'Luctus accumsan Tristique sociis ullamcorper lectus purus ante mattis varius.

', '2013-07-03 01:00:00', 15, 3);
INSERT INTO "Question" VALUES (809, 'Nunc neque Dapibus nascetur semper nullam; laoreet egestas et ligula...

', '2013-09-07 08:00:00', 15, 10);
INSERT INTO "Question" VALUES (811, 'Potenti libero cubilia luctus accumsan donec facilisis fames commodo felis.

', '2013-02-09 11:00:00', 79, 33);
INSERT INTO "Question" VALUES (813, 'Cubilia ut litora rutrum viverra pharetra mollis praesent egestas justo.

', '2013-04-04 01:00:00', 97, 64);
INSERT INTO "Question" VALUES (817, 'Penatibus tincidunt tristique lacus fusce adipiscing duis at sit fermentum.

', '2013-01-07 20:00:00', 84, 81);
INSERT INTO "Question" VALUES (820, 'Urna nulla inceptos orci malesuada ipsum posuere commodo ligula morbi.

', '2013-01-05 22:00:00', 45, 71);
INSERT INTO "Question" VALUES (835, 'Tortor potenti curabitur pellentesque primis posuere dignissim hac facilisis habitant.

', '2013-05-04 05:00:00', 100, 14);
INSERT INTO "Question" VALUES (837, 'Montes sociosqu lorem suspendisse tempor inceptos gravida lectus purus ante...

', '2013-04-05 12:00:00', 72, 19);
INSERT INTO "Question" VALUES (845, 'Montes sociosqu condimentum consectetur nam ipsum cum turpis varius lacinia.

', '2013-07-07 04:00:00', 10, 95);
INSERT INTO "Question" VALUES (850, 'Sociosqu amet nisi ullamcorper sem ipsum - leo posuere duis laoreet?

', '2013-09-06 10:00:00', 11, 23);
INSERT INTO "Question" VALUES (851, 'Suspendisse nisi quis velit gravida proin; ullamcorper aptent conubia dui.

', '2013-03-09 02:00:00', 78, 41);
INSERT INTO "Question" VALUES (857, 'Scelerisque tempus Proin sagittis nullam donec - et dui varius suscipit.

', '2013-05-09 11:00:00', 39, 24);
INSERT INTO "Question" VALUES (861, 'Vitae sociosqu in libero natoque massa sem pharetra ultricies blandit...

', '2013-06-06 03:00:00', 18, 71);
INSERT INTO "Question" VALUES (862, 'Potenti neque mi leo praesent egestas vivamus congue venenatis porttitor...

', '2013-08-03 21:00:00', 14, 25);
INSERT INTO "Question" VALUES (864, 'Penatibus senectus sollicitudin malesuada ornare fusce ipsum suscipit ridiculus morbi?

', '2013-04-03 22:00:00', 14, 75);
INSERT INTO "Question" VALUES (873, 'Tortor Libero suspendisse quisque velit litora faucibus laoreet placerat orci.

', '2013-08-09 20:00:00', 11, 96);
INSERT INTO "Question" VALUES (876, 'Penatibus urna integre accumsan euismod sociis praesent habitant; nec morbi!

', '2013-06-02 13:00:00', 2, 57);
INSERT INTO "Question" VALUES (887, 'Lorem potenti Tempor volutpat nibh sodales torquent: facilisi suscipit aliquam.

', '2013-08-05 02:00:00', 68, 33);
INSERT INTO "Question" VALUES (889, 'Sociosqu lorem sollicitudin metus quam arcu - felis nec odio sit.

', '2013-08-04 10:00:00', 69, 39);
INSERT INTO "Question" VALUES (891, 'Tortor nunc gravida dictumst mauris porta - adipiscing eleifend aliquam lacinia?

', '2013-01-01 08:00:00', 80, 64);
INSERT INTO "Question" VALUES (899, 'Suspendisse nisi lacus mi tellus magna purus habitant fames et!

', '2013-01-01 20:00:00', 48, 23);
INSERT INTO "Question" VALUES (905, 'Lorem velit class tempor volutpat proin ullamcorper - nam adipiscing netus?

', '2013-07-07 22:00:00', 98, 23);
INSERT INTO "Question" VALUES (908, 'Cras augue sed risus faucibus eros facilisis magna commodo blandit.

', '2013-06-02 15:00:00', 90, 27);
INSERT INTO "Question" VALUES (909, 'Vitae cursus luctus inceptos himenaeos rutrum enim viverra conubia auctor.

', '2013-03-07 07:00:00', 88, 85);
INSERT INTO "Question" VALUES (912, 'Est amet Nunc sed torquent molestie facilisis at nisl ultrices?

', '2013-05-07 12:00:00', 15, 48);
INSERT INTO "Question" VALUES (914, 'Cras vehicula amet ad ut condimentum pretium aptent - cum tellus.

', '2013-06-09 23:00:00', 15, 52);
INSERT INTO "Question" VALUES (917, 'Curae penatibus nunc nascetur sed sem; elementum commodo nec ligula.

', '2013-07-01 11:00:00', 77, 24);
INSERT INTO "Question" VALUES (921, 'Lorem scelerisque natoque senectus dictumst lacus himenaeos nam pharetra rhoncus.

', '2013-04-07 11:00:00', 29, 33);
INSERT INTO "Question" VALUES (923, 'Ut phasellus Inceptos sed nibh viverra adipiscing varius: ligula morbi.

', '2013-05-05 23:00:00', 8, 26);
INSERT INTO "Question" VALUES (927, 'Vehicula potenti Luctus tristique torquent dis porta rhoncus magna ultrices.

', '2013-09-06 23:00:00', 70, 26);
INSERT INTO "Question" VALUES (930, 'Libero natoque Torquent vulputate per enim; pulvinar eros odio lacinia.

', '2013-01-01 10:00:00', 98, 45);
INSERT INTO "Question" VALUES (931, 'Tincidunt accumsan tempus tempor per pulvinar id dictum ridiculus porttitor.

', '2013-09-09 19:00:00', 2, 75);
INSERT INTO "Question" VALUES (933, 'Penatibus neque quisque tincidunt euismod ullamcorper vestibulum vivamus auctor aliquam.

', '2013-04-01 01:00:00', 69, 10);
INSERT INTO "Question" VALUES (934, 'Vehicula libero neque mauris nullam posuere; facilisis placerat turpis aliquam.

', '2013-06-08 06:00:00', 48, 96);
INSERT INTO "Question" VALUES (939, 'Habitasse montes magnis torquent consectetur dis egestas nec a lacinia.

', '2013-07-08 03:00:00', 18, 39);
INSERT INTO "Question" VALUES (940, 'Nisi luctus volutpat aliquet malesuada posuere id eros, hac purus.

', '2013-05-01 21:00:00', 70, 94);
INSERT INTO "Question" VALUES (942, 'Maecenas vestibulum Ipsum iaculis parturient blandit venenatis ridiculus - netus fermentum.

', '2013-09-02 04:00:00', 7, 65);
INSERT INTO "Question" VALUES (946, 'Maecenas urna tempus himenaeos nullam hac tellus laoreet sit morbi...

', '2013-08-06 21:00:00', 91, 52);
INSERT INTO "Question" VALUES (950, 'Potenti fringilla nunc quisque ante nec dui sit; fermentum porttitor.

', '2013-06-07 07:00:00', 7, 45);
INSERT INTO "Question" VALUES (955, 'Potenti libero quisque class lacus vel imperdiet tellus at interdum.

', '2013-06-09 23:00:00', 56, 47);
INSERT INTO "Question" VALUES (961, 'Est taciti quis nulla inceptos sollicitudin malesuada aenean; et venenatis.

', '2013-03-02 12:00:00', 48, 79);
INSERT INTO "Question" VALUES (963, 'Fringilla senectus dapibus litora pretium nam ipsum enim risus at.

', '2013-03-02 14:00:00', 77, 21);
INSERT INTO "Question" VALUES (966, 'Suspendisse sollicitudin dignissim quam facilisis imperdiet mollis interdum fames varius.

', '2013-07-04 19:00:00', 58, 96);
INSERT INTO "Question" VALUES (970, 'Vehicula nascetur torquent sem ac et ante mattis commodo congue.

', '2013-01-01 23:00:00', 78, 24);
INSERT INTO "Question" VALUES (979, 'Nisi dapibus pellentesque lobortis pretium vulputate pulvinar placerat egestas odio.

', '2013-06-05 17:00:00', 45, 23);
INSERT INTO "Question" VALUES (980, 'Lorem senectus ad tristique vulputate eu ipsum leo magna venenatis.

', '2013-07-08 06:00:00', 84, 65);
INSERT INTO "Question" VALUES (986, 'Neque quis curabitur aliquet sapien donec at: arcu fames imperdiet.

', '2013-06-03 08:00:00', 15, 51);
INSERT INTO "Question" VALUES (990, 'Suspendisse senectus curabitur inceptos per id hac laoreet commodo netus.

', '2013-02-02 17:00:00', 57, 48);
INSERT INTO "Question" VALUES (991, 'Lorem volutpat Aenean porta rhoncus laoreet et felis congue sit.

', '2013-04-05 15:00:00', 78, 80);
INSERT INTO "Question" VALUES (999, 'Habitasse libero Dolor torquent eget sapien molestie parturient commodo porta.

', '2013-04-06 01:00:00', 45, 80);
INSERT INTO "Question" VALUES (1000, 'Elit amet nulla aenean ullamcorper viverra ante dui, eleifend porttitor.', '2013-04-05 00:00:00', 84, 74);


--
-- Name: Question_QuestionID_seq; Type: SEQUENCE SET; Schema: public; Owner: postgres
--

SELECT pg_catalog.setval('"Question_QuestionID_seq"', 1000, true);


--
-- Data for Name: Review; Type: TABLE DATA; Schema: public; Owner: postgres
--

INSERT INTO "Review" VALUES (14814, 45, 48, 'We have experienced this service provider a few times in the past. The workers are very cooperative. I would stongly recommend willing customers to try.', 1, '2013-03-08 17:30:00', 45, 3, 2);
INSERT INTO "Review" VALUES (14759, 31, 41, 'I have tried this service provider never before. These people take pride in providing best service. I would stongly recommend people to go here.', 1, '2013-05-05 01:22:00', 48, 3, 3);
INSERT INTO "Review" VALUES (14747, 86, 79, 'I am using this portal to express my opinion about the service review on this portal. These people are not as good as they publicise.', 0, '2013-01-01 03:22:00', 69, 4, 5);
INSERT INTO "Review" VALUES (14768, 17, 97, 'I have experienced this type of service many times in the past. I feel like sharing the service experience here. These people put customers on high pedestal. I would recommend this service.', 0, '2013-04-04 12:23:00', 18, 1, 2);
INSERT INTO "Review" VALUES (14883, 223, 95, 'I should share the experience here. The staff are not as good as they publicise.', 1, '2013-03-02 20:49:00', 81, 5, 3);
INSERT INTO "Review" VALUES (14887, 36, 9, 'I want to mention the service experience on this portal. The people here are very cooperative.', 2, '2013-03-07 22:11:00', 51, 2, 2);
INSERT INTO "Review" VALUES (14750, 73, 61, 'We have tried this type of service a few times before. The workers are not as good as they publicise. I would never recommend willing people to give them a chance.', 1, '2013-08-03 11:45:00', 23, 5, 5);
INSERT INTO "Review" VALUES (14880, 42, 2, 'We have experienced this service provider never before. The workers have a very good customer care. I would never recommend this service.', 3, '2013-05-09 13:21:00', 48, 3, 4);
INSERT INTO "Review" VALUES (14876, 137, 30, 'We gave a try to this service provider never in the past. The workers are very cooperative. I want to recommend this service.', 3, '2013-01-04 12:54:00', 71, 4, 4);
INSERT INTO "Review" VALUES (14769, 165, 39, 'These people take pride in providing best service. I would never recommend people to go here.', 4, '2013-09-01 00:25:00', 27, 0, 2);
INSERT INTO "Review" VALUES (14888, 138, 9, 'I have experienced this type of service many times in the past. I am using this portal to express my opinion about the service review here. These people are very irritating. I would never recommend willing customers to try.', 4, '2013-06-01 12:37:00', 79, 3, 4);
INSERT INTO "Review" VALUES (14791, 158, 45, 'I feel like sharing the experience on this website. The managers are very cooperative.', 5, '2013-04-01 19:15:00', 59, 0, 1);
INSERT INTO "Review" VALUES (14789, 159, 76, 'I have experienced this type of service many times before. I am writing the experience here. The staff take pride in providing best service. I would never recommend this service provider.', 0, '2013-04-03 21:10:00', 94, 0, 3);
INSERT INTO "Review" VALUES (14746, 49, 29, 'I have experienced this type of service never in the past. These people take pride in providing best service. I would stongly recommend willing people to give them a chance.', 4, '2013-09-07 14:27:00', 39, 3, 3);
INSERT INTO "Review" VALUES (14919, 399, 14, 'We have experienced this type of service a few times in the past. These people are not as good as they publicise. I would stongly recommend willing people to give them a chance.', 0, '2013-02-02 16:30:00', 18, 4, 3);
INSERT INTO "Review" VALUES (14760, 157, 82, 'I have experienced this type of service many times in the past. I am using this portal to express my opinion about the service review here. These people are very irritating. I would never recommend willing customers to try.', 4, '2013-08-07 20:44:00', 32, 3, 3);
INSERT INTO "Review" VALUES (14886, 16, 58, 'The staff are not as good as they publicise. I would recommend willing people to give them a chance.', 3, '2013-09-05 00:55:00', 38, 2, 3);
INSERT INTO "Review" VALUES (14802, 82, 72, 'I have experienced this type of service never in the past. The people here give the best possible service. I would stongly recommend people to go here.', 0, '2013-07-04 21:54:00', 23, 5, 4);
INSERT INTO "Review" VALUES (14773, 233, 7, 'I feel like sharing the experience on this website. The people here put customers on high pedestal.', 3, '2013-01-05 15:52:00', 65, 4, 0);
INSERT INTO "Review" VALUES (14861, 5, 56, 'These people take pride in providing best service. I would never recommend people to go here.', 4, '2013-05-08 23:25:00', 79, 1, 3);
INSERT INTO "Review" VALUES (14770, 103, 80, 'I am using this portal to express my opinion about the service experience on this portal. The people here put customers on high pedestal.', 0, '2013-08-07 19:42:00', 48, 4, 1);
INSERT INTO "Review" VALUES (14744, 29, 35, 'I have tried this type of service never before. The workers take pride in providing best service. I would stongly recommend willing people to give them a chance.', 4, '2013-05-06 14:34:00', 53, 2, 5);
INSERT INTO "Review" VALUES (14764, 245, 70, 'The workers take pride in providing best service. I would never recommend willing people to give them a chance.', 2, '2013-03-06 09:40:00', 55, 4, 2);
INSERT INTO "Review" VALUES (14767, 107, 10, 'We have experienced this type of service never in the past. The managers take pride in providing best service. I would stongly recommend people to go here.', 4, '2013-02-04 13:15:00', 26, 5, 4);
INSERT INTO "Review" VALUES (14933, 67, 72, 'The people here have a very good customer care. I would stongly recommend people to go here.', 3, '2013-02-08 03:55:00', 59, 1, 3);
INSERT INTO "Review" VALUES (14752, 200, 14, 'We have experienced this service provider a few times before. I am sharing the service experience via ConcumerConnect. The staff put customers on high pedestal. I would stongly recommend people to go here.', 1, '2013-03-05 11:14:00', 35, 4, 2);
INSERT INTO "Review" VALUES (14749, 123, 91, 'I have tried this type of service never in the past. I must mention the service experience on this portal. The managers take pride in providing best service. I would recommend people to go here.', 2, '2013-09-07 01:11:00', 48, 1, 1);
INSERT INTO "Review" VALUES (14754, 57, 69, 'I have experienced this type of service many times in the past. I feel like sharing the incident on this portal. The workers put customers on high pedestal. I would never recommend willing customers to try.', 1, '2013-02-07 03:46:00', 81, 1, 2);
INSERT INTO "Review" VALUES (14788, 157, 95, 'I want to mention the incident on this website. The people here have a very good customer care.', 4, '2013-03-09 05:29:00', 32, 6, 2);
INSERT INTO "Review" VALUES (14915, 171, 29, 'I gave a try to this type of service never before. I think I should write the incident here. The staff give the best possible service. I would stongly recommend this service.', 2, '2013-02-02 20:21:00', 10, 6, 1);
INSERT INTO "Review" VALUES (14757, 117, 15, 'I am using this portal to express my opinion about the service experience on this website. The people here are very irritating.', 2, '2013-03-09 08:33:00', 55, 5, 2);
INSERT INTO "Review" VALUES (14742, 18, 34, 'The workers take pride in providing best service. I would never recommend willing people to give them a chance.', 2, '2013-06-04 08:11:00', 38, 2, 1);
INSERT INTO "Review" VALUES (14740, 46, 67, 'I want to mention the service experience on this portal. The people here are very cooperative.', 2, '2013-05-08 06:37:00', 69, 2, 4);
INSERT INTO "Review" VALUES (14753, 119, 62, 'These people take pride in providing best service. I would recommend willing customers to try.', 5, '2013-03-02 03:46:00', 32, 4, 4);
INSERT INTO "Review" VALUES (15003, 240, 80, 'The workers take pride in providing best service. I would recommend willing customers to try.', 3, '2013-06-02 10:44:00', 33, 0, 0);
INSERT INTO "Review" VALUES (14800, 5, 68, 'We have experienced this service provider a few times before. I think I should write the service review here. The managers take pride in providing best service. I want to recommend people to go here.', 1, '2013-08-09 08:34:00', 79, 4, 7);
INSERT INTO "Review" VALUES (14831, 172, 44, 'The staff have a very good customer care. I want to recommend willing people to give them a chance.', 2, '2013-01-09 11:39:00', 96, 0, 3);
INSERT INTO "Review" VALUES (14903, 24, 7, 'We gave a try to this service provider never in the past. I am using this portal to express my opinion about the incident via ConcumerConnect. These people put customers on high pedestal. I highly recommend this service.', 1, '2013-01-05 07:43:00', 92, 3, 2);
INSERT INTO "Review" VALUES (14797, 250, 74, 'I gave a try to this service provider never before. These people are very irritating. I would stongly recommend this service.', 1, '2013-05-07 13:45:00', 95, 0, 3);
INSERT INTO "Review" VALUES (14806, 231, 34, 'The people here have a very good customer care. I would stongly recommend people to go here.', 3, '2013-04-09 18:39:00', 80, 2, 8);
INSERT INTO "Review" VALUES (14851, 226, 2, 'The managers have a very good customer care. I would stongly recommend this service.', 5, '2013-08-08 13:18:00', 52, 4, 3);
INSERT INTO "Review" VALUES (14810, 399, 2, 'I have tried this service provider a few times in the past. These people are very cooperative. I want to recommend willing customers to try.', 1, '2013-05-08 14:40:00', 24, 6, 6);
INSERT INTO "Review" VALUES (14899, 43, 68, 'The staff take pride in providing best service. I would never recommend willing customers to try.', 1, '2013-05-03 18:51:00', 32, 5, 3);
INSERT INTO "Review" VALUES (14811, 381, 69, 'We gave a try to this service provider many times before. I feel like sharing the experience via ConcumerConnect. The staff are not as good as they publicise. I would stongly recommend willing people to give them a chance.', 3, '2013-07-02 07:51:00', 100, 5, 3);
INSERT INTO "Review" VALUES (14799, 28, 70, 'I have tried this type of service never before. The managers are very irritating. I want to recommend people to go here.', 5, '2013-02-09 02:47:00', 51, 2, 4);
INSERT INTO "Review" VALUES (14890, 250, 9, 'I have experienced this type of service many times before. I am writing the experience here. The staff take pride in providing best service. I would never recommend this service provider.', 0, '2013-01-08 13:40:00', 36, 3, 2);
INSERT INTO "Review" VALUES (14868, 172, 1, 'I want to mention the incident via ConcumerConnect. The workers have a very good customer care.', 1, '2013-02-09 11:33:00', 98, 3, 4);
INSERT INTO "Review" VALUES (14830, 242, 77, 'I should share the incident on this portal. The people here are not as good as they publicise.', 3, '2013-09-02 21:19:00', 10, 4, 2);
INSERT INTO "Review" VALUES (14793, 172, 57, 'We have experienced this service provider never in the past. The workers are not as good as they publicise. I would recommend willing people to give them a chance.', 4, '2013-07-06 15:24:00', 96, 4, 1);
INSERT INTO "Review" VALUES (14782, 149, 9, 'The staff have a very good customer care. I want to recommend this service provider.', 5, '2013-06-07 07:42:00', 53, 5, 4);
INSERT INTO "Review" VALUES (14783, 171, 90, 'The people here put customers on high pedestal. I would recommend people to go here.', 4, '2013-07-01 00:33:00', 21, 3, 4);
INSERT INTO "Review" VALUES (14838, 100, 9, 'The people here put customers on high pedestal. I would recommend people to go here.', 4, '2013-09-04 09:48:00', 45, 5, 3);
INSERT INTO "Review" VALUES (14916, 376, 67, 'We have tried this type of service never in the past. I am writing the incident on this website. The people here put customers on high pedestal. I want to recommend this service provider.', 4, '2013-08-04 00:22:00', 79, 4, 5);
INSERT INTO "Review" VALUES (14803, 158, 11, 'I have experienced this service provider many times before. These people are not as good as they publicise. I would never recommend willing customers to try.', 1, '2013-01-06 17:28:00', 59, 4, 3);
INSERT INTO "Review" VALUES (14985, 150, 100, 'I have experienced this type of service never before. I am using this portal to express my opinion about the incident on this portal. The managers are not as good as they publicise. I want to recommend willing people to give them a chance.', 1, '2013-02-08 20:15:00', 14, 7, 4);
INSERT INTO "Review" VALUES (14819, 84, 18, 'The workers take pride in providing best service. I would recommend willing customers to try.', 3, '2013-08-02 09:15:00', 70, 2, 2);
INSERT INTO "Review" VALUES (14774, 45, 35, 'The people here are not as good as they publicise. I highly recommend this service.', 5, '2013-06-05 11:54:00', 45, 2, 3);
INSERT INTO "Review" VALUES (14842, 165, 14, 'The managers take pride in providing best service. I highly recommend this service provider.', 3, '2013-09-01 18:15:00', 79, 4, 3);
INSERT INTO "Review" VALUES (14823, 200, 70, 'I have experienced this type of service never before. I am writing the experience on this portal. The workers put customers on high pedestal. I would recommend willing customers to try.', 1, '2013-01-06 21:41:00', 35, 4, 3);
INSERT INTO "Review" VALUES (14796, 23, 56, 'The staff take pride in providing best service. I would never recommend willing customers to try.', 1, '2013-03-06 04:11:00', 95, 2, 3);
INSERT INTO "Review" VALUES (14822, 238, 46, 'I want to mention the experience via ConcumerConnect. The staff have a very good customer care.', 4, '2013-08-08 10:30:00', 63, 3, 7);
INSERT INTO "Review" VALUES (14839, 242, 82, 'We have experienced this service provider never before. The workers have a very good customer care. I would never recommend this service.', 3, '2013-01-01 04:39:00', 10, 1, 3);
INSERT INTO "Review" VALUES (14918, 123, 39, 'We have tried this type of service never in the past. I am writing the incident on this website. The people here put customers on high pedestal. I want to recommend this service provider.', 4, '2013-01-07 02:10:00', 24, 0, 1);
INSERT INTO "Review" VALUES (14911, 187, 16, 'The managers have a very good customer care. I would stongly recommend this service.', 5, '2013-03-07 18:41:00', 75, 3, 5);
INSERT INTO "Review" VALUES (14809, 240, 77, 'We gave a try to this service provider a few times before. I am sharing the experience on this portal. The managers are not as good as they publicise. I highly recommend willing people to give them a chance.', 1, '2013-07-01 15:53:00', 33, 2, 6);
INSERT INTO "Review" VALUES (14841, 115, 72, 'The people here put customers on high pedestal. I would recommend willing people to give them a chance.', 3, '2013-01-08 04:41:00', 71, 1, 1);
INSERT INTO "Review" VALUES (14955, 31, 67, 'The people here put customers on high pedestal. I highly recommend this service.', 4, '2013-09-06 09:32:00', 92, 3, 4);
INSERT INTO "Review" VALUES (14827, 17, 48, 'The workers are not as good as they publicise. I would never recommend willing people to give them a chance.', 5, '2013-04-09 17:37:00', 18, 4, 2);
INSERT INTO "Review" VALUES (14923, 221, 57, 'These people are very irritating. I want to recommend people to go here.', 2, '2013-05-06 15:19:00', 15, 6, 2);
INSERT INTO "Review" VALUES (14808, 245, 79, 'The staff have a very good customer care. I want to recommend this service provider.', 5, '2013-05-03 22:55:00', 55, 5, 0);
INSERT INTO "Review" VALUES (14956, 53, 35, 'We gave a try to this type of service never before. I must mention the experience on this website. These people are not as good as they publicise. I want to recommend willing customers to try.', 1, '2013-09-09 05:53:00', 94, 0, 0);
INSERT INTO "Review" VALUES (15081, 84, 46, 'I have tried this service provider never in the past. The workers are very irritating. I want to recommend this service.', 5, '2013-03-09 09:34:00', 70, 0, 0);
INSERT INTO "Review" VALUES (15180, 191, 79, 'I feel like sharing the experience on this website. The managers are very cooperative.', 5, '2013-09-01 18:46:00', 80, 0, 0);
INSERT INTO "Review" VALUES (14847, 73, 29, 'I think I should write the experience via ConcumerConnect. The people here have a very good customer care.', 5, '2013-05-03 04:34:00', 23, 5, 3);
INSERT INTO "Review" VALUES (14859, 381, 98, 'The workers put customers on high pedestal. I would never recommend willing people to give them a chance.', 3, '2013-08-05 12:49:00', 81, 4, 3);
INSERT INTO "Review" VALUES (14962, 54, 70, 'We have experienced this type of service never in the past. The managers take pride in providing best service. I would stongly recommend people to go here.', 4, '2013-06-04 18:18:00', 36, 5, 5);
INSERT INTO "Review" VALUES (14939, 245, 70, 'I have experienced this service provider a few times before. I should share the experience on this portal. The workers give the best possible service. I would never recommend this service provider.', 1, '2013-08-06 05:22:00', 55, 6, 1);
INSERT INTO "Review" VALUES (14981, 181, 6, 'We have tried this type of service a few times before. The managers are not as good as they publicise. I highly recommend willing people to give them a chance.', 3, '2013-06-07 21:36:00', 23, 4, 5);
INSERT INTO "Review" VALUES (14935, 33, 45, 'The managers have a very good customer care. I would recommend willing people to give them a chance.', 4, '2013-07-09 16:29:00', 74, 3, 3);
INSERT INTO "Review" VALUES (14828, 247, 30, 'These people take pride in providing best service. I would never recommend people to go here.', 4, '2013-08-05 00:33:00', 79, 2, 3);
INSERT INTO "Review" VALUES (14910, 121, 48, 'I have tried this service provider never in the past. The managers give the best possible service. I would recommend willing people to give them a chance.', 1, '2013-06-04 16:27:00', 38, 4, 2);
INSERT INTO "Review" VALUES (14940, 135, 60, 'We have tried this type of service many times in the past. I want to mention the incident here. The staff put customers on high pedestal. I would never recommend willing customers to try.', 0, '2013-06-02 18:28:00', 21, 2, 2);
INSERT INTO "Review" VALUES (14826, 156, 72, 'The people here have a very good customer care. I would never recommend willing customers to try.', 1, '2013-02-02 05:12:00', 69, 3, 2);
INSERT INTO "Review" VALUES (14947, 103, 61, 'The people here have a very good customer care. I highly recommend this service provider.', 3, '2013-03-09 19:45:00', 48, 5, 4);
INSERT INTO "Review" VALUES (14860, 221, 1, 'I want to mention the incident via ConcumerConnect. The workers take pride in providing best service.', 2, '2013-09-07 10:39:00', 85, 4, 5);
INSERT INTO "Review" VALUES (14951, 137, 60, 'We gave a try to this service provider never in the past. I am using this portal to express my opinion about the incident via ConcumerConnect. These people put customers on high pedestal. I highly recommend this service.', 1, '2013-04-07 11:24:00', 71, 4, 2);
INSERT INTO "Review" VALUES (14816, 57, 10, 'We gave a try to this service provider never in the past. The workers are very cooperative. I want to recommend this service.', 3, '2013-03-07 01:47:00', 81, 2, 4);
INSERT INTO "Review" VALUES (14924, 240, 67, 'We have tried this service provider never in the past. I am sharing the experience via ConcumerConnect. The managers are very irritating. I want to recommend people to go here.', 2, '2013-07-07 00:17:00', 33, 2, 0);
INSERT INTO "Review" VALUES (14929, 250, 62, 'I have experienced this type of service a few times before. The people here have a very good customer care. I highly recommend willing customers to try.', 1, '2013-02-07 23:50:00', 95, 2, 5);
INSERT INTO "Review" VALUES (14968, 390, 91, 'I gave a try to this service provider a few times before. The workers put customers on high pedestal. I would never recommend willing people to give them a chance.', 5, '2013-05-05 20:18:00', 32, 3, 3);
INSERT INTO "Review" VALUES (14837, 223, 10, 'I have experienced this type of service a few times before. The people here have a very good customer care. I highly recommend willing customers to try.', 1, '2013-09-07 21:49:00', 45, 2, 1);
INSERT INTO "Review" VALUES (14964, 49, 18, 'I should share the incident on this portal. The people here are not as good as they publicise.', 3, '2013-06-02 08:47:00', 39, 3, 1);
INSERT INTO "Review" VALUES (14948, 246, 70, 'The managers are not as good as they publicise. I would stongly recommend willing people to give them a chance.', 0, '2013-05-03 20:43:00', 22, 5, 4);
INSERT INTO "Review" VALUES (14921, 152, 69, 'I gave a try to this type of service never in the past. These people have a very good customer care. I highly recommend people to go here.', 0, '2013-06-09 06:14:00', 70, 1, 5);
INSERT INTO "Review" VALUES (14854, 180, 77, 'I have experienced this type of service a few times before. I am using this portal to express my opinion about the service experience on this portal. The staff are very irritating. I would stongly recommend this service.', 5, '2013-07-05 04:28:00', 46, 4, 5);
INSERT INTO "Review" VALUES (14945, 118, 79, 'I gave a try to this service provider many times in the past. These people are very irritating. I want to recommend this service provider.', 2, '2013-08-07 20:23:00', 14, 1, 2);
INSERT INTO "Review" VALUES (14941, 48, 100, 'I must mention the experience here. The managers take pride in providing best service.', 2, '2013-06-01 00:12:00', 96, 5, 3);
INSERT INTO "Review" VALUES (14936, 374, 9, 'These people are very irritating. I would stongly recommend willing people to give them a chance.', 5, '2013-06-05 07:43:00', 15, 4, 5);
INSERT INTO "Review" VALUES (14858, 249, 56, 'I gave a try to this type of service a few times before. I should share the experience on this portal. The people here take pride in providing best service. I would stongly recommend willing customers to try.', 5, '2013-07-08 12:34:00', 63, 3, 8);
INSERT INTO "Review" VALUES (14984, 45, 61, 'I have experienced this service provider never in the past. I am writing the experience via ConcumerConnect. The people here are very irritating. I would recommend this service provider.', 4, '2013-09-03 23:28:00', 45, 4, 3);
INSERT INTO "Review" VALUES (14832, 170, 10, 'These people take pride in providing best service. I would recommend willing customers to try.', 5, '2013-06-01 20:10:00', 75, 5, 4);
INSERT INTO "Review" VALUES (14942, 183, 35, 'I must mention the experience on this portal. The staff have a very good customer care.', 2, '2013-04-08 12:26:00', 41, 8, 4);
INSERT INTO "Review" VALUES (14946, 169, 10, 'I am using this portal to express my opinion about the service review on this portal. These people are not as good as they publicise.', 0, '2013-09-07 21:50:00', 69, 4, 2);
INSERT INTO "Review" VALUES (14938, 248, 79, 'I am using this portal to express my opinion about the experience on this portal. The people here have a very good customer care.', 0, '2013-09-01 22:49:00', 36, 2, 4);
INSERT INTO "Review" VALUES (15098, 50, 56, 'The workers put customers on high pedestal. I would never recommend willing people to give them a chance.', 3, '2013-08-03 10:44:00', 53, 0, 0);
INSERT INTO "Review" VALUES (15005, 399, 79, 'The staff take pride in providing best service. I want to recommend willing people to give them a chance.', 3, '2013-02-07 00:37:00', 19, 0, 0);
INSERT INTO "Review" VALUES (15006, 181, 74, 'The staff take pride in providing best service. I would never recommend willing customers to try.', 1, '2013-04-05 19:55:00', 52, 0, 0);
INSERT INTO "Review" VALUES (15007, 188, 77, 'The staff give the best possible service. I would never recommend this service.', 4, '2013-08-06 06:38:00', 19, 0, 0);
INSERT INTO "Review" VALUES (15010, 245, 74, 'I have experienced this type of service many times in the past. The workers are very cooperative. I would stongly recommend willing customers to try.', 1, '2013-05-07 07:36:00', 55, 0, 0);
INSERT INTO "Review" VALUES (15012, 119, 91, 'I have experienced this type of service never before. The people here have a very good customer care. I would stongly recommend people to go here.', 3, '2013-05-08 04:42:00', 32, 0, 0);
INSERT INTO "Review" VALUES (15014, 16, 88, 'I am writing the experience here. The staff are not as good as they publicise.', 2, '2013-08-06 07:17:00', 48, 0, 0);
INSERT INTO "Review" VALUES (15017, 159, 91, 'I have tried this service provider never in the past. The managers give the best possible service. I would recommend willing people to give them a chance.', 1, '2013-06-03 10:10:00', 94, 0, 0);
INSERT INTO "Review" VALUES (15018, 237, 95, 'The workers put customers on high pedestal. I would never recommend willing people to give them a chance.', 3, '2013-07-03 13:52:00', 40, 0, 0);
INSERT INTO "Review" VALUES (15019, 242, 2, 'We gave a try to this type of service never before. I should share the service review via ConcumerConnect. The people here have a very good customer care. I want to recommend willing customers to try.', 0, '2013-08-09 15:53:00', 10, 0, 0);
INSERT INTO "Review" VALUES (15020, 381, 98, 'I must mention the experience here. The managers take pride in providing best service.', 2, '2013-07-03 01:46:00', 79, 0, 0);
INSERT INTO "Review" VALUES (15021, 248, 56, 'I have experienced this service provider a few times before. I should share the experience on this portal. The workers give the best possible service. I would never recommend this service provider.', 1, '2013-06-05 02:36:00', 36, 0, 0);
INSERT INTO "Review" VALUES (15022, 83, 22, 'I have experienced this type of service many times before. I am writing the experience here. The staff take pride in providing best service. I would never recommend this service provider.', 0, '2013-04-05 18:49:00', 81, 0, 0);
INSERT INTO "Review" VALUES (15024, 107, 38, 'We have tried this type of service never in the past. The managers put customers on high pedestal. I would recommend this service.', 5, '2013-01-05 06:41:00', 26, 0, 0);
INSERT INTO "Review" VALUES (15025, 165, 44, 'We gave a try to this type of service never before. The managers have a very good customer care. I want to recommend willing people to give them a chance.', 3, '2013-08-04 09:34:00', 79, 0, 0);
INSERT INTO "Review" VALUES (15068, 191, 79, 'The workers are not as good as they publicise. I would recommend willing customers to try.', 2, '2013-07-03 03:22:00', 80, 0, 0);
INSERT INTO "Review" VALUES (14973, 82, 6, 'I have experienced this type of service many times in the past. I am using this portal to express my opinion about the service review here. These people are very irritating. I would never recommend willing customers to try.', 4, '2013-06-01 18:35:00', 23, 3, 1);
INSERT INTO "Review" VALUES (14976, 46, 44, 'I think I should write the service review on this portal. These people give the best possible service.', 3, '2013-09-08 00:26:00', 69, 6, 5);
INSERT INTO "Review" VALUES (14961, 240, 77, 'I feel like sharing the experience on this website. The managers are very cooperative.', 5, '2013-07-01 22:25:00', 33, 8, 2);
INSERT INTO "Review" VALUES (14982, 123, 22, 'I want to mention the service review on this website. These people take pride in providing best service.', 4, '2013-04-05 16:53:00', 48, 1, 3);
INSERT INTO "Review" VALUES (14992, 137, 88, 'I have tried this type of service never before. The workers take pride in providing best service. I would stongly recommend willing people to give them a chance.', 4, '2013-05-06 21:29:00', 14, 2, 3);
INSERT INTO "Review" VALUES (14991, 159, 74, 'I want to mention the incident via ConcumerConnect. The workers take pride in providing best service.', 2, '2013-05-05 10:41:00', 94, 6, 5);
INSERT INTO "Review" VALUES (14967, 374, 1, 'I have experienced this service provider never in the past. I am writing the experience via ConcumerConnect. The people here are very irritating. I would recommend this service provider.', 4, '2013-07-09 01:33:00', 15, 5, 2);
INSERT INTO "Review" VALUES (14997, 47, 68, 'We have tried this type of service a few times before. The workers are not as good as they publicise. I would never recommend willing people to give them a chance.', 1, '2013-05-07 14:26:00', 100, 5, 4);
INSERT INTO "Review" VALUES (14972, 191, 1, 'These people give the best possible service. I would recommend willing customers to try.', 1, '2013-04-06 21:23:00', 100, 3, 1);
INSERT INTO "Review" VALUES (14994, 158, 6, 'We gave a try to this type of service never before. The people here put customers on high pedestal. I want to recommend willing people to give them a chance.', 4, '2013-08-08 16:36:00', 59, 5, 6);
INSERT INTO "Review" VALUES (14999, 374, 100, 'We have experienced this service provider a few times before. I feel like sharing the service review here. The managers give the best possible service. I highly recommend willing people to give them a chance.', 1, '2013-07-03 17:11:00', 21, 5, 3);
INSERT INTO "Review" VALUES (14993, 118, 16, 'We have tried this service provider never in the past. I want to mention the service review on this website. The managers take pride in providing best service. I would never recommend willing customers to try.', 1, '2013-01-08 00:18:00', 14, 2, 2);
INSERT INTO "Review" VALUES (14958, 249, 34, 'I gave a try to this service provider never before. The managers take pride in providing best service. I would recommend willing customers to try.', 4, '2013-06-09 03:49:00', 65, 5, 0);
INSERT INTO "Review" VALUES (14996, 398, 58, 'I have experienced this type of service many times before. I am writing the experience here. The staff take pride in providing best service. I would never recommend this service provider.', 0, '2013-05-05 12:51:00', 81, 2, 4);
INSERT INTO "Review" VALUES (14995, 397, 11, 'I have experienced this type of service many times in the past. I feel like sharing the service experience here. These people put customers on high pedestal. I would recommend this service.', 0, '2013-03-07 13:49:00', 38, 2, 4);
INSERT INTO "Review" VALUES (14974, 159, 45, 'The workers are not as good as they publicise. I would never recommend willing people to give them a chance.', 5, '2013-05-02 00:54:00', 94, 3, 3);
INSERT INTO "Review" VALUES (14966, 66, 78, 'We have experienced this type of service a few times in the past. These people are not as good as they publicise. I would stongly recommend willing people to give them a chance.', 0, '2013-08-08 06:40:00', 94, 3, 1);
INSERT INTO "Review" VALUES (14983, 158, 8, 'We have experienced this service provider a few times before. I am sharing the service experience via ConcumerConnect. The staff put customers on high pedestal. I would stongly recommend people to go here.', 1, '2013-09-05 15:41:00', 59, 3, 3);
INSERT INTO "Review" VALUES (15026, 48, 6, 'We gave a try to this type of service never before. I should share the service review via ConcumerConnect. The people here have a very good customer care. I want to recommend willing customers to try.', 0, '2013-07-09 15:15:00', 96, 0, 0);
INSERT INTO "Review" VALUES (15027, 177, 15, 'We have tried this type of service a few times in the past. The managers take pride in providing best service. I want to recommend this service provider.', 3, '2013-08-08 08:16:00', 41, 0, 0);
INSERT INTO "Review" VALUES (15031, 399, 18, 'We gave a try to this service provider never in the past. I am using this portal to express my opinion about the incident via ConcumerConnect. These people put customers on high pedestal. I highly recommend this service.', 1, '2013-08-01 14:49:00', 24, 0, 0);
INSERT INTO "Review" VALUES (15032, 109, 79, 'I have experienced this type of service never before. I am writing the experience on this portal. The workers put customers on high pedestal. I would recommend willing customers to try.', 1, '2013-05-08 20:15:00', 81, 0, 0);
INSERT INTO "Review" VALUES (15033, 205, 45, 'The people here put customers on high pedestal. I would recommend people to go here.', 4, '2013-02-02 05:43:00', 75, 0, 0);
INSERT INTO "Review" VALUES (15034, 118, 58, 'We have tried this service provider never in the past. I want to mention the service review on this website. The managers take pride in providing best service. I would never recommend willing customers to try.', 1, '2013-03-09 06:35:00', 14, 0, 0);
INSERT INTO "Review" VALUES (15035, 88, 35, 'The staff have a very good customer care. I want to recommend this service provider.', 5, '2013-01-06 18:36:00', 36, 0, 0);
INSERT INTO "Review" VALUES (15036, 188, 68, 'We gave a try to this type of service never before. The people here put customers on high pedestal. I want to recommend willing people to give them a chance.', 4, '2013-08-09 18:18:00', 24, 0, 0);
INSERT INTO "Review" VALUES (15037, 221, 57, 'I have tried this service provider many times in the past. The people here take pride in providing best service. I would never recommend willing customers to try.', 5, '2013-01-03 03:52:00', 85, 0, 0);
INSERT INTO "Review" VALUES (15038, 100, 74, 'I have tried this type of service never in the past. I must mention the service experience on this portal. The managers take pride in providing best service. I would recommend people to go here.', 2, '2013-03-09 10:18:00', 25, 0, 0);
INSERT INTO "Review" VALUES (15040, 387, 14, 'I am using this portal to express my opinion about the service review on this portal. These people are not as good as they publicise.', 0, '2013-03-09 13:16:00', 75, 0, 0);
INSERT INTO "Review" VALUES (15044, 84, 88, 'We have tried this type of service a few times before. The managers are not as good as they publicise. I highly recommend willing people to give them a chance.', 3, '2013-08-02 17:41:00', 70, 0, 0);
INSERT INTO "Review" VALUES (15046, 224, 1, 'The staff take pride in providing best service. I want to recommend willing people to give them a chance.', 3, '2013-04-06 09:47:00', 36, 0, 0);
INSERT INTO "Review" VALUES (15050, 53, 69, 'These people have a very good customer care. I would recommend this service.', 2, '2013-09-05 00:36:00', 96, 0, 0);
INSERT INTO "Review" VALUES (15053, 31, 7, 'I have tried this type of service never in the past. I must mention the service experience on this portal. The managers take pride in providing best service. I would recommend people to go here.', 2, '2013-04-08 15:42:00', 21, 0, 0);
INSERT INTO "Review" VALUES (15056, 221, 90, 'The workers take pride in providing best service. I would never recommend willing people to give them a chance.', 2, '2013-08-03 05:15:00', 85, 0, 0);
INSERT INTO "Review" VALUES (15058, 231, 16, 'We have experienced this service provider never in the past. The workers are not as good as they publicise. I would recommend willing people to give them a chance.', 4, '2013-06-07 09:12:00', 80, 0, 0);
INSERT INTO "Review" VALUES (15059, 157, 78, 'These people are very irritating. I want to recommend people to go here.', 2, '2013-03-07 22:18:00', 32, 0, 0);
INSERT INTO "Review" VALUES (15061, 86, 88, 'I have tried this type of service a few times before. The workers give the best possible service. I would never recommend this service provider.', 4, '2013-07-05 16:42:00', 69, 0, 0);
INSERT INTO "Review" VALUES (15063, 87, 15, 'I want to mention the service experience via ConcumerConnect. The people here are not as good as they publicise.', 1, '2013-08-07 09:54:00', 45, 0, 0);
INSERT INTO "Review" VALUES (15067, 381, 48, 'These people take pride in providing best service. I would recommend willing customers to try.', 5, '2013-01-05 21:50:00', 95, 0, 0);
INSERT INTO "Review" VALUES (15071, 57, 80, 'I have experienced this type of service many times in the past. I am using this portal to express my opinion about the service review here. These people are very irritating. I would never recommend willing customers to try.', 4, '2013-01-04 07:25:00', 81, 0, 0);
INSERT INTO "Review" VALUES (15072, 177, 15, 'We have tried this service provider never before. I am using this portal to express my opinion about the incident on this website. The workers give the best possible service. I highly recommend people to go here.', 5, '2013-09-03 16:22:00', 41, 0, 0);
INSERT INTO "Review" VALUES (15075, 249, 99, 'I gave a try to this type of service many times before. I want to mention the service experience via ConcumerConnect. These people put customers on high pedestal. I would never recommend people to go here.', 5, '2013-08-07 06:25:00', 65, 0, 0);
INSERT INTO "Review" VALUES (15079, 221, 35, 'We have experienced this service provider never before. The workers have a very good customer care. I would never recommend this service.', 3, '2013-02-01 05:27:00', 85, 0, 0);
INSERT INTO "Review" VALUES (15080, 248, 57, 'I have experienced this type of service a few times in the past. I should share the service review via ConcumerConnect. The managers put customers on high pedestal. I would never recommend willing customers to try.', 2, '2013-06-06 18:29:00', 74, 0, 0);
INSERT INTO "Review" VALUES (15083, 240, 69, 'I have experienced this type of service never in the past. The people here give the best possible service. I would stongly recommend people to go here.', 0, '2013-05-06 03:43:00', 33, 0, 0);
INSERT INTO "Review" VALUES (15084, 43, 35, 'I feel like sharing the experience on this website. The managers are very cooperative.', 5, '2013-02-04 02:38:00', 32, 0, 0);
INSERT INTO "Review" VALUES (15085, 220, 61, 'I have experienced this type of service never in the past. The people here give the best possible service. I would stongly recommend people to go here.', 0, '2013-05-06 11:38:00', 63, 0, 0);
INSERT INTO "Review" VALUES (15087, 49, 48, 'The workers are very irritating. I would recommend this service provider.', 1, '2013-05-01 20:17:00', 39, 0, 0);
INSERT INTO "Review" VALUES (15089, 202, 98, 'These people have a very good customer care. I would recommend willing people to give them a chance.', 2, '2013-02-07 09:54:00', 45, 0, 0);
INSERT INTO "Review" VALUES (15091, 381, 76, 'The people here put customers on high pedestal. I would recommend people to go here.', 4, '2013-09-04 07:20:00', 81, 0, 0);
INSERT INTO "Review" VALUES (15092, 33, 61, 'I have experienced this type of service many times in the past. The workers are very cooperative. I would stongly recommend willing customers to try.', 1, '2013-01-09 19:22:00', 74, 0, 0);
INSERT INTO "Review" VALUES (15099, 73, 8, 'The people here give the best possible service. I would stongly recommend this service provider.', 2, '2013-07-07 15:50:00', 23, 0, 0);
INSERT INTO "Review" VALUES (15100, 250, 35, 'These people are very cooperative. I would recommend this service provider.', 1, '2013-07-03 15:11:00', 95, 0, 0);
INSERT INTO "Review" VALUES (15101, 16, 91, 'I want to mention the incident via ConcumerConnect. The workers have a very good customer care.', 1, '2013-03-01 12:50:00', 55, 0, 0);
INSERT INTO "Review" VALUES (15105, 9, 79, 'I am sharing the service review here. The people here give the best possible service.', 2, '2013-08-06 00:24:00', 71, 0, 0);
INSERT INTO "Review" VALUES (15106, 190, 16, 'These people are not as good as they publicise. I want to recommend this service.', 5, '2013-03-08 01:54:00', 94, 0, 0);
INSERT INTO "Review" VALUES (15107, 36, 30, 'We have experienced this service provider a few times before. I am sharing the service experience via ConcumerConnect. The staff put customers on high pedestal. I would stongly recommend people to go here.', 1, '2013-04-03 02:46:00', 51, 0, 0);
INSERT INTO "Review" VALUES (15112, 88, 68, 'We gave a try to this service provider many times in the past. I am writing the service experience via ConcumerConnect. The managers give the best possible service. I would never recommend willing people to give them a chance.', 2, '2013-04-08 01:10:00', 36, 0, 0);
INSERT INTO "Review" VALUES (15116, 147, 22, 'The workers are very irritating. I would recommend this service provider.', 1, '2013-08-04 08:54:00', 39, 0, 0);
INSERT INTO "Review" VALUES (15117, 48, 57, 'I am using this portal to express my opinion about the service experience via ConcumerConnect. The people here are very irritating.', 1, '2013-09-05 12:16:00', 96, 0, 0);
INSERT INTO "Review" VALUES (15120, 250, 100, 'We gave a try to this type of service never before. The people here put customers on high pedestal. I want to recommend willing people to give them a chance.', 4, '2013-05-03 14:30:00', 36, 0, 0);
INSERT INTO "Review" VALUES (15122, 100, 18, 'We have tried this type of service a few times before. The workers are not as good as they publicise. I would never recommend willing people to give them a chance.', 1, '2013-03-07 07:18:00', 45, 0, 0);
INSERT INTO "Review" VALUES (15123, 137, 29, 'We have experienced this service provider never before. The workers have a very good customer care. I would never recommend this service.', 3, '2013-03-04 09:38:00', 71, 0, 0);
INSERT INTO "Review" VALUES (15125, 196, 30, 'We have tried this service provider never in the past. I am sharing the experience via ConcumerConnect. The managers are very irritating. I want to recommend people to go here.', 2, '2013-08-06 10:37:00', 70, 0, 0);
INSERT INTO "Review" VALUES (15126, 96, 78, 'I want to mention the service review on this portal. These people are very irritating.', 2, '2013-07-07 15:20:00', 71, 0, 0);
INSERT INTO "Review" VALUES (15128, 154, 39, 'I have tried this type of service never before. The managers are very irritating. I want to recommend people to go here.', 5, '2013-03-08 12:24:00', 23, 0, 0);
INSERT INTO "Review" VALUES (15129, 16, 70, 'I have experienced this service provider many times before. These people are not as good as they publicise. I would never recommend willing customers to try.', 1, '2013-09-06 08:31:00', 38, 0, 0);
INSERT INTO "Review" VALUES (15131, 167, 88, 'We have experienced this type of service a few times before. I feel like sharing the incident here. The staff are very irritating. I would recommend willing customers to try.', 4, '2013-03-01 17:53:00', 18, 0, 0);
INSERT INTO "Review" VALUES (15133, 41, 98, 'I have experienced this service provider never before. I think I should write the experience here. These people are very irritating. I would never recommend willing people to give them a chance.', 3, '2013-08-07 06:50:00', 32, 0, 0);
INSERT INTO "Review" VALUES (15134, 31, 44, 'The managers take pride in providing best service. I would stongly recommend this service provider.', 0, '2013-02-02 11:11:00', 92, 0, 0);
INSERT INTO "Review" VALUES (15136, 123, 11, 'The workers put customers on high pedestal. I would recommend people to go here.', 3, '2013-08-06 02:27:00', 24, 0, 0);
INSERT INTO "Review" VALUES (15138, 98, 61, 'We gave a try to this type of service never before. I should share the service review via ConcumerConnect. The people here have a very good customer care. I want to recommend willing customers to try.', 0, '2013-06-06 19:15:00', 35, 0, 0);
INSERT INTO "Review" VALUES (15140, 195, 35, 'We have tried this type of service many times before. The people here are not as good as they publicise. I would never recommend this service provider.', 2, '2013-03-05 04:25:00', 57, 0, 0);
INSERT INTO "Review" VALUES (15141, 167, 56, 'We have tried this service provider never in the past. I want to mention the service review on this website. The managers take pride in providing best service. I would never recommend willing customers to try.', 1, '2013-05-05 02:30:00', 18, 0, 0);
INSERT INTO "Review" VALUES (15142, 187, 76, 'I have tried this type of service a few times before. I think I should write the experience on this website. The managers are very cooperative. I would never recommend willing people to give them a chance.', 5, '2013-09-03 14:12:00', 75, 0, 0);
INSERT INTO "Review" VALUES (15145, 387, 16, 'The workers put customers on high pedestal. I would recommend people to go here.', 3, '2013-04-05 07:45:00', 75, 0, 0);
INSERT INTO "Review" VALUES (15146, 49, 30, 'I want to mention the experience via ConcumerConnect. The staff have a very good customer care.', 4, '2013-08-04 04:29:00', 39, 0, 0);
INSERT INTO "Review" VALUES (15147, 46, 97, 'These people are not as good as they publicise. I want to recommend this service.', 5, '2013-03-01 05:29:00', 69, 0, 0);
INSERT INTO "Review" VALUES (15151, 225, 98, 'I have experienced this service provider many times in the past. I want to mention the incident on this portal. These people take pride in providing best service. I want to recommend people to go here.', 1, '2013-05-08 15:45:00', 85, 0, 0);
INSERT INTO "Review" VALUES (15152, 171, 58, 'The workers take pride in providing best service. I would recommend willing customers to try.', 3, '2013-01-03 04:54:00', 21, 0, 0);
INSERT INTO "Review" VALUES (15154, 183, 34, 'The workers put customers on high pedestal. I would recommend people to go here.', 3, '2013-04-01 16:10:00', 41, 0, 0);
INSERT INTO "Review" VALUES (15156, 374, 46, 'I am sharing the service review here. The people here give the best possible service.', 2, '2013-02-06 00:36:00', 15, 0, 0);
INSERT INTO "Review" VALUES (15157, 249, 18, 'The people here have a very good customer care. I would stongly recommend people to go here.', 3, '2013-07-06 17:21:00', 63, 0, 0);
INSERT INTO "Review" VALUES (15158, 181, 58, 'I have experienced this type of service never before. I am sharing the service experience on this portal. These people put customers on high pedestal. I would stongly recommend this service provider.', 5, '2013-05-05 01:24:00', 23, 0, 0);
INSERT INTO "Review" VALUES (15162, 171, 69, 'I have experienced this type of service never before. I am sharing the service experience on this portal. These people put customers on high pedestal. I would stongly recommend this service provider.', 5, '2013-07-02 18:30:00', 10, 0, 0);
INSERT INTO "Review" VALUES (15163, 88, 98, 'These people are very irritating. I would stongly recommend willing people to give them a chance.', 5, '2013-02-07 04:46:00', 36, 0, 0);
INSERT INTO "Review" VALUES (15165, 20, 9, 'I have tried this type of service never in the past. The people here put customers on high pedestal. I would never recommend people to go here.', 1, '2013-03-09 19:44:00', 24, 0, 0);
INSERT INTO "Review" VALUES (15167, 83, 97, 'I have tried this type of service a few times before. The workers give the best possible service. I would never recommend this service provider.', 4, '2013-07-08 14:36:00', 81, 0, 0);
INSERT INTO "Review" VALUES (15169, 80, 2, 'I am sharing the service review here. The people here give the best possible service.', 2, '2013-05-08 00:13:00', 86, 0, 0);
INSERT INTO "Review" VALUES (15172, 156, 2, 'We gave a try to this type of service never before. The managers have a very good customer care. I want to recommend willing people to give them a chance.', 3, '2013-04-05 16:14:00', 69, 0, 0);
INSERT INTO "Review" VALUES (15173, 46, 38, 'The people here are not as good as they publicise. I highly recommend this service.', 5, '2013-05-02 17:10:00', 69, 0, 0);
INSERT INTO "Review" VALUES (15177, 249, 57, 'I am sharing the service review here. The people here give the best possible service.', 2, '2013-09-01 08:33:00', 65, 0, 0);
INSERT INTO "Review" VALUES (15178, 90, 100, 'I am using this portal to express my opinion about the service review on this portal. These people are not as good as they publicise.', 0, '2013-09-01 08:23:00', 15, 0, 0);
INSERT INTO "Review" VALUES (15179, 128, 95, 'I have experienced this type of service never in the past. The people here give the best possible service. I would stongly recommend people to go here.', 0, '2013-03-05 23:39:00', 85, 0, 0);
INSERT INTO "Review" VALUES (15182, 9, 80, 'I have experienced this type of service many times before. These people are not as good as they publicise. I would never recommend this service.', 5, '2013-01-08 00:52:00', 71, 0, 0);
INSERT INTO "Review" VALUES (15183, 42, 60, 'These people are very cooperative. I want to recommend this service.', 3, '2013-08-04 06:31:00', 48, 0, 0);
INSERT INTO "Review" VALUES (15184, 24, 62, 'We have experienced this type of service a few times before. I feel like sharing the incident here. The staff are very irritating. I would recommend willing customers to try.', 4, '2013-04-08 11:49:00', 92, 0, 0);
INSERT INTO "Review" VALUES (14821, 375, 58, 'I have experienced this type of service never before. I am using this portal to express my opinion about the incident on this portal. The managers are not as good as they publicise. I want to recommend willing people to give them a chance.', 1, '2013-03-02 10:18:00', 25, 3, 1);
INSERT INTO "Review" VALUES (14864, 191, 78, 'I am using this portal to express my opinion about the service experience via ConcumerConnect. The people here are very irritating.', 1, '2013-04-09 12:26:00', 100, 4, 3);
INSERT INTO "Review" VALUES (14870, 233, 82, 'We have experienced this type of service never in the past. The managers take pride in providing best service. I would stongly recommend people to go here.', 4, '2013-05-09 13:27:00', 65, 3, 4);
INSERT INTO "Review" VALUES (14825, 177, 35, 'The staff give the best possible service. I would never recommend this service.', 4, '2013-07-04 17:52:00', 41, 4, 5);
INSERT INTO "Review" VALUES (14743, 374, 78, 'The workers are not as good as they publicise. I would recommend willing people to give them a chance.', 0, '2013-09-06 22:19:00', 21, 4, 4);
INSERT INTO "Review" VALUES (14785, 128, 60, 'I have tried this type of service a few times before. I think I should write the experience on this website. The managers are very cooperative. I would never recommend willing people to give them a chance.', 5, '2013-02-07 06:35:00', 85, 3, 3);
INSERT INTO "Review" VALUES (14975, 376, 84, 'I have tried this type of service never in the past. I must mention the service experience on this portal. The managers take pride in providing best service. I would recommend people to go here.', 2, '2013-08-09 06:16:00', 79, 6, 5);
INSERT INTO "Review" VALUES (14989, 48, 61, 'I gave a try to this type of service many times before. I am using this portal to express my opinion about the service experience on this portal. These people put customers on high pedestal. I would recommend people to go here.', 5, '2013-04-07 11:17:00', 96, 3, 8);
INSERT INTO "Review" VALUES (14849, 387, 74, 'We gave a try to this type of service never before. The people here put customers on high pedestal. I want to recommend willing people to give them a chance.', 4, '2013-04-06 05:34:00', 75, 6, 3);
INSERT INTO "Review" VALUES (14893, 107, 74, 'The staff take pride in providing best service. I want to recommend willing people to give them a chance.', 3, '2013-09-09 14:13:00', 26, 3, 4);
INSERT INTO "Review" VALUES (14960, 221, 57, 'We have experienced this service provider a few times before. I feel like sharing the service review here. The managers give the best possible service. I highly recommend willing people to give them a chance.', 1, '2013-06-07 06:23:00', 85, 3, 4);
INSERT INTO "Review" VALUES (14775, 143, 38, 'We have tried this service provider never before. I am using this portal to express my opinion about the incident on this website. The workers give the best possible service. I highly recommend people to go here.', 5, '2013-07-02 17:36:00', 41, 4, 2);
INSERT INTO "Review" VALUES (14971, 172, 46, 'I gave a try to this type of service many times before. I want to mention the service experience via ConcumerConnect. These people put customers on high pedestal. I would never recommend people to go here.', 5, '2013-07-06 04:34:00', 96, 4, 1);


--
-- Name: Review_CustomerUserID_seq; Type: SEQUENCE SET; Schema: public; Owner: postgres
--

SELECT pg_catalog.setval('"Review_CustomerUserID_seq"', 1, false);


--
-- Name: Review_ReviewID_seq; Type: SEQUENCE SET; Schema: public; Owner: postgres
--

SELECT pg_catalog.setval('"Review_ReviewID_seq"', 15185, true);


--
-- Name: Review_ServiceID_seq; Type: SEQUENCE SET; Schema: public; Owner: postgres
--

SELECT pg_catalog.setval('"Review_ServiceID_seq"', 1, false);


--
-- Data for Name: Service; Type: TABLE DATA; Schema: public; Owner: postgres
--

INSERT INTO "Service" VALUES (0, 'Home', 'Air Duct Cleaning', NULL);
INSERT INTO "Service" VALUES (1, 'Home', 'Animal Removal', NULL);
INSERT INTO "Service" VALUES (2, 'Home', 'Appliance Refinishing', NULL);
INSERT INTO "Service" VALUES (3, 'Home', 'Appliance Repair', NULL);
INSERT INTO "Service" VALUES (4, 'Home', 'Appliance Sales', NULL);
INSERT INTO "Service" VALUES (5, 'Home', 'Architect', NULL);
INSERT INTO "Service" VALUES (6, 'Home', 'Asbestos Removal', NULL);
INSERT INTO "Service" VALUES (7, 'Home', 'Asphalt Driveway', NULL);
INSERT INTO "Service" VALUES (8, 'Home', 'Awnings', NULL);
INSERT INTO "Service" VALUES (9, 'Home', 'Banks', NULL);
INSERT INTO "Service" VALUES (10, 'Home', 'Basement Remodeling', NULL);
INSERT INTO "Service" VALUES (11, 'Home', 'Basement Waterproofing', NULL);
INSERT INTO "Service" VALUES (12, 'Home', 'Bathroom Remodeling', NULL);
INSERT INTO "Service" VALUES (13, 'Home', 'Bathtub Refinishing', NULL);
INSERT INTO "Service" VALUES (14, 'Home', 'Billiard Table Repair', NULL);
INSERT INTO "Service" VALUES (15, 'Home', 'Billiard Table Sales', NULL);
INSERT INTO "Service" VALUES (16, 'Home', 'Biohazard Cleanup', NULL);
INSERT INTO "Service" VALUES (17, 'Home', 'Blind Cleaning', NULL);
INSERT INTO "Service" VALUES (18, 'Home', 'Buffing & Polishing', NULL);
INSERT INTO "Service" VALUES (19, 'Home', 'Cabinet Refacing', NULL);
INSERT INTO "Service" VALUES (20, 'Home', 'Cable TV Service', NULL);
INSERT INTO "Service" VALUES (21, 'Home', 'Camcorder Repair', NULL);
INSERT INTO "Service" VALUES (22, 'Home', 'Camera Repair', NULL);
INSERT INTO "Service" VALUES (23, 'Home', 'Carpenter', NULL);
INSERT INTO "Service" VALUES (24, 'Home', 'Carpet Cleaners', NULL);
INSERT INTO "Service" VALUES (25, 'Home', 'Carpet Installation', NULL);
INSERT INTO "Service" VALUES (26, 'Home', 'Ceiling Fans', NULL);
INSERT INTO "Service" VALUES (27, 'Home', 'Cell Phone Service', NULL);
INSERT INTO "Service" VALUES (28, 'Home', 'Ceramic Tile', NULL);
INSERT INTO "Service" VALUES (29, 'Home', 'Childproofing', NULL);
INSERT INTO "Service" VALUES (30, 'Home', 'Chimney Caps', NULL);
INSERT INTO "Service" VALUES (31, 'Home', 'Chimney Repair', NULL);
INSERT INTO "Service" VALUES (32, 'Home', 'Chimney Sweep', NULL);
INSERT INTO "Service" VALUES (33, 'Home', 'China Repair', NULL);
INSERT INTO "Service" VALUES (34, 'Home', 'Clock Repair', NULL);
INSERT INTO "Service" VALUES (35, 'Home', 'Closet Systems', NULL);
INSERT INTO "Service" VALUES (36, 'Home', 'Computer Repair', NULL);
INSERT INTO "Service" VALUES (37, 'Home', 'Computer Sales', NULL);
INSERT INTO "Service" VALUES (38, 'Home', 'Computer Training', NULL);
INSERT INTO "Service" VALUES (39, 'Home', 'Concrete Driveway', NULL);
INSERT INTO "Service" VALUES (40, 'Home', 'Concrete Repair', NULL);
INSERT INTO "Service" VALUES (41, 'Home', 'Contractors', NULL);
INSERT INTO "Service" VALUES (42, 'Home', 'Cooking Classes', NULL);
INSERT INTO "Service" VALUES (43, 'Home', 'Countertops', NULL);
INSERT INTO "Service" VALUES (44, 'Home', 'Custom Cabinets', NULL);
INSERT INTO "Service" VALUES (45, 'Home', 'Custom Furniture', NULL);
INSERT INTO "Service" VALUES (46, 'Home', 'Doors', NULL);
INSERT INTO "Service" VALUES (47, 'Home', 'Drain Cleaning', NULL);
INSERT INTO "Service" VALUES (48, 'Home', 'Drain Pipe', NULL);
INSERT INTO "Service" VALUES (49, 'Home', 'Drapery Cleaning', NULL);
INSERT INTO "Service" VALUES (50, 'Home', 'Driveway Gates', NULL);
INSERT INTO "Service" VALUES (51, 'Home', 'Dryer Vent Cleaning', NULL);
INSERT INTO "Service" VALUES (52, 'Home', 'Drywall', NULL);
INSERT INTO "Service" VALUES (53, 'Home', 'Earthquake Retrofitting', NULL);
INSERT INTO "Service" VALUES (54, 'Home', 'Egress Windows', NULL);
INSERT INTO "Service" VALUES (55, 'Home', 'Electrician', NULL);
INSERT INTO "Service" VALUES (56, 'Home', 'Electronic Repair', NULL);
INSERT INTO "Service" VALUES (57, 'Home', 'Energy Audit', NULL);
INSERT INTO "Service" VALUES (58, 'Home', 'Epoxy Flooring', NULL);
INSERT INTO "Service" VALUES (59, 'Home', 'Fireplaces', NULL);
INSERT INTO "Service" VALUES (60, 'Home', 'Firewood', NULL);
INSERT INTO "Service" VALUES (61, 'Home', 'Floor Cleaning', NULL);
INSERT INTO "Service" VALUES (62, 'Home', 'Flooring', NULL);
INSERT INTO "Service" VALUES (63, 'Home', 'Foundation Repair', NULL);
INSERT INTO "Service" VALUES (64, 'Home', 'Furniture Repair', NULL);
INSERT INTO "Service" VALUES (65, 'Home', 'Furniture Sales', NULL);
INSERT INTO "Service" VALUES (66, 'Home', 'Garage Builders', NULL);
INSERT INTO "Service" VALUES (67, 'Home', 'Garage Doors', NULL);
INSERT INTO "Service" VALUES (68, 'Home', 'Garbage Collection', NULL);
INSERT INTO "Service" VALUES (69, 'Home', 'Gas Grill Repair', NULL);
INSERT INTO "Service" VALUES (70, 'Home', 'Gas Leak Repair', NULL);
INSERT INTO "Service" VALUES (71, 'Home', 'Gas Logs', NULL);
INSERT INTO "Service" VALUES (72, 'Home', 'Glass Block', NULL);
INSERT INTO "Service" VALUES (73, 'Home', 'Glass Repair', NULL);
INSERT INTO "Service" VALUES (74, 'Home', 'Graphic Designers', NULL);
INSERT INTO "Service" VALUES (75, 'Home', 'Gutter Cleaning', NULL);
INSERT INTO "Service" VALUES (76, 'Home', 'Gutter Repair', NULL);
INSERT INTO "Service" VALUES (77, 'Home', 'Handyman Service', NULL);
INSERT INTO "Service" VALUES (78, 'Home', 'Hardwood Floor Repair', NULL);
INSERT INTO "Service" VALUES (79, 'Home', 'Hauling Services', NULL);
INSERT INTO "Service" VALUES (80, 'Home', 'Heating & Air Conditioning/HVAC', NULL);
INSERT INTO "Service" VALUES (81, 'Home', 'Holiday Decorators', NULL);
INSERT INTO "Service" VALUES (82, 'Home', 'Home & Garage Organization', NULL);
INSERT INTO "Service" VALUES (83, 'Home', 'Home Automation', NULL);
INSERT INTO "Service" VALUES (84, 'Home', 'Home Builders', NULL);
INSERT INTO "Service" VALUES (85, 'Home', 'Home Improvement Stores', NULL);
INSERT INTO "Service" VALUES (86, 'Home', 'Home Inspection', NULL);
INSERT INTO "Service" VALUES (87, 'Home', 'Home Security Systems', NULL);
INSERT INTO "Service" VALUES (88, 'Home', 'Home Staging', NULL);
INSERT INTO "Service" VALUES (89, 'Home', 'Home Theater Design', NULL);
INSERT INTO "Service" VALUES (90, 'Home', 'House Cleaning', NULL);
INSERT INTO "Service" VALUES (91, 'Home', 'House Painters', NULL);
INSERT INTO "Service" VALUES (92, 'Home', 'Hurricane Shutters', NULL);
INSERT INTO "Service" VALUES (93, 'Home', 'Insulation', NULL);
INSERT INTO "Service" VALUES (94, 'Home', 'Interior Designers', NULL);
INSERT INTO "Service" VALUES (95, 'Home', 'Interior Painters', NULL);
INSERT INTO "Service" VALUES (96, 'Home', 'Internet Service', NULL);
INSERT INTO "Service" VALUES (97, 'Home', 'Kitchen Remodeling', NULL);
INSERT INTO "Service" VALUES (98, 'Home', 'Lamp Repair', NULL);
INSERT INTO "Service" VALUES (99, 'Home', 'Landline Phone Service', NULL);
INSERT INTO "Service" VALUES (100, 'Home', 'Lead Paint Removal', NULL);
INSERT INTO "Service" VALUES (101, 'Home', 'Lighting', NULL);
INSERT INTO "Service" VALUES (102, 'Home', 'Locksmith', NULL);
INSERT INTO "Service" VALUES (103, 'Home', 'Luggage Repair', NULL);
INSERT INTO "Service" VALUES (104, 'Home', 'Mailbox Repair', NULL);
INSERT INTO "Service" VALUES (105, 'Home', 'Marble & Granite', NULL);
INSERT INTO "Service" VALUES (106, 'Home', 'Masonry', NULL);
INSERT INTO "Service" VALUES (107, 'Home', 'Mattresses', NULL);
INSERT INTO "Service" VALUES (108, 'Home', 'Metal Restoration', NULL);
INSERT INTO "Service" VALUES (109, 'Home', 'Mobile Home Remodeling', NULL);
INSERT INTO "Service" VALUES (110, 'Home', 'Mold Removal', NULL);
INSERT INTO "Service" VALUES (111, 'Home', 'Mortgage Broker', NULL);
INSERT INTO "Service" VALUES (112, 'Home', 'Moving Companies', NULL);
INSERT INTO "Service" VALUES (113, 'Home', 'Mudjacking', NULL);
INSERT INTO "Service" VALUES (114, 'Home', 'Muralist', NULL);
INSERT INTO "Service" VALUES (115, 'Home', 'Oriental Rug Cleaning', NULL);
INSERT INTO "Service" VALUES (116, 'Home', 'Outdoor Lighting', NULL);
INSERT INTO "Service" VALUES (117, 'Home', 'Pest Control', NULL);
INSERT INTO "Service" VALUES (118, 'Home', 'Phone Repair', NULL);
INSERT INTO "Service" VALUES (119, 'Home', 'Phone Sales', NULL);
INSERT INTO "Service" VALUES (120, 'Home', 'Phone Wiring', NULL);
INSERT INTO "Service" VALUES (121, 'Home', 'Piano Moving', NULL);
INSERT INTO "Service" VALUES (122, 'Home', 'Piano Tuning', NULL);
INSERT INTO "Service" VALUES (123, 'Home', 'Picture Framing', NULL);
INSERT INTO "Service" VALUES (124, 'Home', 'Plastering', NULL);
INSERT INTO "Service" VALUES (125, 'Home', 'Plumbing', NULL);
INSERT INTO "Service" VALUES (126, 'Home', 'Pressure Washing', NULL);
INSERT INTO "Service" VALUES (127, 'Home', 'Propane Sales', NULL);
INSERT INTO "Service" VALUES (128, 'Home', 'Property Management', NULL);
INSERT INTO "Service" VALUES (129, 'Home', 'Radon Testing', NULL);
INSERT INTO "Service" VALUES (130, 'Home', 'Remodeling', NULL);
INSERT INTO "Service" VALUES (131, 'Home', 'Replacement Windows', NULL);
INSERT INTO "Service" VALUES (132, 'Home', 'Roof Cleaning', NULL);
INSERT INTO "Service" VALUES (133, 'Home', 'Roof Snow Removal', NULL);
INSERT INTO "Service" VALUES (134, 'Home', 'Roofing', NULL);
INSERT INTO "Service" VALUES (135, 'Home', 'RV Sales', NULL);
INSERT INTO "Service" VALUES (136, 'Home', 'Satellite TV Service', NULL);
INSERT INTO "Service" VALUES (137, 'Home', 'Screen Repair', NULL);
INSERT INTO "Service" VALUES (138, 'Home', 'Security Windows', NULL);
INSERT INTO "Service" VALUES (139, 'Home', 'Septic Tank', NULL);
INSERT INTO "Service" VALUES (140, 'Home', 'Sewer Cleaning', NULL);
INSERT INTO "Service" VALUES (141, 'Home', 'Sewing Machine Repair', NULL);
INSERT INTO "Service" VALUES (142, 'Home', 'Sharpening', NULL);
INSERT INTO "Service" VALUES (143, 'Home', 'Siding', NULL);
INSERT INTO "Service" VALUES (144, 'Home', 'Signs', NULL);
INSERT INTO "Service" VALUES (145, 'Home', 'Skylights', NULL);
INSERT INTO "Service" VALUES (146, 'Home', 'Solar Panels', NULL);
INSERT INTO "Service" VALUES (147, 'Home', 'Stamped Concrete', NULL);
INSERT INTO "Service" VALUES (148, 'Home', 'Structural Engineer', NULL);
INSERT INTO "Service" VALUES (149, 'Home', 'Stucco', NULL);
INSERT INTO "Service" VALUES (150, 'Home', 'Sunrooms', NULL);
INSERT INTO "Service" VALUES (151, 'Home', 'Tablepads', NULL);
INSERT INTO "Service" VALUES (152, 'Home', 'Toy Repair', NULL);
INSERT INTO "Service" VALUES (153, 'Home', 'TV Antenna', NULL);
INSERT INTO "Service" VALUES (154, 'Home', 'TV Repair', NULL);
INSERT INTO "Service" VALUES (155, 'Home', 'TV Sales', NULL);
INSERT INTO "Service" VALUES (156, 'Home', 'Upholstery', NULL);
INSERT INTO "Service" VALUES (157, 'Home', 'Upholstery Cleaning', NULL);
INSERT INTO "Service" VALUES (158, 'Home', 'Vacuum Cleaners', NULL);
INSERT INTO "Service" VALUES (159, 'Home', 'VCR Repair', NULL);
INSERT INTO "Service" VALUES (160, 'Home', 'Voice Mail', NULL);
INSERT INTO "Service" VALUES (161, 'Home', 'Wallpaper', NULL);
INSERT INTO "Service" VALUES (162, 'Home', 'Wallpaper Removal', NULL);
INSERT INTO "Service" VALUES (163, 'Home', 'Water Damage Restoration', NULL);
INSERT INTO "Service" VALUES (164, 'Home', 'Water Delivery', NULL);
INSERT INTO "Service" VALUES (165, 'Home', 'Water Heaters', NULL);
INSERT INTO "Service" VALUES (166, 'Home', 'Water Softeners', NULL);
INSERT INTO "Service" VALUES (167, 'Home', 'Web Designers', NULL);
INSERT INTO "Service" VALUES (168, 'Home', 'Welding', NULL);
INSERT INTO "Service" VALUES (169, 'Home', 'Wells', NULL);
INSERT INTO "Service" VALUES (170, 'Home', 'Window Cleaning', NULL);
INSERT INTO "Service" VALUES (171, 'Home', 'Window Tinting', NULL);
INSERT INTO "Service" VALUES (172, 'Home', 'Window Treatments', NULL);
INSERT INTO "Service" VALUES (173, 'Home', 'Woodworking', NULL);
INSERT INTO "Service" VALUES (174, 'Home', 'Wrought Iron', NULL);
INSERT INTO "Service" VALUES (175, 'Auto', 'Auto Body Repair', NULL);
INSERT INTO "Service" VALUES (176, 'Auto', 'Auto Detailing', NULL);
INSERT INTO "Service" VALUES (177, 'Auto', 'Auto Glass', NULL);
INSERT INTO "Service" VALUES (178, 'Auto', 'Auto Painting', NULL);
INSERT INTO "Service" VALUES (179, 'Auto', 'Auto Repair', NULL);
INSERT INTO "Service" VALUES (180, 'Auto', 'Auto Upholstery', NULL);
INSERT INTO "Service" VALUES (181, 'Auto', 'Car Accessories', NULL);
INSERT INTO "Service" VALUES (182, 'Auto', 'Car Alarms', NULL);
INSERT INTO "Service" VALUES (183, 'Auto', 'Car Rentals', NULL);
INSERT INTO "Service" VALUES (184, 'Auto', 'Car Sales', NULL);
INSERT INTO "Service" VALUES (185, 'Auto', 'Car Stereo Installation', NULL);
INSERT INTO "Service" VALUES (186, 'Auto', 'Car Tires', NULL);
INSERT INTO "Service" VALUES (187, 'Auto', 'Car Transport', NULL);
INSERT INTO "Service" VALUES (188, 'Auto', 'Car Washes', NULL);
INSERT INTO "Service" VALUES (189, 'Auto', 'Leather & Vinyl Repair', NULL);
INSERT INTO "Service" VALUES (190, 'Auto', 'Muffler Repair', NULL);
INSERT INTO "Service" VALUES (191, 'Auto', 'Radiator Service', NULL);
INSERT INTO "Service" VALUES (192, 'Auto', 'Towing', NULL);
INSERT INTO "Service" VALUES (193, 'Auto', 'Transmission Repair', NULL);
INSERT INTO "Service" VALUES (194, 'Auto', 'Truck Rentals', NULL);
INSERT INTO "Service" VALUES (195, 'Auto', 'Van Rentals', NULL);
INSERT INTO "Service" VALUES (196, 'Auto', 'Motorcycle Repair', NULL);
INSERT INTO "Service" VALUES (197, 'Weddings, Parties, Entertainment', 'Alterations', NULL);
INSERT INTO "Service" VALUES (198, 'Weddings, Parties, Entertainment', 'Bridal Shops', NULL);
INSERT INTO "Service" VALUES (199, 'Weddings, Parties, Entertainment', 'Cake Decorating', NULL);
INSERT INTO "Service" VALUES (200, 'Weddings, Parties, Entertainment', 'Calligraphy', NULL);
INSERT INTO "Service" VALUES (201, 'Weddings, Parties, Entertainment', 'Catering', NULL);
INSERT INTO "Service" VALUES (202, 'Weddings, Parties, Entertainment', 'Costume Rental', NULL);
INSERT INTO "Service" VALUES (203, 'Weddings, Parties, Entertainment', 'Equipment Rentals', NULL);
INSERT INTO "Service" VALUES (204, 'Weddings, Parties, Entertainment', 'Florists', NULL);
INSERT INTO "Service" VALUES (205, 'Weddings, Parties, Entertainment', 'Limo Services', NULL);
INSERT INTO "Service" VALUES (206, 'Weddings, Parties, Entertainment', 'Nail Salons', NULL);
INSERT INTO "Service" VALUES (207, 'Weddings, Parties, Entertainment', 'Party Planning', NULL);
INSERT INTO "Service" VALUES (208, 'Weddings, Parties, Entertainment', 'Party Rentals', NULL);
INSERT INTO "Service" VALUES (209, 'Weddings, Parties, Entertainment', 'Personal Chef', NULL);
INSERT INTO "Service" VALUES (210, 'Weddings, Parties, Entertainment', 'Photographers', NULL);
INSERT INTO "Service" VALUES (211, 'Weddings, Parties, Entertainment', 'Reception Halls', NULL);
INSERT INTO "Service" VALUES (212, 'Weddings, Parties, Entertainment', 'Tuxedo Rental', NULL);
INSERT INTO "Service" VALUES (213, 'Weddings, Parties, Entertainment', 'Video Production', NULL);
INSERT INTO "Service" VALUES (214, 'Weddings, Parties, Entertainment', 'Video Transfer', NULL);
INSERT INTO "Service" VALUES (215, 'Weddings, Parties, Entertainment', 'Wedding Planning', NULL);
INSERT INTO "Service" VALUES (216, 'Weddings, Parties, Entertainment', 'Invitations', NULL);
INSERT INTO "Service" VALUES (217, 'Weddings, Parties, Entertainment', 'Ticket Brokers', NULL);
INSERT INTO "Service" VALUES (218, 'Pet', 'Dog Fence', NULL);
INSERT INTO "Service" VALUES (219, 'Pet', 'Dog Trainers', NULL);
INSERT INTO "Service" VALUES (220, 'Pet', 'Dog Walkers', NULL);
INSERT INTO "Service" VALUES (221, 'Pet', 'Kennels', NULL);
INSERT INTO "Service" VALUES (222, 'Pet', 'Pet Insurance', NULL);
INSERT INTO "Service" VALUES (223, 'Pet', 'Pet Sitters', NULL);
INSERT INTO "Service" VALUES (224, 'Pet', 'Pooper Scoopers', NULL);
INSERT INTO "Service" VALUES (225, 'Pet', 'Pet Grooming', NULL);
INSERT INTO "Service" VALUES (226, 'Outdoor', 'Basketball Goals', NULL);
INSERT INTO "Service" VALUES (227, 'Outdoor', 'Bicycles', NULL);
INSERT INTO "Service" VALUES (228, 'Outdoor', 'Boat Sales', NULL);
INSERT INTO "Service" VALUES (229, 'Outdoor', 'Deck Cleaning', NULL);
INSERT INTO "Service" VALUES (230, 'Outdoor', 'Decks', NULL);
INSERT INTO "Service" VALUES (231, 'Outdoor', 'Dock Building', NULL);
INSERT INTO "Service" VALUES (232, 'Outdoor', 'Fencing', NULL);
INSERT INTO "Service" VALUES (233, 'Outdoor', 'Fountains', NULL);
INSERT INTO "Service" VALUES (234, 'Outdoor', 'Greenhouses', NULL);
INSERT INTO "Service" VALUES (235, 'Outdoor', 'Irrigation Systems', NULL);
INSERT INTO "Service" VALUES (236, 'Outdoor', 'Lakefront Landscaping', NULL);
INSERT INTO "Service" VALUES (237, 'Outdoor', 'Land Surveyor', NULL);
INSERT INTO "Service" VALUES (238, 'Outdoor', 'Landscaping', NULL);
INSERT INTO "Service" VALUES (239, 'Outdoor', 'Lawn Mower Repair', NULL);
INSERT INTO "Service" VALUES (240, 'Outdoor', 'Lawn Service', NULL);
INSERT INTO "Service" VALUES (241, 'Outdoor', 'Lawn Treatment', NULL);
INSERT INTO "Service" VALUES (242, 'Outdoor', 'Leaf Removal', NULL);
INSERT INTO "Service" VALUES (243, 'Outdoor', 'Misting Systems', NULL);
INSERT INTO "Service" VALUES (244, 'Outdoor', 'Mulch', NULL);
INSERT INTO "Service" VALUES (245, 'Outdoor', 'Playground Equipment', NULL);
INSERT INTO "Service" VALUES (246, 'Outdoor', 'Pool Cleaners', NULL);
INSERT INTO "Service" VALUES (247, 'Outdoor', 'Roto Tilling', NULL);
INSERT INTO "Service" VALUES (248, 'Outdoor', 'Snow Removal', NULL);
INSERT INTO "Service" VALUES (249, 'Outdoor', 'Tree Service', NULL);
INSERT INTO "Service" VALUES (250, 'Outdoor', 'Marinas', NULL);
INSERT INTO "Service" VALUES (251, 'Outdoor', 'Hardscaping', NULL);
INSERT INTO "Service" VALUES (371, 'Medical Facilities', 'Adult Day Care', NULL);
INSERT INTO "Service" VALUES (372, 'Medical Facilities', 'Alcohol Treatment Centers', NULL);
INSERT INTO "Service" VALUES (373, 'Medical Facilities', 'Assisted Living', NULL);
INSERT INTO "Service" VALUES (374, 'Medical Facilities', 'Blood Banks', NULL);
INSERT INTO "Service" VALUES (375, 'Medical Facilities', 'Blood Labs', NULL);
INSERT INTO "Service" VALUES (376, 'Medical Facilities', 'Childrens Hospital', NULL);
INSERT INTO "Service" VALUES (377, 'Medical Facilities', 'Denture Labs', NULL);
INSERT INTO "Service" VALUES (378, 'Medical Facilities', 'Drug & Alcohol Testing', NULL);
INSERT INTO "Service" VALUES (379, 'Medical Facilities', 'Drug Treatment Centers', NULL);
INSERT INTO "Service" VALUES (380, 'Medical Facilities', 'Family Planning Center', NULL);
INSERT INTO "Service" VALUES (381, 'Medical Facilities', 'Hospice', NULL);
INSERT INTO "Service" VALUES (382, 'Medical Facilities', 'Hospitalist', NULL);
INSERT INTO "Service" VALUES (383, 'Medical Facilities', 'Hospitals', NULL);
INSERT INTO "Service" VALUES (384, 'Medical Facilities', 'Independent Living', NULL);
INSERT INTO "Service" VALUES (385, 'Medical Facilities', 'Nursing Homes', NULL);
INSERT INTO "Service" VALUES (386, 'Medical Facilities', 'Radiology', NULL);
INSERT INTO "Service" VALUES (387, 'Medical Facilities', 'Retail Health Clinics', NULL);
INSERT INTO "Service" VALUES (388, 'Medical Facilities', 'Therapy/Respite Camps', NULL);
INSERT INTO "Service" VALUES (389, 'Medical Facilities', 'Urgent Care Center', NULL);
INSERT INTO "Service" VALUES (390, 'Medical Facilities', 'Vein Treatment', NULL);
INSERT INTO "Service" VALUES (391, 'Medical Facilities', 'Diagnostic Labs', NULL);
INSERT INTO "Service" VALUES (392, 'Other', 'Furs', NULL);
INSERT INTO "Service" VALUES (393, 'Other', 'Accountant', NULL);
INSERT INTO "Service" VALUES (394, 'Other', 'Antiques', NULL);
INSERT INTO "Service" VALUES (395, 'Other', 'Auction Services', NULL);
INSERT INTO "Service" VALUES (396, 'Other', 'Baby Equipment Rental', NULL);
INSERT INTO "Service" VALUES (397, 'Other', 'Buying Services', NULL);
INSERT INTO "Service" VALUES (398, 'Other', 'Child Care', NULL);
INSERT INTO "Service" VALUES (399, 'Other', 'Copies', NULL);
INSERT INTO "Service" VALUES (400, 'Other', 'Dance Classes', NULL);
INSERT INTO "Service" VALUES (401, 'Other', 'Day Care', NULL);
INSERT INTO "Service" VALUES (402, 'Other', 'Delivery Service', NULL);
INSERT INTO "Service" VALUES (403, 'Other', 'Drivers Ed', NULL);
INSERT INTO "Service" VALUES (404, 'Other', 'Dry Cleaning', NULL);
INSERT INTO "Service" VALUES (405, 'Other', 'Dumpster Service', NULL);
INSERT INTO "Service" VALUES (406, 'Other', 'Errand Service', NULL);
INSERT INTO "Service" VALUES (407, 'Other', 'Film Developing', NULL);
INSERT INTO "Service" VALUES (408, 'Other', 'Financial Advisor', NULL);
INSERT INTO "Service" VALUES (409, 'Other', 'Funeral Homes', NULL);
INSERT INTO "Service" VALUES (410, 'Other', 'Genealogy', NULL);
INSERT INTO "Service" VALUES (411, 'Other', 'Gift Shops', NULL);
INSERT INTO "Service" VALUES (412, 'Other', 'Hair Removal ', NULL);
INSERT INTO "Service" VALUES (413, 'Other', 'Hair Salon', NULL);
INSERT INTO "Service" VALUES (414, 'Other', 'Home Child Care', NULL);
INSERT INTO "Service" VALUES (415, 'Other', 'Home Warranty Companies', NULL);
INSERT INTO "Service" VALUES (416, 'Other', 'Insurance Companies', NULL);
INSERT INTO "Service" VALUES (417, 'Other', 'Ironing', NULL);
INSERT INTO "Service" VALUES (418, 'Other', 'Jewelry Appraisal', NULL);
INSERT INTO "Service" VALUES (419, 'Other', 'Jewelry Stores', NULL);
INSERT INTO "Service" VALUES (420, 'Other', 'Mailing Service', NULL);
INSERT INTO "Service" VALUES (421, 'Other', 'Music Lessons', NULL);
INSERT INTO "Service" VALUES (422, 'Other', 'Musical Instrument Repair', NULL);
INSERT INTO "Service" VALUES (423, 'Other', 'Office Equipment Repair', NULL);
INSERT INTO "Service" VALUES (424, 'Other', 'Paper Shredding', NULL);
INSERT INTO "Service" VALUES (425, 'Other', 'Private Investigators', NULL);
INSERT INTO "Service" VALUES (426, 'Other', 'Real Estate Appraisal', NULL);
INSERT INTO "Service" VALUES (427, 'Other', 'Resume Services', NULL);
INSERT INTO "Service" VALUES (428, 'Other', 'Secretarial Services', NULL);
INSERT INTO "Service" VALUES (429, 'Other', 'Shoe Repair', NULL);
INSERT INTO "Service" VALUES (430, 'Other', 'Storage Units', NULL);
INSERT INTO "Service" VALUES (431, 'Other', 'Tanning Salons', NULL);
INSERT INTO "Service" VALUES (432, 'Other', 'Tattoos', NULL);
INSERT INTO "Service" VALUES (433, 'Other', 'Taxi Service', NULL);
INSERT INTO "Service" VALUES (434, 'Other', 'Title Companies', NULL);
INSERT INTO "Service" VALUES (435, 'Other', 'Travel Agency', NULL);
INSERT INTO "Service" VALUES (436, 'Other', 'Trophy Shops', NULL);
INSERT INTO "Service" VALUES (437, 'Other', 'Tutoring', NULL);
INSERT INTO "Service" VALUES (438, 'Other', 'Warranty Companies', NULL);
INSERT INTO "Service" VALUES (439, 'Other', 'Watch Repair', NULL);
INSERT INTO "Service" VALUES (440, 'Other', 'Furs', NULL);
INSERT INTO "Service" VALUES (441, 'Other', 'Real Estate Agents', NULL);


--
-- Data for Name: ServiceProvider; Type: TABLE DATA; Schema: public; Owner: postgres
--

INSERT INTO "ServiceProvider" VALUES (2, 'www.achala.com', 0);
INSERT INTO "ServiceProvider" VALUES (16, 'www.divya.com', 0);
INSERT INTO "ServiceProvider" VALUES (20, 'www.falak.com', 0);
INSERT INTO "ServiceProvider" VALUES (78, 'www.jakarious.com', 0);
INSERT INTO "ServiceProvider" VALUES (3, 'www.aditi.com', 0);
INSERT INTO "ServiceProvider" VALUES (47, 'www.ojal.com', 0);
INSERT INTO "ServiceProvider" VALUES (64, 'www.gangesh.com', 0);
INSERT INTO "ServiceProvider" VALUES (19, 'www.eshana.com', 2.58823529411764719);
INSERT INTO "ServiceProvider" VALUES (35, 'www.keshi.com', 2.5);
INSERT INTO "ServiceProvider" VALUES (98, 'www.mahaddev.com', 2.56000000000000005);
INSERT INTO "ServiceProvider" VALUES (57, 'www.dipten.com', 2.4975609756097561);
INSERT INTO "ServiceProvider" VALUES (18, 'www.elina.com', 2.49029126213592233);
INSERT INTO "ServiceProvider" VALUES (40, 'www.likhitha.com', 2.56737588652482263);
INSERT INTO "ServiceProvider" VALUES (75, 'www.jaganarayan.com', 2.50480769230769251);
INSERT INTO "ServiceProvider" VALUES (39, 'www.lavanya.com', 2.51196172248803817);
INSERT INTO "ServiceProvider" VALUES (46, 'www.niyati.com', 2.60240963855421681);
INSERT INTO "ServiceProvider" VALUES (26, 'www.indrayani.com', 2.53424657534246567);
INSERT INTO "ServiceProvider" VALUES (27, 'www.indukala.com', 2.15789473684210531);
INSERT INTO "ServiceProvider" VALUES (79, 'www.jalendu.com', 2.53741496598639449);
INSERT INTO "ServiceProvider" VALUES (21, 'www.firaki.com', 2.5188679245283021);
INSERT INTO "ServiceProvider" VALUES (41, 'www.lola.com', 2.52112676056338048);
INSERT INTO "ServiceProvider" VALUES (100, 'www.mahesh.com', 2.53333333333333321);
INSERT INTO "ServiceProvider" VALUES (63, 'www.gandharva.com', 2.52093023255813931);
INSERT INTO "ServiceProvider" VALUES (23, 'www.gauri.com', 2.53240740740740744);
INSERT INTO "ServiceProvider" VALUES (10, 'www.bhairavi.com', 2.54377880184331806);
INSERT INTO "ServiceProvider" VALUES (36, 'www.ketana.com', 2.55504587155963314);
INSERT INTO "ServiceProvider" VALUES (14, 'www.dhwani.com', 2.5);
INSERT INTO "ServiceProvider" VALUES (24, 'www.hiral.com', 2.54794520547945202);
INSERT INTO "ServiceProvider" VALUES (81, 'www.janmesh.com', 2.55454545454545467);
INSERT INTO "ServiceProvider" VALUES (86, 'www.keshav.com', 2.55203619909502244);
INSERT INTO "ServiceProvider" VALUES (69, 'www.hridyanshu.com', 2.56502242152466353);
INSERT INTO "ServiceProvider" VALUES (65, 'www.gaurav.com', 2.5625);
INSERT INTO "ServiceProvider" VALUES (25, 'www.ina.com', 2.53750000000000009);
INSERT INTO "ServiceProvider" VALUES (15, 'www.dipu.com', 2.55111111111111111);
INSERT INTO "ServiceProvider" VALUES (85, 'www.kaylor.com', 2.5398230088495577);
INSERT INTO "ServiceProvider" VALUES (80, 'www.janakiraman.com', 2.55066079295154191);
INSERT INTO "ServiceProvider" VALUES (71, 'www.indradutt.com', 2.56140350877192979);
INSERT INTO "ServiceProvider" VALUES (48, 'www.omkareshwari.com', 2.56331877729257629);
INSERT INTO "ServiceProvider" VALUES (92, 'www.lalitesh.com', 2.56956521739130439);
INSERT INTO "ServiceProvider" VALUES (33, 'www.janhavi.com', 2.55932203389830493);
INSERT INTO "ServiceProvider" VALUES (74, 'www.ishpreet.com', 2.54644808743169415);
INSERT INTO "ServiceProvider" VALUES (95, 'www.lord shiva.com', 2.535135135135135);
INSERT INTO "ServiceProvider" VALUES (55, 'www.dilip.com', 2.5268817204301075);
INSERT INTO "ServiceProvider" VALUES (94, 'www.lokesh.com', 2.5372340425531914);
INSERT INTO "ServiceProvider" VALUES (22, 'www.gangi.com', 2.57547169811320753);
INSERT INTO "ServiceProvider" VALUES (51, 'www.chandresh.com', 2.52910052910052929);
INSERT INTO "ServiceProvider" VALUES (96, 'www.madhujit.com', 2.51041666666666652);
INSERT INTO "ServiceProvider" VALUES (45, 'www.mahalakshmi.com', 2.51030927835051543);
INSERT INTO "ServiceProvider" VALUES (53, 'www.chetan.com', 2.62790697674418583);
INSERT INTO "ServiceProvider" VALUES (59, 'www.duranjaya.com', 2.60606060606060597);
INSERT INTO "ServiceProvider" VALUES (52, 'www.charanjit.com', 2.57777777777777795);
INSERT INTO "ServiceProvider" VALUES (70, 'www.hrydesh.com', 2.51020408163265296);
INSERT INTO "ServiceProvider" VALUES (38, 'www.laksha.com', 2.51256281407035198);
INSERT INTO "ServiceProvider" VALUES (32, 'www.jamini.com', 2.52238805970149249);


--
-- Name: ServiceProvider_UserID_seq; Type: SEQUENCE SET; Schema: public; Owner: postgres
--

SELECT pg_catalog.setval('"ServiceProvider_UserID_seq"', 1, false);


--
-- Name: Service_ServiceID_seq; Type: SEQUENCE SET; Schema: public; Owner: postgres
--

SELECT pg_catalog.setval('"Service_ServiceID_seq"', 1, false);


--
-- Name: User_UserID_seq; Type: SEQUENCE SET; Schema: public; Owner: postgres
--

SELECT pg_catalog.setval('"User_UserID_seq"', 90907, true);


--
-- Data for Name: Users; Type: TABLE DATA; Schema: public; Owner: postgres
--

INSERT INTO "Users" VALUES (1, 'aashi', 'J3COln57', 'Aashi', 'Shah', 'aashi@gmail.com', 'people/women/1.jpg', '90495-83522');
INSERT INTO "Users" VALUES (2, 'achala', '54L4vJTF04', 'Achala', 'Shah', 'achala@college.in', 'people/women/2.jpg', '32428-83190');
INSERT INTO "Users" VALUES (3, 'aditi', '94R7vTZN78', 'Aditi', 'Rangarajan', 'aditi@iitb.ac.in', 'people/women/3.jpg', '22484-88728');
INSERT INTO "Users" VALUES (4, 'aishani', '02dwMS59', 'Aishani', 'Chavan', 'aishani@yahoo.com', 'people/women/4.jpg', '94148-43464');
INSERT INTO "Users" VALUES (5, 'akhila', 'E5SGvw37', 'Akhila', 'Mistry', 'akhila@yahoo.com', 'people/women/5.jpg', '94427-55639');
INSERT INTO "Users" VALUES (6, 'alisha', '57F3pRGE62', 'Alisha', 'Mohammad', 'alisha@rediffmail.com', 'people/women/6.jpg', '90409-43423');
INSERT INTO "Users" VALUES (7, 'amber', 'AE79YEq2k', 'Amber', 'Chauhan', 'amber@rediffmail.com', 'people/women/7.jpg', '45795-53404');
INSERT INTO "Users" VALUES (8, 'banhi', '24K3jRQY36', 'Banhi', 'Subramanium', 'banhi@gmail.com', 'people/women/8.jpg', '72216-63737');
INSERT INTO "Users" VALUES (9, 'bela', '29P6lAAC32', 'Bela', 'Dasgupta', 'bela@gmail.com', 'people/women/9.jpg', '92413-30754');
INSERT INTO "Users" VALUES (10, 'bhairavi', 'MG53ZOb6a', 'Bhairavi', 'Pawar', 'bhairavi@rediffmail.com', 'people/women/10.jpg', '96527-43062');
INSERT INTO "Users" VALUES (11, 'chandani', '27F9zLDI19', 'Chandani', 'Mehta', 'chandani@gmail.com', 'people/women/11.jpg', '22598-88787');
INSERT INTO "Users" VALUES (12, 'chandrima', '71hqRL99', 'Chandrima', 'Kansal', 'chandrima@gmail.com', 'people/women/12.jpg', '78437-87528');
INSERT INTO "Users" VALUES (13, 'charulekha', 'XR81NWe0s', 'Charulekha', 'Chattopadhyay', 'charulekha@gmail.com', 'people/women/13.jpg', '41603-55662');
INSERT INTO "Users" VALUES (14, 'dhwani', 'BH93OOq9e', 'Dhwani', 'Garg', 'dhwani@college.in', 'people/women/14.jpg', '83031-31028');
INSERT INTO "Users" VALUES (15, 'dipu', 'T2VZdj51', 'Dipu', 'Sarin', 'dipu@gmail.com', 'people/women/15.jpg', '44813-42547');
INSERT INTO "Users" VALUES (16, 'divya', 'GS86NMt0a', 'Divya', 'Agarwal', 'divya@yahoo.com', 'people/women/16.jpg', '95843-65953');
INSERT INTO "Users" VALUES (17, 'dulari', 'NJ30IYh3h', 'Dulari', 'Dutta', 'dulari@gmail.com', 'people/women/17.jpg', '19403-87011');
INSERT INTO "Users" VALUES (18, 'elina', 'DN39UZo9i', 'Elina', 'Jayaraman', 'elina@rediffmail.com', 'people/women/18.jpg', '70283-32129');
INSERT INTO "Users" VALUES (19, 'eshana', 'DK69QMn5a', 'Eshana', 'Chauhan', 'eshana@gmail.com', 'people/women/19.jpg', '86925-84475');
INSERT INTO "Users" VALUES (20, 'falak', 'Y8TOht82', 'Falak', 'Mehta', 'falak@gmail.com', 'people/women/20.jpg', '19078-21179');
INSERT INTO "Users" VALUES (21, 'firaki', '61vyKO66', 'Firaki', 'Pillai', 'firaki@gmail.com', 'people/women/21.jpg', '74400-15742');
INSERT INTO "Users" VALUES (22, 'gangi', 'KW17GZh4e', 'Gangi', 'Dsouza', 'gangi@gmail.com', 'people/women/22.jpg', '75281-52307');
INSERT INTO "Users" VALUES (23, 'gauri', '87zsBR14', 'Gauri', 'Chavan', 'gauri@yahoo.com', 'people/women/23.jpg', '39325-95354');
INSERT INTO "Users" VALUES (24, 'hiral', 'J9CCwf19', 'Hiral', 'Saxena', 'hiral@yahoo.com', 'people/women/24.jpg', '84189-09463');
INSERT INTO "Users" VALUES (25, 'ina', '86dfJK20', 'Ina', 'Chavan', 'ina@college.in', 'people/women/25.jpg', '91746-13320');
INSERT INTO "Users" VALUES (26, 'indrayani', 'MB86OUu1q', 'Indrayani', 'Malhotra', 'indrayani@fanmail.com', 'people/women/26.jpg', '81753-06728');
INSERT INTO "Users" VALUES (27, 'indukala', 'KM15IDi7h', 'Indukala', 'Lobo', 'indukala@gmail.com', 'people/women/27.jpg', '95849-23885');
INSERT INTO "Users" VALUES (28, 'induprabha', 'Y3ERvi21', 'Induprabha', 'Kadam', 'induprabha@college.in', 'people/women/28.jpg', '88157-29041');
INSERT INTO "Users" VALUES (29, 'iram', '83wmFA37', 'Iram', 'Mohammad', 'iram@rediffmail.com', 'people/women/29.jpg', '19745-70617');
INSERT INTO "Users" VALUES (30, 'ishana', '68peYX26', 'Ishana', 'Sharma', 'ishana@gmail.com', 'people/women/30.jpg', '58163-29979');
INSERT INTO "Users" VALUES (31, 'ishta', '41H7aCIB34', 'Ishta', 'Pawar', 'ishta@college.in', 'people/women/31.jpg', '30812-47831');
INSERT INTO "Users" VALUES (32, 'jamini', '23T7iVDR69', 'Jamini', 'Garg', 'jamini@gmail.com', 'people/women/32.jpg', '20789-41073');
INSERT INTO "Users" VALUES (33, 'janhavi', 'SK92FPk6t', 'Janhavi', 'Chopra', 'janhavi@rediffmail.com', 'people/women/33.jpg', '33292-93909');
INSERT INTO "Users" VALUES (34, 'kavika', 'C3MOkt68', 'Kavika', 'Subramanium', 'kavika@yahoo.com', 'people/women/34.jpg', '58249-02018');
INSERT INTO "Users" VALUES (35, 'keshi', '06roZL73', 'Keshi', 'Agarwal', 'keshi@college.in', 'people/women/35.jpg', '82807-98791');
INSERT INTO "Users" VALUES (36, 'ketana', 'IW85PCl1p', 'Ketana', 'Shah', 'ketana@gmail.com', 'people/women/36.jpg', '42653-05479');
INSERT INTO "Users" VALUES (37, 'khyati', 'A7YLxw05', 'Khyati', 'Lobo', 'khyati@yahoo.com', 'people/women/37.jpg', '42442-02069');
INSERT INTO "Users" VALUES (38, 'laksha', '35G2bSHI75', 'Laksha', 'Mittal', 'laksha@iitb.ac.in', 'people/women/38.jpg', '15811-75711');
INSERT INTO "Users" VALUES (39, 'lavanya', 'X5NTfv15', 'Lavanya', 'Kadam', 'lavanya@iitb.ac.in', 'people/women/39.jpg', '35872-12812');
INSERT INTO "Users" VALUES (40, 'likhitha', '06H9jLAX48', 'Likhitha', 'Subramanium', 'likhitha@gmail.com', 'people/women/40.jpg', '97240-14105');
INSERT INTO "Users" VALUES (41, 'lola', '88R0rMHS12', 'Lola', 'Bose', 'lola@iitb.ac.in', 'people/women/41.jpg', '30286-39170');
INSERT INTO "Users" VALUES (42, 'madhuksara', '73T0vCYS87', 'Madhuksara', 'Mittal', 'madhuksara@fanmail.com', 'people/women/42.jpg', '70338-70834');
INSERT INTO "Users" VALUES (43, 'madhumati', 'B4UWag63', 'Madhumati', 'Yadav', 'madhumati@yahoo.com', 'people/women/43.jpg', '89815-32284');
INSERT INTO "Users" VALUES (44, 'madhurima', '04A2dTQP54', 'Madhurima', 'Das', 'madhurima@yahoo.com', 'people/women/44.jpg', '81743-86589');
INSERT INTO "Users" VALUES (45, 'mahalakshmi', 'KR08MWm4y', 'Mahalakshmi', 'Jhadav', 'mahalakshmi@fanmail.com', 'people/women/45.jpg', '72536-36087');
INSERT INTO "Users" VALUES (46, 'niyati', '71C4cNZK51', 'Niyati', 'Sarin', 'niyati@fanmail.com', 'people/women/46.jpg', '34272-28646');
INSERT INTO "Users" VALUES (47, 'ojal', 'Z7VWcy07', 'Ojal', 'Dasgupta', 'ojal@gmail.com', 'people/women/47.jpg', '69851-39618');
INSERT INTO "Users" VALUES (48, 'omkareshwari', '42idSZ91', 'Omkareshwari', 'Pillai', 'omkareshwari@yahoo.com', 'people/women/48.jpg', '30211-28902');
INSERT INTO "Users" VALUES (49, 'orpita', '19X3gDTT16', 'Orpita', 'Saxena', 'orpita@rediffmail.com', 'people/women/49.jpg', '87847-87368');
INSERT INTO "Users" VALUES (50, 'pallavi', '58J5kCZN43', 'Pallavi', 'Rangan', 'pallavi@gmail.com', 'people/women/50.jpg', '10867-66291');
INSERT INTO "Users" VALUES (51, 'chandresh', 'U5FIey01', 'Chandresh', 'Pawar', 'chandresh@yahoo.com', 'people/men/1.jpg', '35841-22868');
INSERT INTO "Users" VALUES (52, 'charanjit', '56cwJV95', 'Charanjit', 'Patil', 'charanjit@gmail.com', 'people/men/2.jpg', '43563-72775');
INSERT INTO "Users" VALUES (53, 'chetan', '58M7hUYW70', 'Chetan', 'Sen', 'chetan@gmail.com', 'people/men/3.jpg', '79497-82799');
INSERT INTO "Users" VALUES (54, 'dikshan', 'J8ZFbp33', 'Dikshan', 'Kapur', 'dikshan@rediffmail.com', 'people/men/4.jpg', '57919-79356');
INSERT INTO "Users" VALUES (55, 'dilip', 'N5LKaf10', 'Dilip', 'Saxena', 'dilip@iitb.ac.in', 'people/men/5.jpg', '53083-41153');
INSERT INTO "Users" VALUES (56, 'dinkar', 'AW48NDm5l', 'Dinkar', 'Pawar', 'dinkar@rediffmail.com', 'people/men/6.jpg', '64855-10967');
INSERT INTO "Users" VALUES (57, 'dipten', 'U9OBea57', 'Dipten', 'Chattopadhyay', 'dipten@college.in', 'people/men/7.jpg', '76330-38527');
INSERT INTO "Users" VALUES (58, 'divyanshu', '37V8eLJC97', 'Divyanshu', 'Verma', 'divyanshu@yahoo.com', 'people/men/8.jpg', '83474-82242');
INSERT INTO "Users" VALUES (59, 'duranjaya', 'S2TTqq47', 'Duranjaya', 'Chavan', 'duranjaya@college.in', 'people/men/9.jpg', '14686-66963');
INSERT INTO "Users" VALUES (60, 'eshaan', '11yxPV22', 'Eshaan', 'Sharma', 'eshaan@gmail.com', 'people/men/10.jpg', '85828-59501');
INSERT INTO "Users" VALUES (61, 'gagan', 'K1XWey07', 'Gagan', 'Rangan', 'gagan@gmail.com', 'people/men/11.jpg', '33815-62533');
INSERT INTO "Users" VALUES (62, 'gajendranath', 'EX40OVb9c', 'Gajendranath', 'Jayaraman', 'gajendranath@gmail.com', 'people/men/12.jpg', '54203-66176');
INSERT INTO "Users" VALUES (63, 'gandharva', 'TB88BKb5z', 'Gandharva', 'Mohammad', 'gandharva@college.in', 'people/men/13.jpg', '35937-28826');
INSERT INTO "Users" VALUES (64, 'gangesh', 'ZG82YXs3b', 'Gangesh', 'Jayaraman', 'gangesh@yahoo.com', 'people/men/14.jpg', '41833-85118');
INSERT INTO "Users" VALUES (65, 'gaurav', 'CL66RMy6b', 'Gaurav', 'Sharma', 'gaurav@gmail.com', 'people/men/15.jpg', '33482-63453');
INSERT INTO "Users" VALUES (66, 'gaurish', '82giVT02', 'Gaurish', 'Jaiteley', 'gaurish@college.in', 'people/men/16.jpg', '44900-93221');
INSERT INTO "Users" VALUES (67, 'himanshu', '94H2wSBC02', 'Himanshu', 'Rao', 'himanshu@gmail.com', 'people/men/17.jpg', '97667-81003');
INSERT INTO "Users" VALUES (68, 'hitendra', '33cyBX96', 'Hitendra', 'Bansal', 'hitendra@college.in', 'people/men/18.jpg', '95109-38710');
INSERT INTO "Users" VALUES (69, 'hridyanshu', 'RX41WDt8z', 'Hridyanshu', 'Malik', 'hridyanshu@gmail.com', 'people/men/19.jpg', '58177-33372');
INSERT INTO "Users" VALUES (70, 'hrydesh', 'A7IGyx22', 'Hrydesh', 'Goel', 'hrydesh@gmail.com', 'people/men/20.jpg', '99998-19002');
INSERT INTO "Users" VALUES (71, 'indradutt', '03Q1vUOK94', 'Indradutt', 'Chavan', 'indradutt@yahoo.com', 'people/men/21.jpg', '29911-12254');
INSERT INTO "Users" VALUES (72, 'induj', '69doQE04', 'Induj', 'Lobo', 'induj@yahoo.com', 'people/men/22.jpg', '56224-34586');
INSERT INTO "Users" VALUES (73, 'iravan', 'DI99UNq8e', 'Iravan', 'Saxena', 'iravan@gmail.com', 'people/men/23.jpg', '17975-19372');
INSERT INTO "Users" VALUES (74, 'ishpreet', 'XE56OZj1a', 'Ishpreet', 'Kadam', 'ishpreet@gmail.com', 'people/men/24.jpg', '75157-97859');
INSERT INTO "Users" VALUES (75, 'jaganarayan', '76V6fZKT24', 'Jaganarayan', 'Chattopadhyay', 'jaganarayan@iitb.ac.in', 'people/men/25.jpg', '11249-09012');
INSERT INTO "Users" VALUES (76, 'jagatpal', 'L2MSyk22', 'Jagatpal', 'Dasgupta', 'jagatpal@yahoo.com', 'people/men/26.jpg', '46628-67443');
INSERT INTO "Users" VALUES (77, 'jahi', 'RA91MEv4h', 'Jahi', 'Tambe', 'jahi@yahoo.com', 'people/men/27.jpg', '53726-86432');
INSERT INTO "Users" VALUES (78, 'jakarious', 'XK75YWe3x', 'Jakarious', 'Dasgupta', 'jakarious@gmail.com', 'people/men/28.jpg', '37656-13983');
INSERT INTO "Users" VALUES (79, 'jalendu', '42Q3iMJD77', 'Jalendu', 'Bhatnagar', 'jalendu@gmail.com', 'people/men/29.jpg', '94075-91338');
INSERT INTO "Users" VALUES (80, 'janakiraman', '84D6fEGK51', 'Janakiraman', 'Kadam', 'janakiraman@college.in', 'people/men/30.jpg', '25462-18825');
INSERT INTO "Users" VALUES (81, 'janmesh', '31ygKW53', 'Janmesh', 'Yadav', 'janmesh@yahoo.com', 'people/men/31.jpg', '34640-87808');
INSERT INTO "Users" VALUES (82, 'jaskaran', 'F8IBpn24', 'Jaskaran', 'Saxena', 'jaskaran@yahoo.com', 'people/men/32.jpg', '93842-76206');
INSERT INTO "Users" VALUES (83, 'jatin', 'AC22NWe0i', 'Jatin', 'Jhadav', 'jatin@gmail.com', 'people/men/33.jpg', '76693-99062');
INSERT INTO "Users" VALUES (84, 'kaushik', '06M4fQKE32', 'Kaushik', 'Subramanium', 'kaushik@fanmail.com', 'people/men/34.jpg', '88611-88363');
INSERT INTO "Users" VALUES (85, 'kaylor', 'U1JKyv44', 'Kaylor', 'Dutta', 'kaylor@fanmail.com', 'people/men/35.jpg', '12798-98647');
INSERT INTO "Users" VALUES (86, 'keshav', 'F4WShj36', 'Keshav', 'Chatterjee', 'keshav@college.in', 'people/men/36.jpg', '59537-24036');
INSERT INTO "Users" VALUES (87, 'khagesh', '14ttSZ08', 'Khagesh', 'Subramanium', 'khagesh@gmail.com', 'people/men/37.jpg', '72511-86399');
INSERT INTO "Users" VALUES (88, 'kiash', '34wtYC72', 'Kiash', 'Jayaraman', 'kiash@yahoo.com', 'people/men/38.jpg', '10803-44770');
INSERT INTO "Users" VALUES (89, 'lailesh', '61P9jPHO02', 'Lailesh', 'Dsouza', 'lailesh@college.in', 'people/men/39.jpg', '65906-81271');
INSERT INTO "Users" VALUES (90, 'lakshminath', 'E0BRon18', 'Lakshminath', 'Sen', 'lakshminath@iitb.ac.in', 'people/men/40.jpg', '52955-71735');
INSERT INTO "Users" VALUES (91, 'lalchand', 'B1EVfk88', 'Lalchand', 'Rao', 'lalchand@gmail.com', 'people/men/41.jpg', '90330-01106');
INSERT INTO "Users" VALUES (92, 'lalitesh', '73G8cEJC25', 'Lalitesh', 'Mistry', 'lalitesh@gmail.com', 'people/men/42.jpg', '28420-84331');
INSERT INTO "Users" VALUES (93, 'lohit', 'C6XTcw92', 'Lohit', 'Sengupta', 'lohit@gmail.com', 'people/men/43.jpg', '44089-41469');
INSERT INTO "Users" VALUES (94, 'lokesh', '90dyEJ67', 'Lokesh', 'Lobo', 'lokesh@gmail.com', 'people/men/44.jpg', '51436-82977');
INSERT INTO "Users" VALUES (95, 'lord shiva', 'X2VTbc80', 'Lord Shiva', 'Chauhan', 'lord shiva@gmail.com', 'people/men/45.jpg', '21207-37264');
INSERT INTO "Users" VALUES (96, 'madhujit', '59U4kSLJ87', 'Madhujit', 'Chavan', 'madhujit@rediffmail.com', 'people/men/46.jpg', '63310-12069');
INSERT INTO "Users" VALUES (97, 'madhusudhana', '68V2kCZR03', 'Madhusudhana', 'Rangarajan', 'madhusudhana@gmail.com', 'people/men/47.jpg', '15877-37853');
INSERT INTO "Users" VALUES (98, 'mahaddev', 'BP44EWa3j', 'Mahaddev', 'Gupta', 'mahaddev@gmail.com', 'people/men/48.jpg', '90601-23308');
INSERT INTO "Users" VALUES (99, 'mahasvin', 'UP33UKh8z', 'Mahasvin', 'Pawar', 'mahasvin@yahoo.com', 'people/men/49.jpg', '16333-83394');
INSERT INTO "Users" VALUES (100, 'mahesh', '55twXV95', 'Mahesh', 'Mehra', 'mahesh@college.in', 'people/men/50.jpg', '46523-88350');
INSERT INTO "Users" VALUES (101, 'mahipati', 'N0SJrs15', 'Mahipati', 'Kapur', 'mahipati@gmail.com', 'people/men/51.jpg', '20651-77051');
INSERT INTO "Users" VALUES (102, 'nrip', 'C5OWaw64', 'Nrip', 'Kapur', 'nrip@college.in', 'people/men/52.jpg', '94215-01167');
INSERT INTO "Users" VALUES (103, 'ojas', '93ktWO18', 'Ojas', 'Bose', 'ojas@rediffmail.com', 'people/men/53.jpg', '72307-20027');
INSERT INTO "Users" VALUES (104, 'omesh', '29V3rWPH27', 'Omesh', 'Nair', 'omesh@yahoo.com', 'people/men/54.jpg', '19430-73021');
INSERT INTO "Users" VALUES (105, 'omprakash', 'SC38VVo3y', 'Omprakash', 'Goyal', 'omprakash@yahoo.com', 'people/men/55.jpg', '63196-26628');
INSERT INTO "Users" VALUES (106, 'padmalochan', 'BR77NMc1i', 'Padmalochan', 'Chauhan', 'padmalochan@gmail.com', 'people/men/56.jpg', '22439-28337');
INSERT INTO "Users" VALUES (107, 'padmesh', 'M9HMyo97', 'Padmesh', 'Sen', 'padmesh@yahoo.com', 'people/men/57.jpg', '10049-92654');
INSERT INTO "Users" VALUES (108, 'pallav', 'IX83EOp0k', 'Pallav', 'Garg', 'pallav@yahoo.com', 'people/men/58.jpg', '57304-74134');
INSERT INTO "Users" VALUES (109, 'panduranga', '92Y4mENN51', 'Panduranga', 'Sengupta', 'panduranga@fanmail.com', 'people/men/59.jpg', '44757-21302');
INSERT INTO "Users" VALUES (110, 'pankajeet', 'BW16OWf3x', 'Pankajeet', 'Saxena', 'pankajeet@gmail.com', 'people/men/60.jpg', '22565-34090');
INSERT INTO "Users" VALUES (111, 'raivata', '55X4pGSN03', 'Raivata', 'Goel', 'raivata@gmail.com', 'people/men/61.jpg', '61799-80537');
INSERT INTO "Users" VALUES (112, 'rajan', 'U6SDvn25', 'Rajan', 'Bose', 'rajan@fanmail.com', 'people/men/62.jpg', '18259-82286');
INSERT INTO "Users" VALUES (113, 'rajat', 'VG73UJg4z', 'Rajat', 'Mehra', 'rajat@fanmail.com', 'people/men/63.jpg', '24369-62838');


--
-- Data for Name: Vote; Type: TABLE DATA; Schema: public; Owner: postgres
--

INSERT INTO "Vote" VALUES (14971, 46, 6, -1);
INSERT INTO "Vote" VALUES (14961, 77, 44, 1);
INSERT INTO "Vote" VALUES (14893, 74, 90, -1);
INSERT INTO "Vote" VALUES (14825, 35, 38, -1);
INSERT INTO "Vote" VALUES (14743, 78, 14, -1);
INSERT INTO "Vote" VALUES (14864, 78, 76, -1);
INSERT INTO "Vote" VALUES (14821, 58, 48, 1);
INSERT INTO "Vote" VALUES (14960, 57, 100, 1);
INSERT INTO "Vote" VALUES (14880, 2, 99, 1);
INSERT INTO "Vote" VALUES (14975, 84, 30, 1);
INSERT INTO "Vote" VALUES (14997, 68, 67, 1);
INSERT INTO "Vote" VALUES (14802, 72, 45, -1);
INSERT INTO "Vote" VALUES (14744, 35, 41, -1);
INSERT INTO "Vote" VALUES (14851, 2, 68, -1);
INSERT INTO "Vote" VALUES (14961, 77, 67, 1);
INSERT INTO "Vote" VALUES (14893, 74, 62, 1);
INSERT INTO "Vote" VALUES (14842, 14, 76, -1);
INSERT INTO "Vote" VALUES (14797, 74, 35, -1);
INSERT INTO "Vote" VALUES (14870, 82, 9, -1);
INSERT INTO "Vote" VALUES (14782, 9, 14, 1);
INSERT INTO "Vote" VALUES (14985, 100, 39, 1);
INSERT INTO "Vote" VALUES (14870, 82, 18, 1);
INSERT INTO "Vote" VALUES (14964, 18, 90, 1);
INSERT INTO "Vote" VALUES (14823, 70, 45, -1);
INSERT INTO "Vote" VALUES (14864, 78, 6, -1);
INSERT INTO "Vote" VALUES (14923, 57, 7, 1);
INSERT INTO "Vote" VALUES (14785, 60, 45, 1);
INSERT INTO "Vote" VALUES (14976, 44, 58, -1);
INSERT INTO "Vote" VALUES (14800, 68, 10, -1);
INSERT INTO "Vote" VALUES (14849, 74, 91, -1);
INSERT INTO "Vote" VALUES (14742, 34, 2, 1);
INSERT INTO "Vote" VALUES (14989, 61, 68, 1);
INSERT INTO "Vote" VALUES (14941, 100, 99, -1);
INSERT INTO "Vote" VALUES (14947, 61, 7, 1);
INSERT INTO "Vote" VALUES (14921, 69, 72, -1);
INSERT INTO "Vote" VALUES (14800, 68, 70, -1);
INSERT INTO "Vote" VALUES (14940, 60, 78, -1);
INSERT INTO "Vote" VALUES (14854, 77, 91, -1);
INSERT INTO "Vote" VALUES (14923, 57, 45, 1);
INSERT INTO "Vote" VALUES (14997, 68, 11, -1);
INSERT INTO "Vote" VALUES (14814, 48, 82, 1);
INSERT INTO "Vote" VALUES (14923, 57, 76, 1);
INSERT INTO "Vote" VALUES (14972, 1, 29, 1);
INSERT INTO "Vote" VALUES (14859, 98, 74, 1);
INSERT INTO "Vote" VALUES (14757, 15, 7, -1);
INSERT INTO "Vote" VALUES (14984, 61, 34, -1);
INSERT INTO "Vote" VALUES (14989, 61, 98, 1);
INSERT INTO "Vote" VALUES (14764, 70, 90, 1);
INSERT INTO "Vote" VALUES (14929, 62, 84, 1);
INSERT INTO "Vote" VALUES (14783, 90, 8, -1);
INSERT INTO "Vote" VALUES (14830, 77, 88, -1);
INSERT INTO "Vote" VALUES (14799, 70, 88, -1);
INSERT INTO "Vote" VALUES (14864, 78, 67, -1);
INSERT INTO "Vote" VALUES (14783, 90, 74, -1);
INSERT INTO "Vote" VALUES (14938, 79, 60, 1);
INSERT INTO "Vote" VALUES (14989, 61, 62, 1);
INSERT INTO "Vote" VALUES (14994, 6, 77, 1);
INSERT INTO "Vote" VALUES (14991, 74, 82, -1);
INSERT INTO "Vote" VALUES (14983, 8, 57, -1);
INSERT INTO "Vote" VALUES (14962, 70, 95, -1);
INSERT INTO "Vote" VALUES (14838, 9, 72, 1);
INSERT INTO "Vote" VALUES (14810, 2, 88, -1);
INSERT INTO "Vote" VALUES (14997, 68, 46, 1);
INSERT INTO "Vote" VALUES (14809, 77, 100, -1);
INSERT INTO "Vote" VALUES (14847, 29, 10, 1);
INSERT INTO "Vote" VALUES (14995, 11, 10, -1);
INSERT INTO "Vote" VALUES (14991, 74, 10, 1);
INSERT INTO "Vote" VALUES (14976, 44, 62, 1);
INSERT INTO "Vote" VALUES (14837, 10, 41, 1);
INSERT INTO "Vote" VALUES (14945, 79, 41, -1);
INSERT INTO "Vote" VALUES (14827, 48, 39, 1);
INSERT INTO "Vote" VALUES (14826, 72, 79, -1);
INSERT INTO "Vote" VALUES (14971, 46, 84, 1);
INSERT INTO "Vote" VALUES (14983, 8, 78, -1);
INSERT INTO "Vote" VALUES (14936, 9, 8, 1);
INSERT INTO "Vote" VALUES (14832, 10, 79, 1);
INSERT INTO "Vote" VALUES (14822, 46, 1, 1);
INSERT INTO "Vote" VALUES (14945, 79, 58, 1);
INSERT INTO "Vote" VALUES (14858, 56, 15, 1);
INSERT INTO "Vote" VALUES (14972, 1, 8, 1);
INSERT INTO "Vote" VALUES (14921, 69, 57, -1);
INSERT INTO "Vote" VALUES (14938, 79, 15, -1);
INSERT INTO "Vote" VALUES (14916, 67, 80, -1);
INSERT INTO "Vote" VALUES (14837, 10, 78, -1);
INSERT INTO "Vote" VALUES (14782, 9, 38, -1);
INSERT INTO "Vote" VALUES (14961, 77, 78, -1);
INSERT INTO "Vote" VALUES (14821, 58, 29, -1);
INSERT INTO "Vote" VALUES (14915, 29, 7, 1);
INSERT INTO "Vote" VALUES (14782, 9, 35, -1);
INSERT INTO "Vote" VALUES (14868, 1, 98, -1);
INSERT INTO "Vote" VALUES (14941, 100, 78, 1);
INSERT INTO "Vote" VALUES (14830, 77, 82, 1);
INSERT INTO "Vote" VALUES (14911, 16, 70, 1);
INSERT INTO "Vote" VALUES (14993, 16, 14, -1);
INSERT INTO "Vote" VALUES (14854, 77, 6, 1);
INSERT INTO "Vote" VALUES (14841, 72, 56, -1);
INSERT INTO "Vote" VALUES (14788, 95, 57, 1);
INSERT INTO "Vote" VALUES (14803, 11, 88, 1);
INSERT INTO "Vote" VALUES (14747, 79, 7, -1);
INSERT INTO "Vote" VALUES (14893, 74, 11, -1);
INSERT INTO "Vote" VALUES (14816, 10, 15, -1);
INSERT INTO "Vote" VALUES (14976, 44, 16, 1);
INSERT INTO "Vote" VALUES (14859, 98, 58, -1);
INSERT INTO "Vote" VALUES (14982, 22, 62, -1);
INSERT INTO "Vote" VALUES (14962, 70, 34, 1);
INSERT INTO "Vote" VALUES (14832, 10, 41, -1);
INSERT INTO "Vote" VALUES (14974, 45, 79, -1);
INSERT INTO "Vote" VALUES (14806, 34, 11, 1);
INSERT INTO "Vote" VALUES (14958, 34, 60, 1);
INSERT INTO "Vote" VALUES (14999, 100, 80, 1);
INSERT INTO "Vote" VALUES (14974, 45, 57, 1);
INSERT INTO "Vote" VALUES (14936, 9, 57, 1);
INSERT INTO "Vote" VALUES (14774, 35, 61, -1);
INSERT INTO "Vote" VALUES (14750, 61, 6, 1);
INSERT INTO "Vote" VALUES (14767, 10, 98, -1);
INSERT INTO "Vote" VALUES (14785, 60, 2, -1);
INSERT INTO "Vote" VALUES (14806, 34, 15, -1);
INSERT INTO "Vote" VALUES (14971, 46, 62, 1);
INSERT INTO "Vote" VALUES (14868, 1, 39, -1);
INSERT INTO "Vote" VALUES (14996, 58, 68, 1);
INSERT INTO "Vote" VALUES (14746, 29, 90, -1);
INSERT INTO "Vote" VALUES (14983, 8, 6, -1);
INSERT INTO "Vote" VALUES (14929, 62, 97, -1);
INSERT INTO "Vote" VALUES (14842, 14, 1, -1);
INSERT INTO "Vote" VALUES (14764, 70, 60, 1);
INSERT INTO "Vote" VALUES (14941, 100, 2, -1);
INSERT INTO "Vote" VALUES (14997, 68, 39, -1);
INSERT INTO "Vote" VALUES (14747, 79, 34, -1);
INSERT INTO "Vote" VALUES (14814, 48, 79, -1);
INSERT INTO "Vote" VALUES (14947, 61, 48, -1);
INSERT INTO "Vote" VALUES (14849, 74, 76, 1);
INSERT INTO "Vote" VALUES (14966, 78, 6, 1);
INSERT INTO "Vote" VALUES (14916, 67, 99, 1);
INSERT INTO "Vote" VALUES (14973, 6, 35, -1);
INSERT INTO "Vote" VALUES (14816, 10, 84, -1);
INSERT INTO "Vote" VALUES (14938, 79, 90, -1);
INSERT INTO "Vote" VALUES (14796, 56, 62, -1);
INSERT INTO "Vote" VALUES (14753, 62, 16, -1);
INSERT INTO "Vote" VALUES (14764, 70, 41, -1);
INSERT INTO "Vote" VALUES (14976, 44, 82, 1);
INSERT INTO "Vote" VALUES (14994, 6, 76, -1);
INSERT INTO "Vote" VALUES (14923, 57, 99, 1);
INSERT INTO "Vote" VALUES (14923, 57, 10, 1);
INSERT INTO "Vote" VALUES (14942, 35, 70, 1);
INSERT INTO "Vote" VALUES (14989, 61, 1, -1);
INSERT INTO "Vote" VALUES (14785, 60, 99, -1);
INSERT INTO "Vote" VALUES (14828, 30, 44, -1);
INSERT INTO "Vote" VALUES (14942, 35, 76, 1);
INSERT INTO "Vote" VALUES (14858, 56, 22, -1);
INSERT INTO "Vote" VALUES (14999, 100, 84, -1);
INSERT INTO "Vote" VALUES (14940, 60, 67, -1);
INSERT INTO "Vote" VALUES (14999, 100, 30, 1);
INSERT INTO "Vote" VALUES (14760, 82, 100, 1);
INSERT INTO "Vote" VALUES (14981, 6, 97, 1);
INSERT INTO "Vote" VALUES (14938, 79, 99, 1);
INSERT INTO "Vote" VALUES (14899, 68, 69, 1);
INSERT INTO "Vote" VALUES (14939, 70, 30, 1);
INSERT INTO "Vote" VALUES (14967, 1, 58, 1);
INSERT INTO "Vote" VALUES (14759, 41, 68, -1);
INSERT INTO "Vote" VALUES (14984, 61, 46, -1);
INSERT INTO "Vote" VALUES (14742, 34, 45, -1);
INSERT INTO "Vote" VALUES (14964, 18, 16, -1);
INSERT INTO "Vote" VALUES (14782, 9, 1, 1);
INSERT INTO "Vote" VALUES (14876, 30, 16, 1);
INSERT INTO "Vote" VALUES (14785, 60, 72, 1);
INSERT INTO "Vote" VALUES (14821, 58, 15, 1);
INSERT INTO "Vote" VALUES (14858, 56, 79, -1);
INSERT INTO "Vote" VALUES (14800, 68, 57, -1);
INSERT INTO "Vote" VALUES (14964, 18, 39, 1);
INSERT INTO "Vote" VALUES (14984, 61, 22, 1);
INSERT INTO "Vote" VALUES (14982, 22, 18, -1);
INSERT INTO "Vote" VALUES (14803, 11, 62, -1);
INSERT INTO "Vote" VALUES (14958, 34, 62, 1);
INSERT INTO "Vote" VALUES (14989, 61, 95, -1);
INSERT INTO "Vote" VALUES (14789, 76, 10, -1);
INSERT INTO "Vote" VALUES (14744, 35, 39, -1);
INSERT INTO "Vote" VALUES (14782, 9, 15, 1);
INSERT INTO "Vote" VALUES (14933, 72, 97, -1);
INSERT INTO "Vote" VALUES (14775, 38, 91, 1);
INSERT INTO "Vote" VALUES (14744, 35, 38, 1);
INSERT INTO "Vote" VALUES (14985, 100, 61, 1);
INSERT INTO "Vote" VALUES (14921, 69, 41, 1);
INSERT INTO "Vote" VALUES (14992, 88, 68, -1);
INSERT INTO "Vote" VALUES (14899, 68, 99, -1);
INSERT INTO "Vote" VALUES (14883, 95, 30, 1);
INSERT INTO "Vote" VALUES (14806, 34, 76, -1);
INSERT INTO "Vote" VALUES (14951, 60, 72, 1);
INSERT INTO "Vote" VALUES (14767, 10, 56, 1);
INSERT INTO "Vote" VALUES (14876, 30, 29, -1);
INSERT INTO "Vote" VALUES (14832, 10, 58, 1);
INSERT INTO "Vote" VALUES (14984, 61, 56, 1);
INSERT INTO "Vote" VALUES (14752, 14, 1, 1);
INSERT INTO "Vote" VALUES (14996, 58, 80, -1);
INSERT INTO "Vote" VALUES (14774, 35, 77, -1);
INSERT INTO "Vote" VALUES (14916, 67, 22, -1);
INSERT INTO "Vote" VALUES (14746, 29, 74, -1);
INSERT INTO "Vote" VALUES (14838, 9, 46, -1);
INSERT INTO "Vote" VALUES (14822, 46, 78, -1);
INSERT INTO "Vote" VALUES (14828, 30, 38, -1);
INSERT INTO "Vote" VALUES (14955, 67, 22, -1);
INSERT INTO "Vote" VALUES (14740, 67, 29, -1);
INSERT INTO "Vote" VALUES (14803, 11, 30, 1);
INSERT INTO "Vote" VALUES (14842, 14, 6, 1);
INSERT INTO "Vote" VALUES (14888, 9, 16, -1);
INSERT INTO "Vote" VALUES (14775, 38, 60, 1);
INSERT INTO "Vote" VALUES (14814, 48, 8, 1);
INSERT INTO "Vote" VALUES (14854, 77, 67, -1);
INSERT INTO "Vote" VALUES (14994, 6, 62, -1);
INSERT INTO "Vote" VALUES (14770, 80, 57, 1);
INSERT INTO "Vote" VALUES (14973, 6, 70, 1);
INSERT INTO "Vote" VALUES (14939, 70, 34, 1);
INSERT INTO "Vote" VALUES (14828, 30, 70, 1);
INSERT INTO "Vote" VALUES (14754, 69, 48, -1);
INSERT INTO "Vote" VALUES (14929, 62, 95, -1);
INSERT INTO "Vote" VALUES (14994, 6, 60, 1);
INSERT INTO "Vote" VALUES (14753, 62, 76, 1);
INSERT INTO "Vote" VALUES (14868, 1, 60, 1);
INSERT INTO "Vote" VALUES (14948, 70, 48, 1);
INSERT INTO "Vote" VALUES (14985, 100, 10, 1);
INSERT INTO "Vote" VALUES (14851, 2, 15, -1);
INSERT INTO "Vote" VALUES (14847, 29, 30, 1);
INSERT INTO "Vote" VALUES (14921, 69, 61, -1);
INSERT INTO "Vote" VALUES (14839, 82, 41, -1);
INSERT INTO "Vote" VALUES (14870, 82, 98, -1);
INSERT INTO "Vote" VALUES (14752, 14, 82, 1);
INSERT INTO "Vote" VALUES (14839, 82, 2, -1);
INSERT INTO "Vote" VALUES (14962, 70, 48, -1);
INSERT INTO "Vote" VALUES (14923, 57, 58, -1);
INSERT INTO "Vote" VALUES (14858, 56, 6, 1);
INSERT INTO "Vote" VALUES (14825, 35, 8, -1);
INSERT INTO "Vote" VALUES (14864, 78, 44, 1);
INSERT INTO "Vote" VALUES (14849, 74, 97, 1);
INSERT INTO "Vote" VALUES (14851, 2, 16, 1);
INSERT INTO "Vote" VALUES (14854, 77, 100, 1);
INSERT INTO "Vote" VALUES (14842, 14, 7, -1);
INSERT INTO "Vote" VALUES (14933, 72, 61, -1);
INSERT INTO "Vote" VALUES (14938, 79, 41, -1);
INSERT INTO "Vote" VALUES (14803, 11, 14, 1);
INSERT INTO "Vote" VALUES (14989, 61, 45, -1);
INSERT INTO "Vote" VALUES (14975, 84, 100, -1);
INSERT INTO "Vote" VALUES (14782, 9, 78, -1);
INSERT INTO "Vote" VALUES (14888, 9, 39, 1);
INSERT INTO "Vote" VALUES (14773, 7, 82, 1);
INSERT INTO "Vote" VALUES (14799, 70, 98, 1);
INSERT INTO "Vote" VALUES (14858, 56, 7, -1);
INSERT INTO "Vote" VALUES (14967, 1, 90, 1);
INSERT INTO "Vote" VALUES (14746, 29, 57, 1);
INSERT INTO "Vote" VALUES (14880, 2, 72, 1);
INSERT INTO "Vote" VALUES (14757, 15, 44, 1);
INSERT INTO "Vote" VALUES (14981, 6, 57, 1);
INSERT INTO "Vote" VALUES (14806, 34, 10, -1);
INSERT INTO "Vote" VALUES (14974, 45, 10, 1);
INSERT INTO "Vote" VALUES (14996, 58, 95, -1);
INSERT INTO "Vote" VALUES (14783, 90, 34, 1);
INSERT INTO "Vote" VALUES (14788, 95, 80, 1);
INSERT INTO "Vote" VALUES (14810, 2, 8, 1);
INSERT INTO "Vote" VALUES (14740, 67, 72, -1);
INSERT INTO "Vote" VALUES (14984, 61, 6, 1);
INSERT INTO "Vote" VALUES (14802, 72, 39, 1);
INSERT INTO "Vote" VALUES (14810, 2, 79, 1);
INSERT INTO "Vote" VALUES (14981, 6, 82, 1);
INSERT INTO "Vote" VALUES (14793, 57, 82, 1);
INSERT INTO "Vote" VALUES (14942, 35, 15, -1);
INSERT INTO "Vote" VALUES (14995, 11, 57, 1);
INSERT INTO "Vote" VALUES (14796, 56, 69, 1);
INSERT INTO "Vote" VALUES (14740, 67, 2, 1);
INSERT INTO "Vote" VALUES (14961, 77, 72, 1);
INSERT INTO "Vote" VALUES (14822, 46, 72, -1);
INSERT INTO "Vote" VALUES (14973, 6, 84, 1);
INSERT INTO "Vote" VALUES (14767, 10, 30, 1);
INSERT INTO "Vote" VALUES (14955, 67, 9, -1);
INSERT INTO "Vote" VALUES (14974, 45, 38, -1);
INSERT INTO "Vote" VALUES (14942, 35, 74, 1);
INSERT INTO "Vote" VALUES (14910, 48, 7, -1);
INSERT INTO "Vote" VALUES (14860, 1, 62, -1);
INSERT INTO "Vote" VALUES (14859, 98, 41, 1);
INSERT INTO "Vote" VALUES (14747, 79, 74, 1);
INSERT INTO "Vote" VALUES (14966, 78, 99, -1);
INSERT INTO "Vote" VALUES (14803, 11, 48, -1);
INSERT INTO "Vote" VALUES (14822, 46, 22, -1);
INSERT INTO "Vote" VALUES (14810, 2, 41, -1);
INSERT INTO "Vote" VALUES (14860, 1, 98, 1);
INSERT INTO "Vote" VALUES (14800, 68, 69, 1);
INSERT INTO "Vote" VALUES (14816, 10, 2, 1);
INSERT INTO "Vote" VALUES (14831, 44, 91, -1);
INSERT INTO "Vote" VALUES (14951, 60, 61, 1);
INSERT INTO "Vote" VALUES (14825, 35, 7, -1);
INSERT INTO "Vote" VALUES (14859, 98, 2, -1);
INSERT INTO "Vote" VALUES (14749, 91, 80, 1);
INSERT INTO "Vote" VALUES (14860, 1, 70, -1);
INSERT INTO "Vote" VALUES (14975, 84, 57, 1);
INSERT INTO "Vote" VALUES (14823, 70, 39, 1);
INSERT INTO "Vote" VALUES (14749, 91, 98, -1);
INSERT INTO "Vote" VALUES (14936, 9, 14, 1);
INSERT INTO "Vote" VALUES (14946, 10, 38, -1);
INSERT INTO "Vote" VALUES (14947, 61, 80, 1);
INSERT INTO "Vote" VALUES (14868, 1, 77, -1);
INSERT INTO "Vote" VALUES (14770, 80, 67, 1);
INSERT INTO "Vote" VALUES (14788, 95, 82, 1);
INSERT INTO "Vote" VALUES (14961, 77, 57, 1);
INSERT INTO "Vote" VALUES (14939, 70, 100, 1);
INSERT INTO "Vote" VALUES (14743, 78, 29, -1);
INSERT INTO "Vote" VALUES (14888, 9, 58, 1);
INSERT INTO "Vote" VALUES (14936, 9, 11, 1);
INSERT INTO "Vote" VALUES (14974, 45, 39, -1);
INSERT INTO "Vote" VALUES (14991, 74, 72, 1);
INSERT INTO "Vote" VALUES (14811, 69, 77, 1);
INSERT INTO "Vote" VALUES (14995, 11, 95, -1);
INSERT INTO "Vote" VALUES (14859, 98, 8, 1);
INSERT INTO "Vote" VALUES (14975, 84, 7, 1);
INSERT INTO "Vote" VALUES (14995, 11, 77, -1);
INSERT INTO "Vote" VALUES (14903, 7, 35, 1);
INSERT INTO "Vote" VALUES (14936, 9, 70, -1);
INSERT INTO "Vote" VALUES (14775, 38, 2, -1);
INSERT INTO "Vote" VALUES (14750, 61, 38, -1);
INSERT INTO "Vote" VALUES (14819, 18, 39, 1);
INSERT INTO "Vote" VALUES (14793, 57, 68, 1);
INSERT INTO "Vote" VALUES (14791, 45, 1, -1);
INSERT INTO "Vote" VALUES (14915, 29, 8, -1);
INSERT INTO "Vote" VALUES (14870, 82, 11, -1);
INSERT INTO "Vote" VALUES (14831, 44, 90, -1);
INSERT INTO "Vote" VALUES (14961, 77, 100, 1);
INSERT INTO "Vote" VALUES (14800, 68, 58, 1);
INSERT INTO "Vote" VALUES (14992, 88, 2, -1);
INSERT INTO "Vote" VALUES (14832, 10, 1, 1);
INSERT INTO "Vote" VALUES (14982, 22, 76, 1);
INSERT INTO "Vote" VALUES (14995, 11, 76, -1);
INSERT INTO "Vote" VALUES (14849, 74, 72, 1);
INSERT INTO "Vote" VALUES (14811, 69, 100, 1);
INSERT INTO "Vote" VALUES (14994, 6, 78, -1);
INSERT INTO "Vote" VALUES (14955, 67, 68, -1);
INSERT INTO "Vote" VALUES (14830, 77, 57, 1);
INSERT INTO "Vote" VALUES (14802, 72, 99, 1);
INSERT INTO "Vote" VALUES (14919, 14, 58, -1);
INSERT INTO "Vote" VALUES (14883, 95, 15, -1);
INSERT INTO "Vote" VALUES (14962, 70, 60, 1);
INSERT INTO "Vote" VALUES (14899, 68, 16, -1);
INSERT INTO "Vote" VALUES (14861, 56, 30, -1);
INSERT INTO "Vote" VALUES (14819, 18, 100, -1);
INSERT INTO "Vote" VALUES (14808, 79, 46, 1);
INSERT INTO "Vote" VALUES (14832, 10, 76, -1);
INSERT INTO "Vote" VALUES (14793, 57, 56, -1);
INSERT INTO "Vote" VALUES (14842, 14, 39, 1);
INSERT INTO "Vote" VALUES (14810, 2, 70, -1);
INSERT INTO "Vote" VALUES (14800, 68, 11, -1);
INSERT INTO "Vote" VALUES (14825, 35, 18, 1);
INSERT INTO "Vote" VALUES (14886, 58, 1, 1);
INSERT INTO "Vote" VALUES (14940, 60, 14, 1);
INSERT INTO "Vote" VALUES (14948, 70, 30, 1);
INSERT INTO "Vote" VALUES (14746, 29, 39, -1);
INSERT INTO "Vote" VALUES (14981, 6, 90, -1);
INSERT INTO "Vote" VALUES (14994, 6, 70, 1);
INSERT INTO "Vote" VALUES (14994, 6, 10, 1);
INSERT INTO "Vote" VALUES (14941, 100, 34, 1);
INSERT INTO "Vote" VALUES (14893, 74, 16, -1);
INSERT INTO "Vote" VALUES (14985, 100, 14, 1);
INSERT INTO "Vote" VALUES (14967, 1, 10, 1);
INSERT INTO "Vote" VALUES (14810, 2, 39, 1);
INSERT INTO "Vote" VALUES (14802, 72, 84, -1);
INSERT INTO "Vote" VALUES (14858, 56, 29, -1);
INSERT INTO "Vote" VALUES (14945, 79, 2, -1);
INSERT INTO "Vote" VALUES (14811, 69, 15, 1);
INSERT INTO "Vote" VALUES (14819, 18, 10, 1);
INSERT INTO "Vote" VALUES (14799, 70, 11, 1);
INSERT INTO "Vote" VALUES (14854, 77, 80, 1);
INSERT INTO "Vote" VALUES (14921, 69, 67, -1);
INSERT INTO "Vote" VALUES (14910, 48, 22, 1);
INSERT INTO "Vote" VALUES (14983, 8, 61, 1);
INSERT INTO "Vote" VALUES (14991, 74, 39, -1);
INSERT INTO "Vote" VALUES (14903, 7, 72, 1);
INSERT INTO "Vote" VALUES (14847, 29, 97, 1);
INSERT INTO "Vote" VALUES (14976, 44, 1, -1);
INSERT INTO "Vote" VALUES (14743, 78, 72, -1);
INSERT INTO "Vote" VALUES (14923, 57, 15, 1);
INSERT INTO "Vote" VALUES (14839, 82, 97, 1);
INSERT INTO "Vote" VALUES (14929, 62, 88, -1);
INSERT INTO "Vote" VALUES (14788, 95, 79, 1);
INSERT INTO "Vote" VALUES (14941, 100, 39, 1);
INSERT INTO "Vote" VALUES (14940, 60, 56, 1);
INSERT INTO "Vote" VALUES (14782, 9, 76, 1);
INSERT INTO "Vote" VALUES (14809, 77, 9, 1);
INSERT INTO "Vote" VALUES (14783, 90, 98, -1);
INSERT INTO "Vote" VALUES (14802, 72, 91, 1);
INSERT INTO "Vote" VALUES (14924, 67, 34, 1);
INSERT INTO "Vote" VALUES (14744, 35, 6, -1);
INSERT INTO "Vote" VALUES (14947, 61, 14, 1);
INSERT INTO "Vote" VALUES (14773, 7, 58, 1);
INSERT INTO "Vote" VALUES (14962, 70, 41, -1);
INSERT INTO "Vote" VALUES (14910, 48, 9, -1);
INSERT INTO "Vote" VALUES (14888, 9, 100, -1);
INSERT INTO "Vote" VALUES (14935, 45, 7, 1);
INSERT INTO "Vote" VALUES (14962, 70, 8, -1);
INSERT INTO "Vote" VALUES (14967, 1, 39, 1);
INSERT INTO "Vote" VALUES (14793, 57, 88, 1);
INSERT INTO "Vote" VALUES (14887, 9, 15, -1);
INSERT INTO "Vote" VALUES (14743, 78, 1, 1);
INSERT INTO "Vote" VALUES (14851, 2, 72, 1);
INSERT INTO "Vote" VALUES (14797, 74, 29, -1);
INSERT INTO "Vote" VALUES (14947, 61, 95, 1);
INSERT INTO "Vote" VALUES (14808, 79, 57, 1);
INSERT INTO "Vote" VALUES (14851, 2, 62, 1);
INSERT INTO "Vote" VALUES (14753, 62, 69, -1);
INSERT INTO "Vote" VALUES (14823, 70, 41, 1);
INSERT INTO "Vote" VALUES (14810, 2, 62, 1);
INSERT INTO "Vote" VALUES (14849, 74, 56, -1);
INSERT INTO "Vote" VALUES (14916, 67, 98, -1);
INSERT INTO "Vote" VALUES (14854, 77, 58, -1);
INSERT INTO "Vote" VALUES (14827, 48, 7, 1);
INSERT INTO "Vote" VALUES (14830, 77, 18, 1);
INSERT INTO "Vote" VALUES (14809, 77, 98, -1);
INSERT INTO "Vote" VALUES (14910, 48, 15, 1);
INSERT INTO "Vote" VALUES (14858, 56, 77, -1);
INSERT INTO "Vote" VALUES (14842, 14, 10, 1);
INSERT INTO "Vote" VALUES (14810, 2, 7, 1);
INSERT INTO "Vote" VALUES (14960, 57, 6, 1);
INSERT INTO "Vote" VALUES (14783, 90, 46, 1);
INSERT INTO "Vote" VALUES (14981, 6, 18, -1);
INSERT INTO "Vote" VALUES (14814, 48, 67, 1);
INSERT INTO "Vote" VALUES (14936, 9, 72, -1);
INSERT INTO "Vote" VALUES (14890, 9, 8, 1);
INSERT INTO "Vote" VALUES (14964, 18, 77, 1);
INSERT INTO "Vote" VALUES (14860, 1, 97, 1);
INSERT INTO "Vote" VALUES (14995, 11, 61, 1);
INSERT INTO "Vote" VALUES (14854, 77, 30, 1);
INSERT INTO "Vote" VALUES (14962, 70, 98, 1);
INSERT INTO "Vote" VALUES (14767, 10, 45, 1);
INSERT INTO "Vote" VALUES (14996, 58, 18, 1);
INSERT INTO "Vote" VALUES (14823, 70, 6, 1);
INSERT INTO "Vote" VALUES (14994, 6, 98, -1);
INSERT INTO "Vote" VALUES (14923, 57, 60, -1);
INSERT INTO "Vote" VALUES (14888, 9, 22, -1);
INSERT INTO "Vote" VALUES (14809, 77, 68, -1);
INSERT INTO "Vote" VALUES (14946, 10, 9, 1);
INSERT INTO "Vote" VALUES (14825, 35, 68, -1);
INSERT INTO "Vote" VALUES (14838, 9, 57, -1);
INSERT INTO "Vote" VALUES (14936, 9, 48, -1);
INSERT INTO "Vote" VALUES (14753, 62, 67, 1);
INSERT INTO "Vote" VALUES (14809, 77, 79, -1);
INSERT INTO "Vote" VALUES (14919, 14, 35, 1);
INSERT INTO "Vote" VALUES (14968, 91, 69, -1);
INSERT INTO "Vote" VALUES (14822, 46, 18, -1);
INSERT INTO "Vote" VALUES (14810, 2, 57, -1);
INSERT INTO "Vote" VALUES (14890, 9, 84, 1);
INSERT INTO "Vote" VALUES (14747, 79, 57, -1);
INSERT INTO "Vote" VALUES (14989, 61, 91, -1);
INSERT INTO "Vote" VALUES (14919, 14, 80, 1);
INSERT INTO "Vote" VALUES (14947, 61, 16, 1);
INSERT INTO "Vote" VALUES (14893, 74, 88, 1);
INSERT INTO "Vote" VALUES (14997, 68, 18, 1);
INSERT INTO "Vote" VALUES (14935, 45, 74, -1);
INSERT INTO "Vote" VALUES (14942, 35, 82, -1);
INSERT INTO "Vote" VALUES (14822, 46, 61, -1);
INSERT INTO "Vote" VALUES (14936, 9, 16, -1);
INSERT INTO "Vote" VALUES (14985, 100, 69, -1);
INSERT INTO "Vote" VALUES (14808, 79, 74, 1);
INSERT INTO "Vote" VALUES (14742, 34, 97, 1);
INSERT INTO "Vote" VALUES (14788, 95, 34, -1);
INSERT INTO "Vote" VALUES (14800, 68, 6, -1);
INSERT INTO "Vote" VALUES (14899, 68, 61, -1);
INSERT INTO "Vote" VALUES (14861, 56, 62, 1);
INSERT INTO "Vote" VALUES (14929, 62, 60, -1);
INSERT INTO "Vote" VALUES (14768, 97, 82, 1);
INSERT INTO "Vote" VALUES (14811, 69, 91, 1);
INSERT INTO "Vote" VALUES (14860, 1, 30, -1);
INSERT INTO "Vote" VALUES (14961, 77, 99, 1);
INSERT INTO "Vote" VALUES (14975, 84, 72, -1);
INSERT INTO "Vote" VALUES (14838, 9, 97, 1);
INSERT INTO "Vote" VALUES (14752, 14, 80, -1);
INSERT INTO "Vote" VALUES (14825, 35, 69, 1);
INSERT INTO "Vote" VALUES (14948, 70, 77, 1);
INSERT INTO "Vote" VALUES (14800, 68, 46, 1);
INSERT INTO "Vote" VALUES (14806, 34, 97, -1);
INSERT INTO "Vote" VALUES (14803, 11, 34, -1);
INSERT INTO "Vote" VALUES (14899, 68, 70, 1);
INSERT INTO "Vote" VALUES (14880, 2, 62, -1);
INSERT INTO "Vote" VALUES (14767, 10, 100, -1);
INSERT INTO "Vote" VALUES (14827, 48, 62, 1);
INSERT INTO "Vote" VALUES (14811, 69, 61, -1);
INSERT INTO "Vote" VALUES (14993, 16, 38, 1);
INSERT INTO "Vote" VALUES (14757, 15, 48, 1);
INSERT INTO "Vote" VALUES (14814, 48, 60, -1);
INSERT INTO "Vote" VALUES (14991, 74, 35, -1);
INSERT INTO "Vote" VALUES (14888, 9, 67, -1);
INSERT INTO "Vote" VALUES (14809, 77, 70, 1);
INSERT INTO "Vote" VALUES (14806, 34, 38, -1);
INSERT INTO "Vote" VALUES (14985, 100, 56, 1);
INSERT INTO "Vote" VALUES (14955, 67, 70, 1);
INSERT INTO "Vote" VALUES (14768, 97, 1, -1);
INSERT INTO "Vote" VALUES (14960, 57, 90, -1);
INSERT INTO "Vote" VALUES (14911, 16, 88, -1);
INSERT INTO "Vote" VALUES (14799, 70, 46, -1);
INSERT INTO "Vote" VALUES (14744, 35, 95, -1);
INSERT INTO "Vote" VALUES (14910, 48, 78, 1);
INSERT INTO "Vote" VALUES (14837, 10, 57, 1);
INSERT INTO "Vote" VALUES (14760, 82, 11, 1);
INSERT INTO "Vote" VALUES (14858, 56, 16, 1);
INSERT INTO "Vote" VALUES (14746, 29, 44, 1);
INSERT INTO "Vote" VALUES (14752, 14, 58, -1);
INSERT INTO "Vote" VALUES (14985, 100, 77, 1);
INSERT INTO "Vote" VALUES (14810, 2, 84, 1);
INSERT INTO "Vote" VALUES (14929, 62, 61, -1);
INSERT INTO "Vote" VALUES (14810, 2, 68, -1);
INSERT INTO "Vote" VALUES (14991, 74, 56, -1);
INSERT INTO "Vote" VALUES (14860, 1, 60, -1);
INSERT INTO "Vote" VALUES (14827, 48, 98, 1);
INSERT INTO "Vote" VALUES (14915, 29, 16, 1);
INSERT INTO "Vote" VALUES (14740, 67, 45, -1);
INSERT INTO "Vote" VALUES (14811, 69, 8, -1);
INSERT INTO "Vote" VALUES (14764, 70, 57, -1);
INSERT INTO "Vote" VALUES (14981, 6, 7, -1);
INSERT INTO "Vote" VALUES (14961, 77, 76, -1);
INSERT INTO "Vote" VALUES (14951, 60, 9, 1);
INSERT INTO "Vote" VALUES (14989, 61, 100, -1);
INSERT INTO "Vote" VALUES (14842, 14, 90, 1);
INSERT INTO "Vote" VALUES (14788, 95, 22, 1);
INSERT INTO "Vote" VALUES (14915, 29, 46, 1);
INSERT INTO "Vote" VALUES (14973, 6, 74, 1);
INSERT INTO "Vote" VALUES (14962, 70, 7, 1);
INSERT INTO "Vote" VALUES (14880, 2, 8, -1);
INSERT INTO "Vote" VALUES (14941, 100, 72, -1);
INSERT INTO "Vote" VALUES (14915, 29, 11, 1);
INSERT INTO "Vote" VALUES (14911, 16, 58, -1);
INSERT INTO "Vote" VALUES (14910, 48, 98, 1);
INSERT INTO "Vote" VALUES (14825, 35, 57, -1);
INSERT INTO "Vote" VALUES (14939, 70, 16, -1);
INSERT INTO "Vote" VALUES (14785, 60, 97, 1);
INSERT INTO "Vote" VALUES (14826, 72, 58, -1);
INSERT INTO "Vote" VALUES (14800, 68, 44, -1);
INSERT INTO "Vote" VALUES (14976, 44, 57, 1);
INSERT INTO "Vote" VALUES (14826, 72, 46, 1);
INSERT INTO "Vote" VALUES (14948, 70, 9, -1);
INSERT INTO "Vote" VALUES (14890, 9, 90, -1);
INSERT INTO "Vote" VALUES (14868, 1, 11, -1);
INSERT INTO "Vote" VALUES (14788, 95, 97, -1);
INSERT INTO "Vote" VALUES (14911, 16, 35, -1);
INSERT INTO "Vote" VALUES (14915, 29, 30, 1);
INSERT INTO "Vote" VALUES (14968, 91, 80, 1);
INSERT INTO "Vote" VALUES (14832, 10, 78, 1);
INSERT INTO "Vote" VALUES (14946, 10, 100, 1);
INSERT INTO "Vote" VALUES (14903, 7, 76, -1);
INSERT INTO "Vote" VALUES (14759, 41, 56, 1);
INSERT INTO "Vote" VALUES (14757, 15, 22, 1);
INSERT INTO "Vote" VALUES (14967, 1, 70, -1);
INSERT INTO "Vote" VALUES (14903, 7, 10, 1);
INSERT INTO "Vote" VALUES (14839, 82, 76, -1);
INSERT INTO "Vote" VALUES (14946, 10, 39, 1);
INSERT INTO "Vote" VALUES (14984, 61, 67, -1);
INSERT INTO "Vote" VALUES (14750, 61, 57, -1);
INSERT INTO "Vote" VALUES (14783, 90, 48, 1);
INSERT INTO "Vote" VALUES (14838, 9, 30, 1);
INSERT INTO "Vote" VALUES (14750, 61, 80, 1);
INSERT INTO "Vote" VALUES (14974, 45, 56, 1);
INSERT INTO "Vote" VALUES (14750, 61, 82, 1);
INSERT INTO "Vote" VALUES (14769, 39, 97, -1);
INSERT INTO "Vote" VALUES (14822, 46, 99, -1);
INSERT INTO "Vote" VALUES (14858, 56, 72, -1);
INSERT INTO "Vote" VALUES (14933, 72, 1, -1);
INSERT INTO "Vote" VALUES (14982, 22, 77, -1);
INSERT INTO "Vote" VALUES (14744, 35, 67, -1);
INSERT INTO "Vote" VALUES (14975, 84, 46, 1);
INSERT INTO "Vote" VALUES (14740, 67, 97, 1);
INSERT INTO "Vote" VALUES (14883, 95, 98, 1);
INSERT INTO "Vote" VALUES (14942, 35, 100, 1);
INSERT INTO "Vote" VALUES (14760, 82, 14, -1);
INSERT INTO "Vote" VALUES (14948, 70, 16, -1);
INSERT INTO "Vote" VALUES (14826, 72, 41, 1);
INSERT INTO "Vote" VALUES (14860, 1, 15, 1);
INSERT INTO "Vote" VALUES (14770, 80, 74, -1);
INSERT INTO "Vote" VALUES (14989, 61, 46, -1);
INSERT INTO "Vote" VALUES (14816, 10, 95, 1);
INSERT INTO "Vote" VALUES (14983, 8, 79, 1);
INSERT INTO "Vote" VALUES (14996, 58, 15, -1);
INSERT INTO "Vote" VALUES (14770, 80, 91, 1);
INSERT INTO "Vote" VALUES (14832, 10, 44, -1);
INSERT INTO "Vote" VALUES (14849, 74, 2, 1);
INSERT INTO "Vote" VALUES (14808, 79, 95, 1);
INSERT INTO "Vote" VALUES (14929, 62, 22, 1);
INSERT INTO "Vote" VALUES (14782, 9, 62, 1);
INSERT INTO "Vote" VALUES (14976, 44, 80, -1);
INSERT INTO "Vote" VALUES (14890, 9, 6, -1);
INSERT INTO "Vote" VALUES (14966, 78, 7, 1);
INSERT INTO "Vote" VALUES (14876, 30, 15, 1);
INSERT INTO "Vote" VALUES (14947, 61, 62, -1);
INSERT INTO "Vote" VALUES (14760, 82, 10, -1);
INSERT INTO "Vote" VALUES (14822, 46, 11, -1);
INSERT INTO "Vote" VALUES (14958, 34, 80, 1);
INSERT INTO "Vote" VALUES (14864, 78, 35, 1);
INSERT INTO "Vote" VALUES (14883, 95, 1, 1);
INSERT INTO "Vote" VALUES (14883, 95, 70, 1);
INSERT INTO "Vote" VALUES (14916, 67, 97, -1);
INSERT INTO "Vote" VALUES (14757, 15, 45, 1);
INSERT INTO "Vote" VALUES (14955, 67, 1, -1);
INSERT INTO "Vote" VALUES (14823, 70, 84, -1);
INSERT INTO "Vote" VALUES (14759, 41, 80, -1);
INSERT INTO "Vote" VALUES (14796, 56, 68, -1);
INSERT INTO "Vote" VALUES (14899, 68, 57, 1);
INSERT INTO "Vote" VALUES (14975, 84, 8, -1);
INSERT INTO "Vote" VALUES (14951, 60, 84, 1);
INSERT INTO "Vote" VALUES (14946, 10, 44, -1);
INSERT INTO "Vote" VALUES (14760, 82, 72, -1);
INSERT INTO "Vote" VALUES (14916, 67, 9, 1);
INSERT INTO "Vote" VALUES (14946, 10, 14, 1);
INSERT INTO "Vote" VALUES (14919, 14, 100, 1);
INSERT INTO "Vote" VALUES (14811, 69, 16, -1);
INSERT INTO "Vote" VALUES (14864, 78, 41, 1);
INSERT INTO "Vote" VALUES (14916, 67, 68, 1);
INSERT INTO "Vote" VALUES (14991, 74, 70, 1);
INSERT INTO "Vote" VALUES (14942, 35, 6, 1);
INSERT INTO "Vote" VALUES (14960, 57, 29, -1);
INSERT INTO "Vote" VALUES (14958, 34, 68, 1);
INSERT INTO "Vote" VALUES (14886, 58, 98, 1);
INSERT INTO "Vote" VALUES (14809, 77, 29, -1);
INSERT INTO "Vote" VALUES (14948, 70, 90, 1);
INSERT INTO "Vote" VALUES (14911, 16, 57, -1);
INSERT INTO "Vote" VALUES (14991, 74, 18, 1);
INSERT INTO "Vote" VALUES (14991, 74, 6, 1);
INSERT INTO "Vote" VALUES (14915, 29, 2, 1);
INSERT INTO "Vote" VALUES (14806, 34, 30, -1);
INSERT INTO "Vote" VALUES (14997, 68, 56, 1);
INSERT INTO "Vote" VALUES (14999, 100, 67, 1);
INSERT INTO "Vote" VALUES (14989, 61, 70, -1);
INSERT INTO "Vote" VALUES (14883, 95, 8, -1);
INSERT INTO "Vote" VALUES (14747, 79, 11, 1);
INSERT INTO "Vote" VALUES (14999, 100, 1, 1);
INSERT INTO "Vote" VALUES (14743, 78, 16, 1);
INSERT INTO "Vote" VALUES (14825, 35, 15, 1);
INSERT INTO "Vote" VALUES (14994, 6, 74, -1);
INSERT INTO "Vote" VALUES (14775, 38, 18, -1);
INSERT INTO "Vote" VALUES (14750, 61, 16, -1);
INSERT INTO "Vote" VALUES (14827, 48, 29, -1);
INSERT INTO "Vote" VALUES (14903, 7, 8, -1);
INSERT INTO "Vote" VALUES (14774, 35, 62, 1);
INSERT INTO "Vote" VALUES (14775, 38, 70, 1);
INSERT INTO "Vote" VALUES (14916, 67, 8, 1);
INSERT INTO "Vote" VALUES (14960, 57, 11, -1);
INSERT INTO "Vote" VALUES (14757, 15, 30, -1);
INSERT INTO "Vote" VALUES (14948, 70, 80, 1);
INSERT INTO "Vote" VALUES (14823, 70, 67, 1);
INSERT INTO "Vote" VALUES (14826, 72, 60, 1);
INSERT INTO "Vote" VALUES (14919, 14, 82, 1);
INSERT INTO "Vote" VALUES (14841, 72, 80, 1);
INSERT INTO "Vote" VALUES (14830, 77, 74, 1);
INSERT INTO "Vote" VALUES (14971, 46, 1, 1);
INSERT INTO "Vote" VALUES (14935, 45, 58, 1);
INSERT INTO "Vote" VALUES (14919, 14, 88, -1);
INSERT INTO "Vote" VALUES (14782, 9, 97, -1);
INSERT INTO "Vote" VALUES (14939, 70, 82, 1);
INSERT INTO "Vote" VALUES (14788, 95, 56, 1);
INSERT INTO "Vote" VALUES (14760, 82, 77, 1);
INSERT INTO "Vote" VALUES (14743, 78, 90, -1);
INSERT INTO "Vote" VALUES (14797, 74, 10, -1);
INSERT INTO "Vote" VALUES (14911, 16, 56, 1);
INSERT INTO "Vote" VALUES (14991, 74, 95, -1);
INSERT INTO "Vote" VALUES (14803, 11, 10, 1);
INSERT INTO "Vote" VALUES (14890, 9, 76, 1);
INSERT INTO "Vote" VALUES (14941, 100, 76, 1);
INSERT INTO "Vote" VALUES (14918, 39, 22, -1);
INSERT INTO "Vote" VALUES (14991, 74, 2, 1);
INSERT INTO "Vote" VALUES (14752, 14, 35, 1);
INSERT INTO "Vote" VALUES (14847, 29, 100, -1);
INSERT INTO "Vote" VALUES (14942, 35, 1, 1);
INSERT INTO "Vote" VALUES (14860, 1, 6, 1);
INSERT INTO "Vote" VALUES (14808, 79, 82, 1);
INSERT INTO "Vote" VALUES (14893, 74, 22, -1);
INSERT INTO "Vote" VALUES (14960, 57, 68, -1);
INSERT INTO "Vote" VALUES (14924, 67, 58, 1);
INSERT INTO "Vote" VALUES (14774, 35, 44, -1);
INSERT INTO "Vote" VALUES (14958, 34, 100, 1);
INSERT INTO "Vote" VALUES (14819, 18, 22, -1);
INSERT INTO "Vote" VALUES (14858, 56, 70, -1);
INSERT INTO "Vote" VALUES (14838, 9, 11, -1);
INSERT INTO "Vote" VALUES (14809, 77, 61, -1);
INSERT INTO "Vote" VALUES (14955, 67, 79, 1);
INSERT INTO "Vote" VALUES (14828, 30, 74, 1);
INSERT INTO "Vote" VALUES (14851, 2, 41, 1);
INSERT INTO "Vote" VALUES (14994, 6, 67, -1);
INSERT INTO "Vote" VALUES (14992, 88, 79, 1);
INSERT INTO "Vote" VALUES (14775, 38, 41, 1);
INSERT INTO "Vote" VALUES (14942, 35, 57, 1);
INSERT INTO "Vote" VALUES (14757, 15, 61, 1);
INSERT INTO "Vote" VALUES (14955, 67, 44, 1);
INSERT INTO "Vote" VALUES (14747, 79, 41, -1);
INSERT INTO "Vote" VALUES (14806, 34, 45, 1);
INSERT INTO "Vote" VALUES (14851, 2, 90, -1);
INSERT INTO "Vote" VALUES (14967, 1, 60, 1);
INSERT INTO "Vote" VALUES (14847, 29, 79, -1);
INSERT INTO "Vote" VALUES (14868, 1, 34, 1);
INSERT INTO "Vote" VALUES (14821, 58, 1, 1);
INSERT INTO "Vote" VALUES (14838, 9, 67, 1);
INSERT INTO "Vote" VALUES (14911, 16, 77, -1);
INSERT INTO "Vote" VALUES (14743, 78, 98, 1);
INSERT INTO "Vote" VALUES (14764, 70, 22, 1);
INSERT INTO "Vote" VALUES (14994, 6, 15, 1);
INSERT INTO "Vote" VALUES (14880, 2, 34, -1);
INSERT INTO "Vote" VALUES (14899, 68, 88, 1);
INSERT INTO "Vote" VALUES (14740, 67, 74, -1);
INSERT INTO "Vote" VALUES (14976, 44, 95, 1);
INSERT INTO "Vote" VALUES (14870, 82, 67, -1);
INSERT INTO "Vote" VALUES (14773, 7, 8, 1);
INSERT INTO "Vote" VALUES (14942, 35, 41, -1);
INSERT INTO "Vote" VALUES (14947, 61, 82, -1);
INSERT INTO "Vote" VALUES (14773, 7, 11, 1);
INSERT INTO "Vote" VALUES (14880, 2, 97, -1);
INSERT INTO "Vote" VALUES (14989, 61, 2, -1);
INSERT INTO "Vote" VALUES (14759, 41, 16, 1);
INSERT INTO "Vote" VALUES (14747, 79, 45, 1);
INSERT INTO "Vote" VALUES (14764, 70, 78, 1);
INSERT INTO "Vote" VALUES (14802, 72, 30, -1);
INSERT INTO "Vote" VALUES (14832, 10, 45, 1);
INSERT INTO "Vote" VALUES (14941, 100, 62, 1);
INSERT INTO "Vote" VALUES (14992, 88, 61, 1);
INSERT INTO "Vote" VALUES (14806, 34, 74, -1);
INSERT INTO "Vote" VALUES (14876, 30, 39, -1);
INSERT INTO "Vote" VALUES (14893, 74, 15, 1);
INSERT INTO "Vote" VALUES (14767, 10, 8, 1);
INSERT INTO "Vote" VALUES (14961, 77, 90, 1);
INSERT INTO "Vote" VALUES (14981, 6, 15, -1);
INSERT INTO "Vote" VALUES (14858, 56, 11, -1);
INSERT INTO "Vote" VALUES (14939, 70, 61, 1);
INSERT INTO "Vote" VALUES (14883, 95, 80, 1);
INSERT INTO "Vote" VALUES (14767, 10, 2, -1);
INSERT INTO "Vote" VALUES (14870, 82, 39, 1);
INSERT INTO "Vote" VALUES (14796, 56, 1, 1);
INSERT INTO "Vote" VALUES (14876, 30, 74, -1);
INSERT INTO "Vote" VALUES (14968, 91, 39, 1);
INSERT INTO "Vote" VALUES (14985, 100, 68, -1);
INSERT INTO "Vote" VALUES (14847, 29, 67, 1);
INSERT INTO "Vote" VALUES (14971, 46, 99, 1);
INSERT INTO "Vote" VALUES (14968, 91, 14, 1);
INSERT INTO "Vote" VALUES (14948, 70, 61, -1);
INSERT INTO "Vote" VALUES (14887, 9, 68, -1);
INSERT INTO "Vote" VALUES (14860, 1, 67, -1);
INSERT INTO "Vote" VALUES (14861, 56, 99, -1);
INSERT INTO "Vote" VALUES (14800, 68, 29, 1);
INSERT INTO "Vote" VALUES (14849, 74, 6, 1);
INSERT INTO "Vote" VALUES (14870, 82, 30, 1);
INSERT INTO "Vote" VALUES (14854, 77, 1, -1);
INSERT INTO "Vote" VALUES (14972, 1, 14, -1);
INSERT INTO "Vote" VALUES (14916, 67, 58, -1);
INSERT INTO "Vote" VALUES (14823, 70, 30, -1);
INSERT INTO "Vote" VALUES (14935, 45, 72, -1);
INSERT INTO "Vote" VALUES (14802, 72, 80, 1);
INSERT INTO "Vote" VALUES (14838, 9, 100, 1);
INSERT INTO "Vote" VALUES (14759, 41, 69, 1);
INSERT INTO "Vote" VALUES (14750, 61, 22, 1);
INSERT INTO "Vote" VALUES (14886, 58, 69, -1);
INSERT INTO "Vote" VALUES (14827, 48, 61, -1);
INSERT INTO "Vote" VALUES (14993, 16, 34, 1);
INSERT INTO "Vote" VALUES (14861, 56, 61, -1);
INSERT INTO "Vote" VALUES (14985, 100, 91, 1);
INSERT INTO "Vote" VALUES (14997, 68, 69, 1);
INSERT INTO "Vote" VALUES (14887, 9, 91, 1);
INSERT INTO "Vote" VALUES (14997, 68, 79, -1);
INSERT INTO "Vote" VALUES (14942, 35, 69, 1);
INSERT INTO "Vote" VALUES (14743, 78, 95, 1);
INSERT INTO "Vote" VALUES (14750, 61, 56, -1);
INSERT INTO "Vote" VALUES (14985, 100, 88, -1);
INSERT INTO "Vote" VALUES (14747, 79, 88, -1);
INSERT INTO "Vote" VALUES (14750, 61, 70, 1);
INSERT INTO "Vote" VALUES (14849, 74, 78, 1);
INSERT INTO "Vote" VALUES (14942, 35, 14, -1);
INSERT INTO "Vote" VALUES (14831, 44, 30, -1);
INSERT INTO "Vote" VALUES (14767, 10, 14, -1);
INSERT INTO "Vote" VALUES (14886, 58, 70, -1);
INSERT INTO "Vote" VALUES (14935, 45, 78, 1);
INSERT INTO "Vote" VALUES (14972, 1, 88, 1);
INSERT INTO "Vote" VALUES (14976, 44, 30, 1);
INSERT INTO "Vote" VALUES (14975, 84, 80, 1);
INSERT INTO "Vote" VALUES (14968, 91, 58, -1);
INSERT INTO "Vote" VALUES (14951, 60, 10, -1);
INSERT INTO "Vote" VALUES (14976, 44, 22, -1);
INSERT INTO "Vote" VALUES (14938, 79, 44, -1);
INSERT INTO "Vote" VALUES (14822, 46, 8, 1);
INSERT INTO "Vote" VALUES (14899, 68, 97, 1);
INSERT INTO "Vote" VALUES (14961, 77, 80, 1);
INSERT INTO "Vote" VALUES (14849, 74, 79, -1);
INSERT INTO "Vote" VALUES (14975, 84, 58, -1);
INSERT INTO "Vote" VALUES (14983, 8, 62, 1);
INSERT INTO "Vote" VALUES (14753, 62, 90, -1);
INSERT INTO "Vote" VALUES (14754, 69, 14, -1);
INSERT INTO "Vote" VALUES (14975, 84, 74, 1);
INSERT INTO "Vote" VALUES (14810, 2, 91, -1);
INSERT INTO "Vote" VALUES (14767, 10, 78, 1);
INSERT INTO "Vote" VALUES (14888, 9, 34, 1);
INSERT INTO "Vote" VALUES (14993, 16, 84, -1);
INSERT INTO "Vote" VALUES (14999, 100, 60, -1);
INSERT INTO "Vote" VALUES (14947, 61, 60, -1);
INSERT INTO "Vote" VALUES (14828, 30, 100, -1);
INSERT INTO "Vote" VALUES (14811, 69, 97, 1);
INSERT INTO "Vote" VALUES (14933, 72, 34, 1);
INSERT INTO "Vote" VALUES (14789, 76, 35, -1);
INSERT INTO "Vote" VALUES (14802, 72, 56, 1);
INSERT INTO "Vote" VALUES (14876, 30, 1, -1);
INSERT INTO "Vote" VALUES (14822, 46, 57, 1);
INSERT INTO "Vote" VALUES (14864, 78, 39, 1);
INSERT INTO "Vote" VALUES (14999, 100, 69, -1);
INSERT INTO "Vote" VALUES (14868, 1, 91, 1);
INSERT INTO "Vote" VALUES (14752, 14, 44, 1);
INSERT INTO "Vote" VALUES (14962, 70, 38, -1);
INSERT INTO "Vote" VALUES (14967, 1, 72, -1);
INSERT INTO "Vote" VALUES (14887, 9, 90, 1);
INSERT INTO "Vote" VALUES (14750, 61, 69, -1);
INSERT INTO "Vote" VALUES (14774, 35, 70, 1);
INSERT INTO "Vote" VALUES (14939, 70, 44, 1);
INSERT INTO "Vote" VALUES (14825, 35, 2, 1);
INSERT INTO "Vote" VALUES (14997, 68, 99, -1);
INSERT INTO "Vote" VALUES (14992, 88, 74, -1);
INSERT INTO "Vote" VALUES (14785, 60, 16, -1);
INSERT INTO "Vote" VALUES (14962, 70, 79, 1);
INSERT INTO "Vote" VALUES (14816, 10, 14, -1);
INSERT INTO "Vote" VALUES (14968, 91, 46, -1);
INSERT INTO "Vote" VALUES (14919, 14, 79, -1);
INSERT INTO "Vote" VALUES (14984, 61, 35, 1);
INSERT INTO "Vote" VALUES (14876, 30, 22, 1);
INSERT INTO "Vote" VALUES (14793, 57, 8, 1);
INSERT INTO "Vote" VALUES (14796, 56, 61, -1);
INSERT INTO "Vote" VALUES (14981, 6, 77, 1);
INSERT INTO "Vote" VALUES (14816, 10, 78, -1);
INSERT INTO "Vote" VALUES (14966, 78, 45, 1);
INSERT INTO "Vote" VALUES (14935, 45, 60, -1);
INSERT INTO "Vote" VALUES (14753, 62, 82, 1);
INSERT INTO "Vote" VALUES (14859, 98, 76, -1);
INSERT INTO "Vote" VALUES (14768, 97, 62, -1);
INSERT INTO "Vote" VALUES (14769, 39, 72, -1);
INSERT INTO "Vote" VALUES (14975, 84, 2, -1);
INSERT INTO "Vote" VALUES (14753, 62, 14, -1);
INSERT INTO "Vote" VALUES (14948, 70, 100, -1);
INSERT INTO "Vote" VALUES (14847, 29, 95, 1);
INSERT INTO "Vote" VALUES (14783, 90, 61, -1);
INSERT INTO "Vote" VALUES (14876, 30, 44, 1);
INSERT INTO "Vote" VALUES (14976, 44, 2, -1);
INSERT INTO "Vote" VALUES (14789, 76, 29, -1);
INSERT INTO "Vote" VALUES (14981, 6, 98, -1);
INSERT INTO "Vote" VALUES (14800, 68, 2, -1);
INSERT INTO "Vote" VALUES (14996, 58, 69, -1);
INSERT INTO "Vote" VALUES (14806, 34, 57, -1);
INSERT INTO "Vote" VALUES (14753, 62, 99, 1);
INSERT INTO "Vote" VALUES (14911, 16, 10, 1);
INSERT INTO "Vote" VALUES (14999, 100, 68, 1);
INSERT INTO "Vote" VALUES (14747, 79, 97, 1);
INSERT INTO "Vote" VALUES (14960, 57, 82, 1);
INSERT INTO "Vote" VALUES (14830, 77, 84, -1);
INSERT INTO "Vote" VALUES (14759, 41, 76, -1);
INSERT INTO "Vote" VALUES (14921, 69, 76, -1);
INSERT INTO "Vote" VALUES (14754, 69, 38, 1);
INSERT INTO "Vote" VALUES (14744, 35, 48, 1);
INSERT INTO "Vote" VALUES (14847, 29, 80, -1);
INSERT INTO "Vote" VALUES (14883, 95, 39, -1);
INSERT INTO "Vote" VALUES (14770, 80, 79, 1);
INSERT INTO "Vote" VALUES (14880, 2, 46, 1);
INSERT INTO "Vote" VALUES (14802, 72, 60, -1);
INSERT INTO "Vote" VALUES (14832, 10, 29, -1);
INSERT INTO "Vote" VALUES (14936, 9, 2, -1);
INSERT INTO "Vote" VALUES (14854, 77, 16, -1);
INSERT INTO "Vote" VALUES (14985, 100, 22, -1);
INSERT INTO "Vote" VALUES (14859, 98, 22, 1);
INSERT INTO "Vote" VALUES (14886, 58, 62, -1);
INSERT INTO "Vote" VALUES (14746, 29, 91, 1);
INSERT INTO "Vote" VALUES (14799, 70, 99, -1);
INSERT INTO "Vote" VALUES (14951, 60, 30, -1);
INSERT INTO "Vote" VALUES (14799, 70, 67, -1);


--
-- Data for Name: Wish; Type: TABLE DATA; Schema: public; Owner: postgres
--

INSERT INTO "Wish" VALUES (0, 79, 'Lorem ipsum dolor sit amet, consectetur adipiscing elit. Vehicula tempus proin mauris sociis sapien mi facilisi parturient praesent.

', 548, '2014-05-08', '2014-07-07', '0111001', '22:00:00', '04:00:00', 249, 1, '2013-07-02 14:00:00');
INSERT INTO "Wish" VALUES (1, 91, 'Class tempor gravida pellentesque pretium etiam himenaeos sem venenatis justo?

', 575, '2014-03-07', '2014-04-08', '1100011', '14:00:00', '18:00:00', 70, 18, '2013-07-01 03:00:00');
INSERT INTO "Wish" VALUES (3, 72, 'Potenti integre Tincidunt phasellus gravida sed leo bibendum nullam dignissim.

', 460, '2014-03-05', '2014-06-03', '0111100', '23:30:00', '09:00:00', 375, 37, '2013-04-07 15:00:00');
INSERT INTO "Wish" VALUES (5, 68, 'Luctus nulla volutpat lobortis adipiscing donec hac ultrices mattis eleifend.

', 735, '2014-02-04', '2014-08-07', '1101100', '19:00:00', '17:30:00', 105, 50, '2013-04-06 17:00:00');
INSERT INTO "Wish" VALUES (6, 57, 'Nostra dapibus euismod condimentum sem bibendum metus, fames commodo blandit...

', 226, '2014-09-02', '2014-07-06', '1100011', '22:30:00', '20:30:00', 100, 36, '2013-01-09 07:00:00');
INSERT INTO "Wish" VALUES (9, 67, 'Penatibus tortor Elit semper lacus vulputate lectus id facilisis ultrices.

', 654, '2014-04-02', '2014-01-04', '0011011', '11:00:00', '05:00:00', 400, 10, '2013-07-01 15:00:00');
INSERT INTO "Wish" VALUES (12, 44, 'Maecenas elit accumsan rutrum sapien enim faucibus rhoncus nec lacinia.

', 737, '2014-06-07', '2014-03-06', '0110101', '11:30:00', '09:00:00', 31, 50, '2013-07-04 15:00:00');
INSERT INTO "Wish" VALUES (14, 70, 'Dapibus dictumst lacus vulputate sociis cum, purus turpis ultrices eleifend.

', 341, '2014-03-08', '2014-05-03', '0101110', '09:30:00', '08:30:00', 239, 22, '2013-08-01 23:00:00');
INSERT INTO "Wish" VALUES (17, 41, 'In tempus dictumst etiam rutrum primis id aptent eros magna.

', 823, '2014-01-03', '2014-04-08', '1110001', '19:00:00', '18:00:00', 97, 49, '2013-03-03 06:00:00');
INSERT INTO "Wish" VALUES (20, 82, 'Maecenas nisi augue ut fusce risus rhoncus felis, odio dui.

', 410, '2014-07-01', '2014-05-08', '0101101', '04:00:00', '13:30:00', 5, 26, '2013-06-04 10:00:00');
INSERT INTO "Wish" VALUES (25, 48, 'Nostra neque nascetur class leo conubia habitant fames ridiculus justo?

', 249, '2014-07-04', '2014-03-04', '0111100', '15:00:00', '04:30:00', 229, 50, '2013-01-03 19:00:00');
INSERT INTO "Wish" VALUES (26, 69, 'Urna nunc Tincidunt semper himenaeos eu leo ac dignissim congue.

', 629, '2014-03-05', '2014-08-01', '1001101', '20:00:00', '21:00:00', 204, 38, '2013-01-06 22:00:00');
INSERT INTO "Wish" VALUES (27, 16, 'Tortor tempus sodales torquent mauris per iaculis nisl blandit congue.

', 854, '2014-03-01', '2014-04-02', '0111100', '19:00:00', '05:30:00', 377, 41, '2013-01-01 08:00:00');
INSERT INTO "Wish" VALUES (30, 84, 'Dapibus sapien lectus quam facilisis laoreet - nisl egestas mattis nec.

', 270, '2014-01-05', '2014-05-01', '0110110', '21:30:00', '05:00:00', 65, 50, '2013-03-08 19:00:00');
INSERT INTO "Wish" VALUES (33, 7, 'Nisi quis accumsan tristique aenean sociis molestie interdum - fames fermentum?

', 588, '2014-08-09', '2014-09-06', '0010111', '17:00:00', '02:00:00', 35, 7, '2013-08-09 17:00:00');
INSERT INTO "Wish" VALUES (35, 77, 'Convallis urna Lacus ullamcorper vestibulum enim porta parturient turpis ligula.

', 597, '2014-06-03', '2014-09-09', '1011010', '04:30:00', '00:00:00', 183, 8, '2013-05-04 21:00:00');
INSERT INTO "Wish" VALUES (36, 72, 'Fringilla natoque Curabitur dictumst litora aenean - rutrum eu congue fermentum.

', 764, '2014-09-04', '2014-03-08', '1010110', '23:00:00', '00:30:00', 238, 44, '2013-03-03 14:00:00');
INSERT INTO "Wish" VALUES (38, 56, 'Cubilia tincidunt litora aenean primis nullam laoreet mollis et lacinia?

', 624, '2014-05-01', '2014-04-09', '1001011', '23:00:00', '14:00:00', 153, 0, '2013-05-09 05:00:00');
INSERT INTO "Wish" VALUES (39, 88, 'Convallis cursus ut tempus erat faucibus - eros cum fames sit.

', 559, '2014-09-01', '2014-08-02', '0011011', '10:30:00', '17:00:00', 245, 12, '2013-06-08 05:00:00');
INSERT INTO "Wish" VALUES (42, 45, 'Curae accumsan condimentum aenean erat eu posuere elementum; odio venenatis.

', 774, '2014-04-04', '2014-02-01', '0011110', '01:30:00', '19:30:00', 154, 18, '2013-04-02 03:00:00');
INSERT INTO "Wish" VALUES (43, 22, 'Libero nunc Inceptos torquent proin nam dis porta commodo eleifend.

', 823, '2014-06-08', '2014-02-07', '0111010', '00:00:00', '02:00:00', 74, 9, '2013-08-05 07:00:00');
INSERT INTO "Wish" VALUES (44, 97, 'Taciti non Tempus pellentesque sodales pretium etiam consectetur dui ligula.

', 207, '2014-02-09', '2014-08-05', '1000111', '11:00:00', '16:00:00', 88, 3, '2013-04-06 06:00:00');
INSERT INTO "Wish" VALUES (47, 79, 'Habitasse vehicula litora malesuada sapien mi molestie praesent varius eleifend.

', 327, '2014-09-08', '2014-01-04', '1100110', '06:00:00', '16:00:00', 45, 46, '2013-02-07 14:00:00');
INSERT INTO "Wish" VALUES (48, 77, 'Cursus in cubilia scelerisque nascetur volutpat: aenean sagittis ultricies turpis?

', 400, '2014-09-06', '2014-09-06', '0101011', '21:00:00', '12:00:00', 152, 11, '2013-03-01 04:00:00');
INSERT INTO "Wish" VALUES (50, 70, 'Vitae cubilia luctus ut torquent malesuada erat viverra risus fermentum.

', 662, '2014-09-09', '2014-08-05', '1101010', '23:30:00', '01:00:00', 188, 21, '2013-09-09 17:00:00');
INSERT INTO "Wish" VALUES (52, 98, 'Elit vehicula neque gravida massa ornare sagittis iaculis: dictum varius?

', 961, '2014-01-09', '2014-03-03', '1100110', '14:00:00', '13:30:00', 129, 48, '2013-09-08 03:00:00');
INSERT INTO "Wish" VALUES (56, 14, 'Maecenas velit pellentesque erat fusce enim - facilisi facilisis felis vivamus.

', 946, '2014-02-06', '2014-02-03', '1010011', '09:30:00', '06:00:00', 168, 38, '2013-02-02 16:00:00');
INSERT INTO "Wish" VALUES (58, 8, 'Augue scelerisque quisque diam velit inceptos sodales - bibendum parturient ultrices.

', 588, '2014-03-02', '2014-09-01', '0110101', '05:30:00', '17:00:00', 197, 44, '2013-05-02 16:00:00');
INSERT INTO "Wish" VALUES (64, 45, 'Maecenas cursus potenti luctus sodales pretium per arcu ultrices egestas?

', 877, '2014-09-06', '2014-03-03', '1010110', '10:30:00', '07:30:00', 161, 50, '2013-01-05 16:00:00');
INSERT INTO "Wish" VALUES (65, 18, 'Est in fringilla augue dapibus nibh per rutrum sapien conubia?

', 512, '2014-01-07', '2014-03-07', '1010011', '02:00:00', '06:00:00', 122, 23, '2013-05-01 13:00:00');
INSERT INTO "Wish" VALUES (68, 48, 'Cursus montes sociosqu in aliquet donec mollis; egestas mus varius!

', 298, '2014-08-02', '2014-05-09', '0111010', '02:00:00', '11:00:00', 198, 11, '2013-09-05 20:00:00');
INSERT INTO "Wish" VALUES (72, 2, 'Dictumst malesuada sociis donec aptent elementum venenatis fermentum - porttitor morbi.

', 795, '2014-03-03', '2014-02-04', '1011010', '00:30:00', '09:30:00', 171, 32, '2013-09-07 04:00:00');
INSERT INTO "Wish" VALUES (75, 45, 'Convallis tempus tristique vel erat vestibulum porta adipiscing praesent ultrices.

', 689, '2014-08-02', '2014-01-04', '0110101', '22:30:00', '08:30:00', 245, 30, '2013-06-02 13:00:00');
INSERT INTO "Wish" VALUES (77, 44, 'Urna amet luctus senectus dapibus integre sapien faucibus rhoncus mollis.

', 503, '2014-09-03', '2014-04-01', '1000111', '07:30:00', '14:30:00', 146, 45, '2013-04-08 10:00:00');
INSERT INTO "Wish" VALUES (78, 70, 'Potenti nunc nisi senectus aliquet massa erat; id at mus.

', 496, '2014-08-08', '2014-05-03', '1101100', '11:00:00', '10:30:00', 40, 8, '2013-06-06 21:00:00');
INSERT INTO "Wish" VALUES (82, 98, 'Lorem sed orci aenean eget cum purus; ultricies fames lacinia.

', 770, '2014-05-06', '2014-05-01', '1001101', '23:00:00', '23:30:00', 44, 0, '2013-03-07 10:00:00');
INSERT INTO "Wish" VALUES (83, 79, 'Taciti integre tempus malesuada eu mi hac magna nisl aliquam.

', 581, '2014-05-07', '2014-05-09', '1110100', '14:30:00', '02:30:00', 28, 11, '2013-04-05 12:00:00');
INSERT INTO "Wish" VALUES (85, 77, 'Habitasse scelerisque Quisque sodales sapien platea conubia nec blandit justo!

', 491, '2014-01-05', '2014-09-03', '0001111', '09:30:00', '08:00:00', 75, 19, '2013-09-08 16:00:00');
INSERT INTO "Wish" VALUES (88, 91, 'Nisi magnis dolor tristique orci mauris leo viverra: at blandit.

', 401, '2014-05-03', '2014-08-07', '0110101', '15:00:00', '11:00:00', 373, 30, '2013-09-09 15:00:00');
INSERT INTO "Wish" VALUES (89, 44, 'Suspendisse velit lacus aliquet ipsum leo cum conubia suscipit congue!

', 554, '2014-06-06', '2014-01-02', '1100011', '22:30:00', '06:30:00', 10, 18, '2013-06-09 07:00:00');
INSERT INTO "Wish" VALUES (90, 41, 'Maecenas dapibus euismod malesuada consequat imperdiet elementum, a venenatis fermentum...

', 237, '2014-05-06', '2014-04-07', '1110100', '19:00:00', '15:00:00', 31, 6, '2013-05-06 05:00:00');
INSERT INTO "Wish" VALUES (92, 77, 'Tortor dapibus diam sed ipsum leo lectus ultricies egestas sit?

', 669, '2014-03-02', '2014-06-02', '0101101', '16:00:00', '17:30:00', 384, 23, '2013-03-08 12:00:00');
INSERT INTO "Wish" VALUES (93, 84, 'Penatibus nisi taciti neque diam accumsan, sollicitudin magna habitant vivamus.

', 729, '2014-03-08', '2014-03-08', '1101100', '09:30:00', '19:30:00', 393, 45, '2013-03-03 11:00:00');
INSERT INTO "Wish" VALUES (95, 100, 'Accumsan class gravida mauris sociis posuere molestie donec: platea elementum.

', 518, '2014-06-06', '2014-09-09', '1011010', '06:00:00', '11:30:00', 381, 38, '2013-04-06 20:00:00');
INSERT INTO "Wish" VALUES (97, 57, 'Convallis urna Amet nunc diam velit at nisl: egestas venenatis.

', 861, '2014-04-01', '2014-07-07', '0001111', '15:00:00', '15:00:00', 384, 31, '2013-02-07 10:00:00');
INSERT INTO "Wish" VALUES (99, 45, 'Integre lacus nibh lobortis erat eu pharetra mattis venenatis fermentum.

', 277, '2014-05-06', '2014-05-08', '0111010', '02:30:00', '23:00:00', 176, 47, '2013-01-06 17:00:00');
INSERT INTO "Wish" VALUES (100, 98, 'Elit vehicula nibh malesuada vulputate himenaeos per vel aptent aliquam!

', 986, '2014-08-03', '2014-07-05', '0101101', '08:30:00', '14:00:00', 237, 9, '2013-05-07 08:00:00');
INSERT INTO "Wish" VALUES (101, 60, 'Est neque integre nascetur gravida vulputate erat aptent: magna morbi.

', 773, '2014-03-05', '2014-08-06', '0011110', '09:00:00', '06:30:00', 216, 27, '2013-04-03 02:00:00');
INSERT INTO "Wish" VALUES (108, 99, 'Cras dapibus inceptos pharetra pulvinar facilisis nisl; mus a eleifend.

', 703, '2014-04-09', '2014-03-06', '1011100', '01:30:00', '13:30:00', 103, 28, '2013-05-07 16:00:00');
INSERT INTO "Wish" VALUES (110, 45, 'Penatibus tortor Elit nisi phasellus ac id ligula: fermentum justo!

', 606, '2014-01-05', '2014-03-01', '1011001', '07:00:00', '16:30:00', 145, 45, '2013-08-07 11:00:00');
INSERT INTO "Wish" VALUES (114, 82, 'Non magnis euismod pharetra quam elementum - interdum felis congue lacinia.

', 926, '2014-02-05', '2014-08-03', '1010101', '14:30:00', '18:00:00', 13, 40, '2013-01-07 01:00:00');
INSERT INTO "Wish" VALUES (115, 14, 'Convallis vehicula scelerisque neque quis gravida ornare bibendum rhoncus egestas.

', 319, '2014-04-03', '2014-03-05', '1101001', '13:00:00', '23:30:00', 67, 20, '2013-02-04 00:00:00');
INSERT INTO "Wish" VALUES (120, 22, 'Suspendisse quis consectetur vestibulum mi lectus nullam facilisi eleifend morbi.

', 442, '2014-09-09', '2014-06-06', '1101010', '10:30:00', '14:30:00', 234, 18, '2013-05-01 07:00:00');
INSERT INTO "Wish" VALUES (122, 99, 'Maecenas potenti neque velit litora proin mi donec arcu egestas.

', 557, '2014-04-09', '2014-03-09', '0100111', '05:00:00', '16:30:00', 202, 17, '2013-02-04 18:00:00');
INSERT INTO "Wish" VALUES (131, 60, 'In amet fringilla non sollicitudin sagittis adipiscing platea - conubia vivamus.

', 225, '2014-05-08', '2014-03-06', '0100111', '07:00:00', '20:30:00', 35, 50, '2013-06-01 05:00:00');
INSERT INTO "Wish" VALUES (136, 60, 'Nostra in Natoque lacus euismod ornare viverra; platea ultrices suscipit.

', 941, '2014-05-09', '2014-07-05', '0011101', '12:00:00', '10:00:00', 151, 28, '2013-06-08 22:00:00');
INSERT INTO "Wish" VALUES (140, 10, 'Potenti taciti Condimentum porta bibendum eros fames mus varius eleifend.

', 812, '2014-06-05', '2014-02-01', '1110010', '21:00:00', '03:00:00', 229, 30, '2013-02-03 05:00:00');
INSERT INTO "Wish" VALUES (141, 77, 'Suspendisse volutpat sollicitudin mauris nam nullam interdum; blandit suscipit justo.

', 687, '2014-03-04', '2014-04-05', '1000111', '16:30:00', '10:30:00', 241, 28, '2013-07-08 05:00:00');
INSERT INTO "Wish" VALUES (146, 48, 'Habitasse cras in nunc suspendisse lacus id hac elementum mollis?

', 456, '2014-09-02', '2014-03-06', '1000111', '19:00:00', '16:00:00', 12, 7, '2013-07-01 23:00:00');
INSERT INTO "Wish" VALUES (148, 91, 'Vitae luctus neque accumsan torquent viverra posuere quam nec dui.

', 762, '2014-04-04', '2014-08-02', '1100011', '09:00:00', '13:00:00', 88, 32, '2013-07-06 13:00:00');
INSERT INTO "Wish" VALUES (150, 57, 'Libero semper litora leo bibendum pulvinar faucibus; cum odio dui.

', 965, '2014-02-09', '2014-03-05', '1101100', '19:00:00', '16:30:00', 371, 21, '2013-02-02 03:00:00');
INSERT INTO "Wish" VALUES (152, 99, 'Vehicula potenti neque quisque phasellus massa lobortis ac cum dictum?

', 845, '2014-05-09', '2014-05-09', '0010111', '01:30:00', '14:30:00', 115, 14, '2013-07-08 10:00:00');
INSERT INTO "Wish" VALUES (154, 76, 'Vehicula curabitur massa vel bibendum hac ultrices mattis varius sit?

', 856, '2014-09-08', '2014-07-03', '0001111', '08:30:00', '13:00:00', 4, 11, '2013-03-05 08:00:00');
INSERT INTO "Wish" VALUES (158, 30, 'Cubilia Scelerisque quisque sociis ornare dignissim donec cum iaculis fermentum.

', 858, '2014-04-05', '2014-06-05', '1100110', '12:30:00', '07:30:00', 131, 25, '2013-09-06 17:00:00');
INSERT INTO "Wish" VALUES (159, 29, 'Tortor natoque euismod sodales eu facilisi rhoncus arcu fames vivamus.

', 210, '2014-04-08', '2014-03-02', '0100111', '10:30:00', '21:30:00', 95, 48, '2013-04-07 09:00:00');
INSERT INTO "Wish" VALUES (166, 8, 'Nunc nisi tincidunt gravida nibh sapien faucibus quam elementum ante.

', 928, '2014-05-03', '2014-07-03', '0010111', '03:00:00', '09:30:00', 249, 13, '2013-01-09 22:00:00');
INSERT INTO "Wish" VALUES (168, 9, 'Integre dolor Class gravida sodales pretium orci: id facilisi dignissim.

', 403, '2014-05-01', '2014-01-07', '1101100', '08:30:00', '21:00:00', 27, 35, '2013-01-08 21:00:00');
INSERT INTO "Wish" VALUES (169, 60, 'Tortor ut semper aliquet proin risus molestie eros - hac feugiat?

', 494, '2014-06-02', '2014-04-05', '0111100', '18:00:00', '22:30:00', 48, 34, '2013-08-09 08:00:00');
INSERT INTO "Wish" VALUES (177, 8, 'Gravida proin ullamcorper ipsum metus dignissim - conubia dictum nisl venenatis?

', 836, '2014-06-07', '2014-06-01', '1111000', '07:00:00', '13:00:00', 35, 50, '2013-03-01 13:00:00');
INSERT INTO "Wish" VALUES (190, 97, 'Lorem integre Velit tristique litora condimentum sem bibendum - vivamus morbi?

', 658, '2014-02-04', '2014-02-08', '1010101', '15:00:00', '09:00:00', 124, 9, '2013-05-04 12:00:00');
INSERT INTO "Wish" VALUES (192, 1, 'Pretium fusce sem bibendum rhoncus facilisis elementum - nisl ante ligula!

', 714, '2014-09-07', '2014-01-04', '0110101', '05:00:00', '02:30:00', 167, 17, '2013-08-09 17:00:00');
INSERT INTO "Wish" VALUES (193, 70, 'Nunc Non quis pellentesque leo molestie elementum mollis interdum et?

', 490, '2014-04-07', '2014-08-01', '1010011', '21:30:00', '20:00:00', 132, 38, '2013-06-08 05:00:00');
INSERT INTO "Wish" VALUES (195, 62, 'Dapibus torquent enim duis magna interdum egestas blandit a ligula!

', 618, '2014-01-09', '2014-07-05', '1010011', '04:00:00', '00:00:00', 58, 7, '2013-09-04 14:00:00');
INSERT INTO "Wish" VALUES (203, 79, 'Curae tempor nulla inceptos aliquet proin id; laoreet venenatis ligula.

', 577, '2014-03-05', '2014-03-05', '1011100', '08:30:00', '19:00:00', 127, 2, '2013-04-01 15:00:00');
INSERT INTO "Wish" VALUES (209, 35, 'Tortor dolor tempus leo risus nullam; mollis egestas aliquam porttitor!

', 223, '2014-04-08', '2014-01-09', '1010101', '00:30:00', '20:00:00', 43, 2, '2013-05-09 10:00:00');
INSERT INTO "Wish" VALUES (210, 35, 'Scelerisque integre pellentesque per nullam adipiscing ac cum, facilisis justo?

', 867, '2014-02-09', '2014-06-06', '0100111', '21:00:00', '23:30:00', 137, 38, '2013-07-09 04:00:00');
INSERT INTO "Wish" VALUES (211, 44, 'Gravida nibh per eu sem enim; adipiscing facilisi iaculis dictum?

', 571, '2014-02-04', '2014-06-03', '1010110', '14:00:00', '01:00:00', 92, 23, '2013-01-06 00:00:00');
INSERT INTO "Wish" VALUES (215, 48, 'Nunc vulputate vel leo pharetra faucibus feugiat dictum turpis varius?

', 622, '2014-03-09', '2014-02-08', '1010101', '02:30:00', '14:00:00', 242, 38, '2013-09-05 23:00:00');
INSERT INTO "Wish" VALUES (216, 84, 'Montes scelerisque neque nascetur tristique aptent: mollis magna et venenatis.

', 309, '2014-09-06', '2014-04-09', '0100111', '09:30:00', '02:00:00', 164, 16, '2013-06-06 21:00:00');
INSERT INTO "Wish" VALUES (219, 79, 'Curae gravida nibh sociis sapien adipiscing id iaculis aliquam morbi?

', 271, '2014-01-04', '2014-04-02', '0111100', '19:30:00', '20:00:00', 226, 20, '2013-06-09 11:00:00');
INSERT INTO "Wish" VALUES (221, 69, 'Cubilia taciti Magnis sociis molestie id hac - imperdiet laoreet congue.

', 605, '2014-06-06', '2014-06-08', '1101100', '10:30:00', '03:00:00', 19, 37, '2013-03-07 23:00:00');
INSERT INTO "Wish" VALUES (224, 97, 'Tincidunt sodales torquent rutrum eros parturient turpis - egestas mus dui.

', 283, '2014-08-05', '2014-02-07', '1000111', '11:30:00', '14:00:00', 390, 23, '2013-07-09 11:00:00');
INSERT INTO "Wish" VALUES (225, 8, 'Fringilla nisi nascetur rutrum fusce primis porta id rhoncus eros.

', 834, '2014-03-07', '2014-08-07', '1100011', '05:30:00', '23:30:00', 116, 23, '2013-05-01 16:00:00');
INSERT INTO "Wish" VALUES (231, 34, 'Nostra Cras neque pharetra facilisi hac tellus iaculis, placerat magna.

', 742, '2014-05-08', '2014-02-07', '1110100', '19:00:00', '15:00:00', 399, 29, '2013-06-09 05:00:00');
INSERT INTO "Wish" VALUES (234, 91, 'Maecenas curae Non mi risus dignissim hendrerit; commodo dui justo!

', 689, '2014-05-08', '2014-09-01', '0011101', '03:00:00', '01:30:00', 19, 8, '2013-04-06 15:00:00');
INSERT INTO "Wish" VALUES (235, 72, 'Suspendisse taciti scelerisque dapibus consequat fusce molestie at arcu blandit.

', 211, '2014-06-04', '2014-08-03', '1001011', '07:00:00', '17:00:00', 61, 48, '2013-04-07 16:00:00');
INSERT INTO "Wish" VALUES (238, 48, 'Convallis cras suspendisse cubilia scelerisque faucibus ultrices varius - congue venenatis?

', 928, '2014-06-07', '2014-06-04', '1011010', '05:00:00', '05:30:00', 248, 0, '2013-09-01 14:00:00');
INSERT INTO "Wish" VALUES (239, 48, 'Ad class vestibulum dis bibendum hac varius blandit porttitor morbi.

', 466, '2014-01-01', '2014-04-07', '1101010', '07:00:00', '16:30:00', 69, 44, '2013-06-07 03:00:00');
INSERT INTO "Wish" VALUES (240, 11, 'Curae vehicula diam lobortis ipsum cum iaculis purus egestas ante.

', 479, '2014-02-09', '2014-02-03', '0011011', '17:30:00', '12:00:00', 379, 34, '2013-01-07 05:00:00');
INSERT INTO "Wish" VALUES (243, 67, 'Habitasse dapibus sem facilisis ultricies ante commodo mus suscipit fermentum.

', 354, '2014-09-01', '2014-01-02', '1011001', '16:00:00', '21:30:00', 13, 27, '2013-01-02 06:00:00');
INSERT INTO "Wish" VALUES (250, 2, 'Est potenti tincidunt litora lobortis mauris: vel pharetra pulvinar ligula!

', 291, '2014-06-01', '2014-09-03', '0110110', '23:30:00', '13:00:00', 37, 9, '2013-01-01 07:00:00');
INSERT INTO "Wish" VALUES (252, 16, 'Accumsan nulla massa lectus nullam elementum dictum ultricies - vivamus lacinia.

', 298, '2014-08-04', '2014-05-06', '1111000', '19:30:00', '15:00:00', 96, 42, '2013-06-02 19:00:00');
INSERT INTO "Wish" VALUES (254, 74, 'Dapibus tincidunt Lacus euismod sociis sapien: viverra praesent fames et.

', 627, '2014-07-03', '2014-09-07', '1111000', '10:00:00', '19:00:00', 380, 32, '2013-05-02 05:00:00');
INSERT INTO "Wish" VALUES (256, 98, 'Habitasse curabitur tincidunt velit sed enim iaculis dictum: purus porttitor!

', 549, '2014-08-03', '2014-06-04', '1100110', '03:00:00', '19:00:00', 173, 25, '2013-06-06 10:00:00');
INSERT INTO "Wish" VALUES (257, 98, 'Urna magnis Neque quisque enim sagittis rhoncus et nec dui!

', 656, '2014-03-06', '2014-09-07', '0101110', '10:00:00', '18:30:00', 33, 3, '2013-02-05 01:00:00');
INSERT INTO "Wish" VALUES (258, 68, 'Maecenas sed Orci proin aenean vestibulum sapien porta - facilisis arcu?

', 849, '2014-02-07', '2014-03-03', '1011010', '07:00:00', '16:00:00', 22, 50, '2013-04-03 15:00:00');
INSERT INTO "Wish" VALUES (261, 84, 'Penatibus amet Augue quisque consequat ac: quam at habitant eleifend!

', 375, '2014-06-09', '2014-08-02', '0101011', '15:30:00', '07:00:00', 385, 43, '2013-01-01 14:00:00');
INSERT INTO "Wish" VALUES (263, 70, 'Integre semper massa pretium molestie platea laoreet magna dictum mus?

', 489, '2014-09-05', '2014-08-01', '1100101', '06:30:00', '22:00:00', 193, 7, '2013-03-07 03:00:00');
INSERT INTO "Wish" VALUES (267, 76, 'Augue integre class porta pulvinar mollis purus praesent nec fermentum.

', 273, '2014-02-04', '2014-07-01', '1100101', '21:30:00', '05:30:00', 182, 9, '2013-07-04 12:00:00');
INSERT INTO "Wish" VALUES (268, 79, 'Tortor non quis tempor semper himenaeos erat - ac platea tellus.

', 681, '2014-01-09', '2014-05-06', '0110011', '06:00:00', '01:00:00', 4, 21, '2013-01-06 01:00:00');
INSERT INTO "Wish" VALUES (270, 100, 'Nulla inceptos Tristique lobortis malesuada sagittis duis tellus ultricies commodo.

', 403, '2014-06-08', '2014-06-08', '1010110', '13:00:00', '09:30:00', 42, 39, '2013-01-04 20:00:00');
INSERT INTO "Wish" VALUES (277, 90, 'Lorem quisque Curabitur nam primis viverra; platea hendrerit varius nisl?

', 520, '2014-06-01', '2014-07-05', '1001110', '15:00:00', '13:00:00', 2, 47, '2013-04-06 07:00:00');
INSERT INTO "Wish" VALUES (280, 14, 'Cras in nisi quis massa himenaeos hac quam at mattis?

', 502, '2014-01-09', '2014-02-09', '0010111', '08:30:00', '18:00:00', 137, 19, '2013-07-06 11:00:00');
INSERT INTO "Wish" VALUES (283, 38, 'In dolor diam velit class consequat tellus suscipit a justo.

', 972, '2014-05-09', '2014-05-07', '1110001', '20:00:00', '07:30:00', 66, 13, '2013-07-07 19:00:00');
INSERT INTO "Wish" VALUES (284, 74, 'Natoque dapibus dolor phasellus ac eros tellus - blandit netus morbi.

', 451, '2014-06-05', '2014-09-05', '0110110', '22:30:00', '07:30:00', 15, 43, '2013-09-07 16:00:00');
INSERT INTO "Wish" VALUES (290, 88, 'Convallis vitae lorem non dapibus gravida sociis rhoncus - eros netus.

', 901, '2014-02-01', '2014-09-02', '1001110', '19:00:00', '13:30:00', 143, 36, '2013-06-03 16:00:00');
INSERT INTO "Wish" VALUES (291, 6, 'Maecenas nostra sociosqu libero scelerisque dolor velit, vel lectus venenatis.

', 298, '2014-07-01', '2014-03-04', '0110011', '04:00:00', '02:00:00', 195, 39, '2013-06-09 12:00:00');
INSERT INTO "Wish" VALUES (296, 22, 'Neque ad accumsan velit class tristique vel consequat, ipsum donec?

', 924, '2014-02-04', '2014-06-07', '0110101', '20:30:00', '11:30:00', 244, 25, '2013-01-02 08:00:00');
INSERT INTO "Wish" VALUES (301, 84, 'Vehicula nisi non euismod vestibulum porta; hendrerit purus turpis ante.

', 989, '2014-02-08', '2014-03-05', '0101101', '06:00:00', '14:30:00', 216, 34, '2013-06-09 03:00:00');
INSERT INTO "Wish" VALUES (307, 61, 'Suspendisse malesuada proin per ipsum turpis auctor: a sit fermentum.

', 437, '2014-03-02', '2014-05-06', '1001011', '05:00:00', '04:00:00', 379, 50, '2013-01-04 19:00:00');
INSERT INTO "Wish" VALUES (308, 100, 'Montes accumsan velit enim porta duis hendrerit; praesent mus aliquam?

', 644, '2014-02-02', '2014-03-09', '1010110', '11:30:00', '08:00:00', 97, 37, '2013-06-05 05:00:00');
INSERT INTO "Wish" VALUES (311, 80, 'Lorem accumsan Himenaeos per fusce lectus elementum, ultricies ante morbi.

', 742, '2014-09-04', '2014-05-01', '1101010', '16:30:00', '14:30:00', 58, 25, '2013-05-08 01:00:00');
INSERT INTO "Wish" VALUES (312, 90, 'Nunc ut nulla aliquet faucibus aptent quam elementum mus aliquam.

', 672, '2014-08-04', '2014-04-08', '1110100', '23:00:00', '20:30:00', 113, 41, '2013-06-06 01:00:00');
INSERT INTO "Wish" VALUES (314, 70, 'Penatibus dolor aenean nullam hac duis dictum purus ante commodo.

', 737, '2014-06-01', '2014-06-07', '0011101', '06:30:00', '19:30:00', 171, 13, '2013-07-09 16:00:00');
INSERT INTO "Wish" VALUES (317, 90, 'Amet libero cubilia diam semper condimentum vestibulum; arcu habitant suscipit.

', 677, '2014-06-04', '2014-01-08', '0010111', '14:00:00', '23:00:00', 85, 48, '2013-09-02 18:00:00');
INSERT INTO "Wish" VALUES (320, 70, 'Nostra elit luctus aenean eget sem rhoncus habitant auctor morbi.

', 685, '2014-02-03', '2014-03-01', '0101110', '11:00:00', '17:00:00', 397, 17, '2013-02-05 08:00:00');
INSERT INTO "Wish" VALUES (324, 70, 'Urna phasellus nulla per sociis vel sem, nec aliquam lacinia?

', 632, '2014-07-03', '2014-07-06', '0111100', '19:30:00', '02:00:00', 190, 38, '2013-06-09 20:00:00');
INSERT INTO "Wish" VALUES (326, 34, 'In fringilla curabitur dolor tempor ornare sem ac aptent sit.

', 326, '2014-05-03', '2014-06-02', '0111010', '15:30:00', '18:00:00', 239, 10, '2013-06-01 08:00:00');
INSERT INTO "Wish" VALUES (327, 99, 'Litora sed Vulputate proin molestie ultrices et auctor blandit habitant.

', 571, '2014-09-08', '2014-05-03', '1010101', '14:00:00', '10:30:00', 184, 14, '2013-03-05 06:00:00');
INSERT INTO "Wish" VALUES (341, 15, 'Penatibus vitae cubilia scelerisque ad nascetur: proin consectetur laoreet lacinia.

', 326, '2014-04-02', '2014-05-04', '1101100', '12:00:00', '22:00:00', 61, 34, '2013-06-06 12:00:00');
INSERT INTO "Wish" VALUES (344, 67, 'Penatibus lorem potenti suspendisse senectus phasellus volutpat vestibulum primis imperdiet.

', 880, '2014-09-02', '2014-05-05', '0011101', '23:30:00', '09:30:00', 95, 35, '2013-07-07 20:00:00');
INSERT INTO "Wish" VALUES (346, 70, 'Nunc taciti class phasellus tempor leo; molestie rhoncus at aliquam.

', 752, '2014-08-01', '2014-04-08', '1001101', '16:30:00', '12:30:00', 125, 35, '2013-06-07 02:00:00');
INSERT INTO "Wish" VALUES (349, 99, 'Augue magnis sed ullamcorper rutrum sapien habitant, ante sit fermentum.

', 278, '2014-04-06', '2014-01-05', '1101010', '04:30:00', '15:00:00', 57, 4, '2013-09-09 17:00:00');
INSERT INTO "Wish" VALUES (350, 6, 'Est aenean per sapien primis sagittis lectus faucibus, porttitor justo?

', 920, '2014-09-09', '2014-05-07', '1100110', '11:00:00', '20:00:00', 70, 23, '2013-07-07 20:00:00');
INSERT INTO "Wish" VALUES (355, 6, 'Habitasse cubilia Natoque euismod tellus hendrerit interdum, nisl odio congue!

', 381, '2014-07-01', '2014-06-03', '1001101', '10:00:00', '19:00:00', 109, 8, '2013-03-03 20:00:00');
INSERT INTO "Wish" VALUES (356, 2, 'Maecenas nisi senectus tempus nascetur euismod, mi conubia nisl fames...

', 424, '2014-04-05', '2014-08-03', '1110001', '19:00:00', '05:00:00', 399, 20, '2013-07-07 11:00:00');
INSERT INTO "Wish" VALUES (360, 90, 'Habitasse elit Inceptos tristique sollicitudin lobortis risus - eros a venenatis?

', 527, '2014-07-06', '2014-04-08', '1011010', '12:30:00', '15:30:00', 228, 0, '2013-08-06 07:00:00');
INSERT INTO "Wish" VALUES (361, 2, 'Tincidunt accumsan massa porta hac tellus magna: dui suscipit justo.

', 483, '2014-07-01', '2014-05-01', '1110100', '03:30:00', '15:00:00', 26, 22, '2013-05-04 21:00:00');
INSERT INTO "Wish" VALUES (366, 18, 'Habitasse libero cubilia scelerisque nibh condimentum facilisi quam facilisis praesent?

', 240, '2014-01-07', '2014-05-09', '0101011', '01:00:00', '16:00:00', 187, 37, '2013-08-02 01:00:00');
INSERT INTO "Wish" VALUES (367, 34, 'Cras montes Elit in fringilla etiam sociis sapien donec interdum.

', 652, '2014-04-03', '2014-06-04', '0101110', '13:00:00', '05:30:00', 182, 41, '2013-08-08 03:00:00');
INSERT INTO "Wish" VALUES (369, 35, 'Amet ad tincidunt tempus lobortis porta dignissim laoreet et varius.

', 937, '2014-06-03', '2014-05-03', '1100110', '08:00:00', '04:30:00', 134, 2, '2013-07-04 19:00:00');
INSERT INTO "Wish" VALUES (372, 62, 'Convallis urna Sociosqu ad pellentesque pharetra pulvinar rhoncus mollis nisl!

', 208, '2014-07-04', '2014-06-02', '1110001', '08:30:00', '01:00:00', 133, 34, '2013-02-05 20:00:00');
INSERT INTO "Wish" VALUES (375, 14, 'Montes massa mauris metus facilisi dignissim, hac imperdiet conubia fames?

', 551, '2014-04-07', '2014-08-04', '1010110', '04:30:00', '07:00:00', 4, 14, '2013-09-05 13:00:00');
INSERT INTO "Wish" VALUES (376, 9, 'Penatibus habitasse Diam class lobortis metus pharetra facilisis, platea et?

', 850, '2014-03-04', '2014-06-09', '1111000', '17:00:00', '08:00:00', 395, 42, '2013-07-03 14:00:00');
INSERT INTO "Wish" VALUES (378, 22, 'Maecenas neque dolor tempor erat vestibulum dis feugiat purus mattis.

', 961, '2014-06-05', '2014-01-08', '1110001', '23:00:00', '08:00:00', 170, 7, '2013-09-06 22:00:00');
INSERT INTO "Wish" VALUES (382, 67, 'In magnis neque euismod pretium sem mi ipsum felis sit.

', 617, '2014-08-06', '2014-02-07', '0101110', '01:00:00', '03:00:00', 148, 39, '2013-04-02 15:00:00');
INSERT INTO "Wish" VALUES (389, 16, 'Penatibus amet quis quisque tincidunt mi dignissim nec eleifend justo?

', 531, '2014-05-09', '2014-09-03', '0011101', '08:00:00', '13:30:00', 10, 8, '2013-07-02 04:00:00');
INSERT INTO "Wish" VALUES (390, 48, 'Suspendisse ad mi sagittis nullam posuere donec hac duis odio.

', 414, '2014-01-08', '2014-06-02', '0111001', '02:30:00', '17:00:00', 187, 8, '2013-03-03 12:00:00');
INSERT INTO "Wish" VALUES (394, 90, 'Est montes in vulputate rutrum eros duis - hendrerit ultrices felis...

', 554, '2014-06-09', '2014-07-03', '1010101', '18:30:00', '09:00:00', 381, 44, '2013-01-02 12:00:00');
INSERT INTO "Wish" VALUES (396, 1, 'Nunc Velit tempus torquent rutrum leo aptent elementum ante porttitor.

', 835, '2014-08-02', '2014-03-06', '1010110', '12:30:00', '23:00:00', 371, 36, '2013-09-06 14:00:00');
INSERT INTO "Wish" VALUES (398, 22, 'Nostra cras montes accumsan class semper pellentesque nullam rhoncus quam.

', 791, '2014-08-04', '2014-01-09', '1111000', '14:00:00', '00:30:00', 45, 18, '2013-07-02 23:00:00');
INSERT INTO "Wish" VALUES (404, 67, 'Sociosqu fringilla nunc litora lobortis eros parturient; ultricies felis porttitor?

', 975, '2014-04-06', '2014-03-03', '0010111', '08:30:00', '00:00:00', 12, 47, '2013-02-06 14:00:00');
INSERT INTO "Wish" VALUES (411, 46, 'Penatibus in fringilla scelerisque dictumst volutpat eu elementum: conubia ultricies...

', 452, '2014-01-08', '2014-08-07', '0111001', '17:30:00', '08:30:00', 154, 36, '2013-07-01 06:00:00');
INSERT INTO "Wish" VALUES (414, 7, 'Fringilla sociis ullamcorper eu porta pharetra - conubia mus eleifend netus?

', 627, '2014-04-04', '2014-06-08', '0111010', '00:00:00', '21:30:00', 128, 1, '2013-02-06 15:00:00');
INSERT INTO "Wish" VALUES (416, 97, 'Taciti luctus Tristique euismod etiam dis pharetra turpis habitant commodo!

', 974, '2014-03-04', '2014-08-02', '1100011', '21:30:00', '14:30:00', 379, 25, '2013-01-03 06:00:00');
INSERT INTO "Wish" VALUES (417, 1, 'Habitasse sociosqu Potenti faucibus donec duis laoreet interdum et pharetra.

', 422, '2014-06-07', '2014-04-09', '0001111', '00:30:00', '15:00:00', 151, 24, '2013-05-09 03:00:00');
INSERT INTO "Wish" VALUES (418, 95, 'Amet gravida per erat aptent hac magna ultrices dui justo.

', 859, '2014-09-04', '2014-07-01', '1110010', '22:30:00', '17:30:00', 109, 43, '2013-01-06 09:00:00');
INSERT INTO "Wish" VALUES (420, 61, 'Scelerisque sollicitudin mauris aenean eget bibendum: duis hendrerit commodo ridiculus.

', 635, '2014-03-07', '2014-04-09', '1111000', '14:30:00', '03:00:00', 200, 0, '2013-04-06 07:00:00');
INSERT INTO "Wish" VALUES (421, 80, 'Senectus diam phasellus tempor semper sociis posuere pulvinar magna auctor.

', 415, '2014-06-04', '2014-08-09', '1010011', '14:00:00', '12:30:00', 94, 26, '2013-03-04 05:00:00');
INSERT INTO "Wish" VALUES (422, 88, 'Penatibus sociosqu Class inceptos sed lobortis; conubia varius suscipit justo.

', 581, '2014-03-05', '2014-05-05', '0111001', '14:30:00', '10:30:00', 144, 16, '2013-06-07 06:00:00');
INSERT INTO "Wish" VALUES (425, 68, 'Habitasse suspendisse tempor inceptos gravida volutpat etiam eget nullam ridiculus.

', 783, '2014-07-09', '2014-03-01', '1100101', '19:30:00', '13:30:00', 93, 15, '2013-02-02 22:00:00');
INSERT INTO "Wish" VALUES (427, 95, 'Elit lorem fringilla nunc accumsan platea imperdiet purus praesent interdum?

', 802, '2014-09-09', '2014-07-06', '0111010', '10:30:00', '18:30:00', 74, 20, '2013-04-03 17:00:00');
INSERT INTO "Wish" VALUES (428, 88, 'Maecenas taciti tempus dis rhoncus parturient fames vivamus aliquam ligula.

', 865, '2014-05-08', '2014-08-03', '1110100', '08:00:00', '14:30:00', 87, 35, '2013-08-09 16:00:00');
INSERT INTO "Wish" VALUES (429, 48, 'Convallis velit nascetur lacus sollicitudin nam sem: donec aptent nec.

', 937, '2014-08-09', '2014-07-06', '1000111', '11:00:00', '02:30:00', 61, 6, '2013-02-03 12:00:00');
INSERT INTO "Wish" VALUES (433, 8, 'Neque integre tristique risus dignissim egestas felis varius venenatis porttitor.

', 343, '2014-06-02', '2014-09-07', '1010101', '13:00:00', '09:30:00', 66, 6, '2013-02-01 02:00:00');
INSERT INTO "Wish" VALUES (437, 68, 'Curae libero quisque sollicitudin eu risus parturient: praesent auctor porttitor.

', 583, '2014-09-02', '2014-01-07', '1010110', '17:30:00', '07:00:00', 79, 12, '2013-04-03 11:00:00');
INSERT INTO "Wish" VALUES (439, 78, 'Ut dolor Phasellus aliquet sollicitudin nam eget - id platea fames.

', 592, '2014-09-03', '2014-06-07', '0001111', '03:30:00', '17:30:00', 16, 48, '2013-04-03 13:00:00');
INSERT INTO "Wish" VALUES (441, 41, 'Nulla erat ullamcorper posuere placerat at mollis conubia venenatis fermentum?

', 652, '2014-07-07', '2014-05-01', '1101001', '07:30:00', '18:00:00', 26, 2, '2013-07-01 14:00:00');
INSERT INTO "Wish" VALUES (445, 10, 'Quisque ut pretium rutrum ac placerat egestas et nec ridiculus.

', 750, '2014-07-07', '2014-01-05', '1000111', '21:00:00', '02:00:00', 201, 4, '2013-03-04 17:00:00');
INSERT INTO "Wish" VALUES (447, 84, 'Nostra velit Orci malesuada mi nullam nisl commodo varius eleifend.

', 775, '2014-09-08', '2014-07-04', '0101101', '04:00:00', '10:00:00', 192, 35, '2013-06-08 15:00:00');
INSERT INTO "Wish" VALUES (450, 57, 'Convallis sociosqu augue dapibus gravida volutpat donec hendrerit; purus et.

', 275, '2014-07-04', '2014-01-08', '0101110', '01:00:00', '03:30:00', 179, 48, '2013-09-03 00:00:00');
INSERT INTO "Wish" VALUES (454, 11, 'Penatibus sociosqu cubilia eu sapien risus facilisi praesent ante eleifend.

', 700, '2014-08-09', '2014-06-01', '0011101', '15:00:00', '10:00:00', 191, 22, '2013-09-01 01:00:00');
INSERT INTO "Wish" VALUES (455, 29, 'Quis dictumst Lacus orci placerat nisl et felis odio lacinia?

', 451, '2014-01-07', '2014-09-02', '1101001', '01:00:00', '13:00:00', 201, 33, '2013-03-01 16:00:00');
INSERT INTO "Wish" VALUES (457, 7, 'Nostra cras Quis tempor torquent etiam vestibulum leo: donec tellus?

', 294, '2014-09-01', '2014-03-01', '0010111', '06:30:00', '04:30:00', 219, 25, '2013-01-06 21:00:00');
INSERT INTO "Wish" VALUES (465, 61, 'Dapibus ut nascetur sed fusce leo, at ultrices eleifend aliquam.

', 931, '2014-01-05', '2014-01-09', '1010011', '11:00:00', '10:30:00', 234, 3, '2013-05-06 10:00:00');
INSERT INTO "Wish" VALUES (470, 82, 'Vitae sociosqu fringilla velit tempus gravida etiam mauris hendrerit justo.

', 659, '2014-02-07', '2014-04-02', '1100110', '12:00:00', '16:00:00', 70, 8, '2013-05-02 20:00:00');
INSERT INTO "Wish" VALUES (473, 48, 'Cras in Tristique lobortis aenean eget laoreet, egestas venenatis netus.

', 240, '2014-03-08', '2014-07-06', '0111001', '02:30:00', '16:30:00', 386, 8, '2013-04-09 01:00:00');
INSERT INTO "Wish" VALUES (475, 30, 'Potenti sed massa nam placerat mollis nisl ante mus congue!

', 524, '2014-03-04', '2014-04-01', '1011001', '14:30:00', '01:30:00', 222, 33, '2013-09-03 07:00:00');
INSERT INTO "Wish" VALUES (476, 68, 'Gravida semper Sollicitudin lobortis pretium etiam porta interdum - a sit!

', 399, '2014-01-03', '2014-04-04', '1001110', '00:30:00', '11:00:00', 68, 33, '2013-01-07 08:00:00');
INSERT INTO "Wish" VALUES (478, 2, 'Cursus scelerisque tincidunt torquent rutrum fusce: duis egestas lacinia justo?

', 249, '2014-07-05', '2014-02-03', '1001011', '10:30:00', '22:00:00', 2, 50, '2013-06-09 06:00:00');
INSERT INTO "Wish" VALUES (479, 78, 'Natoque accumsan Tempor consectetur sapien sem adipiscing platea a justo!

', 666, '2014-01-09', '2014-07-03', '1011001', '07:00:00', '13:30:00', 371, 50, '2013-01-04 01:00:00');
INSERT INTO "Wish" VALUES (480, 10, 'Vehicula taciti Curabitur class sapien porta - cum placerat ultrices porttitor?

', 629, '2014-07-02', '2014-06-08', '0111100', '05:30:00', '22:30:00', 68, 12, '2013-02-07 23:00:00');
INSERT INTO "Wish" VALUES (483, 99, 'Tortor amet Neque ut pellentesque vel; sapien ac rhoncus facilisis.

', 932, '2014-02-02', '2014-06-07', '0101101', '04:30:00', '21:00:00', 382, 25, '2013-09-05 18:00:00');
INSERT INTO "Wish" VALUES (484, 76, 'Montes natoque accumsan lacus vulputate enim; rhoncus feugiat nisl viverra.

', 487, '2014-08-01', '2014-04-06', '0101110', '01:00:00', '02:30:00', 53, 47, '2013-04-09 13:00:00');
INSERT INTO "Wish" VALUES (485, 79, 'Maecenas nunc taciti sapien primis faucibus donec mollis: purus odio?

', 991, '2014-09-04', '2014-05-05', '0101011', '17:00:00', '23:00:00', 127, 26, '2013-01-02 06:00:00');
INSERT INTO "Wish" VALUES (489, 100, 'Augue curabitur volutpat molestie parturient arcu habitant: fames varius fames.

', 770, '2014-08-03', '2014-03-08', '0100111', '06:30:00', '18:00:00', 167, 16, '2013-04-04 20:00:00');
INSERT INTO "Wish" VALUES (496, 10, 'Suspendisse quisque diam vulputate eu mi risus: placerat nisl mus.

', 288, '2014-08-02', '2014-09-07', '1011100', '07:30:00', '11:00:00', 27, 20, '2013-05-05 22:00:00');
INSERT INTO "Wish" VALUES (498, 61, 'Urna class Sollicitudin erat eu rhoncus; at ultrices odio sit.

', 940, '2014-03-06', '2014-04-01', '1101100', '20:30:00', '01:00:00', 223, 7, '2013-07-03 12:00:00');


--
-- Name: Wish_CustomerUserID_seq; Type: SEQUENCE SET; Schema: public; Owner: postgres
--

SELECT pg_catalog.setval('"Wish_CustomerUserID_seq"', 1, false);


--
-- Name: Wish_RegionID_seq; Type: SEQUENCE SET; Schema: public; Owner: postgres
--

SELECT pg_catalog.setval('"Wish_RegionID_seq"', 1, false);


--
-- Name: Wish_ServiceID_seq; Type: SEQUENCE SET; Schema: public; Owner: postgres
--

SELECT pg_catalog.setval('"Wish_ServiceID_seq"', 1, false);


--
-- Name: Wish_WishID_seq; Type: SEQUENCE SET; Schema: public; Owner: postgres
--

SELECT pg_catalog.setval('"Wish_WishID_seq"', 1, false);


--
-- Name: Answer_pkey; Type: CONSTRAINT; Schema: public; Owner: postgres; Tablespace: 
--

ALTER TABLE ONLY "Answer"
    ADD CONSTRAINT "Answer_pkey" PRIMARY KEY ("QuestionID", "AnswerID");


--
-- Name: Appointment_pkey; Type: CONSTRAINT; Schema: public; Owner: postgres; Tablespace: 
--

ALTER TABLE ONLY "Appointment"
    ADD CONSTRAINT "Appointment_pkey" PRIMARY KEY ("CustomerUserID", "ServiceID", "ServiceProviderUserID", "RegionID");


--
-- Name: Bids_pkey; Type: CONSTRAINT; Schema: public; Owner: postgres; Tablespace: 
--

ALTER TABLE ONLY "Bids"
    ADD CONSTRAINT "Bids_pkey" PRIMARY KEY ("ServiceProviderUserID", "WishID", "CustomerUserID");


--
-- Name: Customer_pkey; Type: CONSTRAINT; Schema: public; Owner: postgres; Tablespace: 
--

ALTER TABLE ONLY "Customer"
    ADD CONSTRAINT "Customer_pkey" PRIMARY KEY ("UserID");


--
-- Name: Follows_pkey; Type: CONSTRAINT; Schema: public; Owner: postgres; Tablespace: 
--

ALTER TABLE ONLY "Follows"
    ADD CONSTRAINT "Follows_pkey" PRIMARY KEY ("FollowerCustomerUserID", "FollowedCustomerUserID");


--
-- Name: Location_pkey; Type: CONSTRAINT; Schema: public; Owner: postgres; Tablespace: 
--

ALTER TABLE ONLY "Location"
    ADD CONSTRAINT "Location_pkey" PRIMARY KEY ("RegionID");


--
-- Name: Message_pkey; Type: CONSTRAINT; Schema: public; Owner: postgres; Tablespace: 
--

ALTER TABLE ONLY "Message"
    ADD CONSTRAINT "Message_pkey" PRIMARY KEY ("SenderCustomerUserID", "Timestamp");


--
-- Name: Provides_pkey; Type: CONSTRAINT; Schema: public; Owner: postgres; Tablespace: 
--

ALTER TABLE ONLY "Provides"
    ADD CONSTRAINT "Provides_pkey" PRIMARY KEY ("ServiceProviderUserID", "ServiceID", "RegionID");


--
-- Name: Question_pkey; Type: CONSTRAINT; Schema: public; Owner: postgres; Tablespace: 
--

ALTER TABLE ONLY "Question"
    ADD CONSTRAINT "Question_pkey" PRIMARY KEY ("QuestionID");


--
-- Name: Review_pkey; Type: CONSTRAINT; Schema: public; Owner: postgres; Tablespace: 
--

ALTER TABLE ONLY "Review"
    ADD CONSTRAINT "Review_pkey" PRIMARY KEY ("ReviewID", "CustomerUserID");


--
-- Name: ServiceProvider_pkey; Type: CONSTRAINT; Schema: public; Owner: postgres; Tablespace: 
--

ALTER TABLE ONLY "ServiceProvider"
    ADD CONSTRAINT "ServiceProvider_pkey" PRIMARY KEY ("UserID");


--
-- Name: Service_pkey; Type: CONSTRAINT; Schema: public; Owner: postgres; Tablespace: 
--

ALTER TABLE ONLY "Service"
    ADD CONSTRAINT "Service_pkey" PRIMARY KEY ("ServiceID");


--
-- Name: User_EmailID_key; Type: CONSTRAINT; Schema: public; Owner: postgres; Tablespace: 
--

ALTER TABLE ONLY "Users"
    ADD CONSTRAINT "User_EmailID_key" UNIQUE ("EmailID");


--
-- Name: User_LoginID_key; Type: CONSTRAINT; Schema: public; Owner: postgres; Tablespace: 
--

ALTER TABLE ONLY "Users"
    ADD CONSTRAINT "User_LoginID_key" UNIQUE ("LoginID");


--
-- Name: User_pkey; Type: CONSTRAINT; Schema: public; Owner: postgres; Tablespace: 
--

ALTER TABLE ONLY "Users"
    ADD CONSTRAINT "User_pkey" PRIMARY KEY ("UserID");


--
-- Name: Wish_pkey; Type: CONSTRAINT; Schema: public; Owner: postgres; Tablespace: 
--

ALTER TABLE ONLY "Wish"
    ADD CONSTRAINT "Wish_pkey" PRIMARY KEY ("WishID", "CustomerUserID");


--
-- Name: votePrimaryKey; Type: CONSTRAINT; Schema: public; Owner: postgres; Tablespace: 
--

ALTER TABLE ONLY "Vote"
    ADD CONSTRAINT "votePrimaryKey" PRIMARY KEY ("ReviewID", "CustomerUserID", "VotedByCustomerUserID");


--
-- Name: SPRating; Type: TRIGGER; Schema: public; Owner: postgres
--

CREATE TRIGGER "SPRating" AFTER INSERT OR DELETE ON "Review" FOR EACH ROW EXECUTE PROCEDURE "updateRating"();


--
-- Name: cumulativeVotes; Type: TRIGGER; Schema: public; Owner: postgres
--

CREATE TRIGGER "cumulativeVotes" AFTER INSERT OR DELETE OR UPDATE ON "Review" FOR EACH ROW EXECUTE PROCEDURE "cumulativeVotes"();


--
-- Name: voting; Type: TRIGGER; Schema: public; Owner: postgres
--

CREATE TRIGGER voting AFTER INSERT OR DELETE OR UPDATE ON "Vote" FOR EACH ROW EXECUTE PROCEDURE "totalVotes"();


--
-- Name: Appointment_CustomerUserID_fkey; Type: FK CONSTRAINT; Schema: public; Owner: postgres
--

ALTER TABLE ONLY "Appointment"
    ADD CONSTRAINT "Appointment_CustomerUserID_fkey" FOREIGN KEY ("CustomerUserID") REFERENCES "Customer"("UserID") MATCH FULL ON UPDATE CASCADE ON DELETE CASCADE;


--
-- Name: Appointment_RegionID_fkey; Type: FK CONSTRAINT; Schema: public; Owner: postgres
--

ALTER TABLE ONLY "Appointment"
    ADD CONSTRAINT "Appointment_RegionID_fkey" FOREIGN KEY ("RegionID") REFERENCES "Location"("RegionID") MATCH FULL ON UPDATE CASCADE ON DELETE CASCADE;


--
-- Name: Appointment_ServiceID_fkey; Type: FK CONSTRAINT; Schema: public; Owner: postgres
--

ALTER TABLE ONLY "Appointment"
    ADD CONSTRAINT "Appointment_ServiceID_fkey" FOREIGN KEY ("ServiceID") REFERENCES "Service"("ServiceID") MATCH FULL ON UPDATE CASCADE ON DELETE CASCADE;


--
-- Name: Appointment_ServiceProviderUserID_fkey; Type: FK CONSTRAINT; Schema: public; Owner: postgres
--

ALTER TABLE ONLY "Appointment"
    ADD CONSTRAINT "Appointment_ServiceProviderUserID_fkey" FOREIGN KEY ("ServiceProviderUserID") REFERENCES "ServiceProvider"("UserID") MATCH FULL ON UPDATE CASCADE ON DELETE CASCADE;


--
-- Name: Bids_CustomerUserID_fkey; Type: FK CONSTRAINT; Schema: public; Owner: postgres
--

ALTER TABLE ONLY "Bids"
    ADD CONSTRAINT "Bids_CustomerUserID_fkey" FOREIGN KEY ("CustomerUserID", "WishID") REFERENCES "Wish"("CustomerUserID", "WishID") MATCH FULL ON UPDATE CASCADE ON DELETE CASCADE;


--
-- Name: Bids_ServiceProviderUserID_fkey; Type: FK CONSTRAINT; Schema: public; Owner: postgres
--

ALTER TABLE ONLY "Bids"
    ADD CONSTRAINT "Bids_ServiceProviderUserID_fkey" FOREIGN KEY ("ServiceProviderUserID") REFERENCES "ServiceProvider"("UserID") MATCH FULL ON UPDATE CASCADE ON DELETE CASCADE;


--
-- Name: CustomerUserID; Type: FK CONSTRAINT; Schema: public; Owner: postgres
--

ALTER TABLE ONLY "Question"
    ADD CONSTRAINT "CustomerUserID" FOREIGN KEY ("CustomerUserID") REFERENCES "Customer"("UserID") MATCH FULL ON UPDATE CASCADE ON DELETE CASCADE;


--
-- Name: Customer_RegionID_fkey; Type: FK CONSTRAINT; Schema: public; Owner: postgres
--

ALTER TABLE ONLY "Customer"
    ADD CONSTRAINT "Customer_RegionID_fkey" FOREIGN KEY ("RegionID") REFERENCES "Location"("RegionID") MATCH FULL ON UPDATE CASCADE ON DELETE CASCADE;


--
-- Name: Customer_UserID_fkey; Type: FK CONSTRAINT; Schema: public; Owner: postgres
--

ALTER TABLE ONLY "Customer"
    ADD CONSTRAINT "Customer_UserID_fkey" FOREIGN KEY ("UserID") REFERENCES "Users"("UserID") MATCH FULL ON UPDATE CASCADE ON DELETE CASCADE;


--
-- Name: Follows_FollowedCustomerUserID_fkey; Type: FK CONSTRAINT; Schema: public; Owner: postgres
--

ALTER TABLE ONLY "Follows"
    ADD CONSTRAINT "Follows_FollowedCustomerUserID_fkey" FOREIGN KEY ("FollowedCustomerUserID") REFERENCES "Customer"("UserID") MATCH FULL ON UPDATE CASCADE ON DELETE CASCADE;


--
-- Name: Follows_FollowerCustomerUserID_fkey; Type: FK CONSTRAINT; Schema: public; Owner: postgres
--

ALTER TABLE ONLY "Follows"
    ADD CONSTRAINT "Follows_FollowerCustomerUserID_fkey" FOREIGN KEY ("FollowerCustomerUserID") REFERENCES "Customer"("UserID") MATCH FULL ON UPDATE CASCADE ON DELETE CASCADE;


--
-- Name: Message_ReceiverCustomerUserID_fkey; Type: FK CONSTRAINT; Schema: public; Owner: postgres
--

ALTER TABLE ONLY "Message"
    ADD CONSTRAINT "Message_ReceiverCustomerUserID_fkey" FOREIGN KEY ("ReceiverCustomerUserID") REFERENCES "Customer"("UserID") MATCH FULL ON UPDATE CASCADE ON DELETE CASCADE;


--
-- Name: Message_SenderCustomerUserID_fkey; Type: FK CONSTRAINT; Schema: public; Owner: postgres
--

ALTER TABLE ONLY "Message"
    ADD CONSTRAINT "Message_SenderCustomerUserID_fkey" FOREIGN KEY ("SenderCustomerUserID") REFERENCES "Customer"("UserID") MATCH FULL ON UPDATE CASCADE ON DELETE CASCADE;


--
-- Name: Provides_RegionID_fkey; Type: FK CONSTRAINT; Schema: public; Owner: postgres
--

ALTER TABLE ONLY "Provides"
    ADD CONSTRAINT "Provides_RegionID_fkey" FOREIGN KEY ("RegionID") REFERENCES "Location"("RegionID") MATCH FULL ON UPDATE CASCADE ON DELETE CASCADE;


--
-- Name: Provides_ServiceID_fkey; Type: FK CONSTRAINT; Schema: public; Owner: postgres
--

ALTER TABLE ONLY "Provides"
    ADD CONSTRAINT "Provides_ServiceID_fkey" FOREIGN KEY ("ServiceID") REFERENCES "Service"("ServiceID") MATCH FULL ON UPDATE CASCADE ON DELETE CASCADE;


--
-- Name: Provides_ServiceProviderUserID_fkey; Type: FK CONSTRAINT; Schema: public; Owner: postgres
--

ALTER TABLE ONLY "Provides"
    ADD CONSTRAINT "Provides_ServiceProviderUserID_fkey" FOREIGN KEY ("ServiceProviderUserID") REFERENCES "ServiceProvider"("UserID") MATCH FULL ON UPDATE CASCADE ON DELETE CASCADE;


--
-- Name: Review_CustomerUserID_fkey; Type: FK CONSTRAINT; Schema: public; Owner: postgres
--

ALTER TABLE ONLY "Review"
    ADD CONSTRAINT "Review_CustomerUserID_fkey" FOREIGN KEY ("CustomerUserID") REFERENCES "Customer"("UserID") MATCH FULL ON UPDATE CASCADE ON DELETE CASCADE;


--
-- Name: Review_ServiceID_fkey; Type: FK CONSTRAINT; Schema: public; Owner: postgres
--

ALTER TABLE ONLY "Review"
    ADD CONSTRAINT "Review_ServiceID_fkey" FOREIGN KEY ("ServiceID") REFERENCES "Service"("ServiceID") MATCH FULL ON UPDATE CASCADE ON DELETE CASCADE;


--
-- Name: ServiceProviderKey; Type: FK CONSTRAINT; Schema: public; Owner: postgres
--

ALTER TABLE ONLY "Question"
    ADD CONSTRAINT "ServiceProviderKey" FOREIGN KEY ("ServiceProviderUserID") REFERENCES "ServiceProvider"("UserID") MATCH FULL ON UPDATE CASCADE ON DELETE CASCADE;


--
-- Name: ServiceProviderKey; Type: FK CONSTRAINT; Schema: public; Owner: postgres
--

ALTER TABLE ONLY "Review"
    ADD CONSTRAINT "ServiceProviderKey" FOREIGN KEY ("ServiceProviderUserID") REFERENCES "ServiceProvider"("UserID") MATCH FULL ON UPDATE CASCADE ON DELETE CASCADE;


--
-- Name: ServiceProvider_UserID_fkey; Type: FK CONSTRAINT; Schema: public; Owner: postgres
--

ALTER TABLE ONLY "ServiceProvider"
    ADD CONSTRAINT "ServiceProvider_UserID_fkey" FOREIGN KEY ("UserID") REFERENCES "Users"("UserID") MATCH FULL ON UPDATE CASCADE ON DELETE CASCADE;


--
-- Name: VotedByCustomerUserIDKey; Type: FK CONSTRAINT; Schema: public; Owner: postgres
--

ALTER TABLE ONLY "Vote"
    ADD CONSTRAINT "VotedByCustomerUserIDKey" FOREIGN KEY ("VotedByCustomerUserID") REFERENCES "Customer"("UserID") MATCH FULL ON UPDATE CASCADE ON DELETE CASCADE;


--
-- Name: Wish_CustomerUserID_fkey; Type: FK CONSTRAINT; Schema: public; Owner: postgres
--

ALTER TABLE ONLY "Wish"
    ADD CONSTRAINT "Wish_CustomerUserID_fkey" FOREIGN KEY ("CustomerUserID") REFERENCES "Customer"("UserID") MATCH FULL ON UPDATE CASCADE ON DELETE CASCADE;


--
-- Name: Wish_RegionID_fkey; Type: FK CONSTRAINT; Schema: public; Owner: postgres
--

ALTER TABLE ONLY "Wish"
    ADD CONSTRAINT "Wish_RegionID_fkey" FOREIGN KEY ("RegionID") REFERENCES "Location"("RegionID") MATCH FULL ON UPDATE CASCADE ON DELETE CASCADE;


--
-- Name: Wish_ServiceID_fkey; Type: FK CONSTRAINT; Schema: public; Owner: postgres
--

ALTER TABLE ONLY "Wish"
    ADD CONSTRAINT "Wish_ServiceID_fkey" FOREIGN KEY ("ServiceID") REFERENCES "Service"("ServiceID") MATCH FULL ON UPDATE CASCADE ON DELETE CASCADE;


--
-- Name: questionIDKey; Type: FK CONSTRAINT; Schema: public; Owner: postgres
--

ALTER TABLE ONLY "Answer"
    ADD CONSTRAINT "questionIDKey" FOREIGN KEY ("QuestionID") REFERENCES "Question"("QuestionID") MATCH FULL ON UPDATE CASCADE ON DELETE CASCADE;


--
-- Name: reviewIDpKey; Type: FK CONSTRAINT; Schema: public; Owner: postgres
--

ALTER TABLE ONLY "Vote"
    ADD CONSTRAINT "reviewIDpKey" FOREIGN KEY ("ReviewID", "CustomerUserID") REFERENCES "Review"("ReviewID", "CustomerUserID") MATCH FULL ON UPDATE CASCADE ON DELETE CASCADE;


--
-- Name: public; Type: ACL; Schema: -; Owner: postgres
--

REVOKE ALL ON SCHEMA public FROM PUBLIC;
REVOKE ALL ON SCHEMA public FROM postgres;
GRANT ALL ON SCHEMA public TO postgres;
GRANT ALL ON SCHEMA public TO PUBLIC;


--
-- PostgreSQL database dump complete
--

\connect template1

--
-- PostgreSQL database dump
--

SET statement_timeout = 0;
SET lock_timeout = 0;
SET client_encoding = 'UTF8';
SET standard_conforming_strings = on;
SET check_function_bodies = false;
SET client_min_messages = warning;

--
-- Name: template1; Type: COMMENT; Schema: -; Owner: postgres
--

COMMENT ON DATABASE template1 IS 'default template for new databases';


--
-- Name: plpgsql; Type: EXTENSION; Schema: -; Owner: 
--

CREATE EXTENSION IF NOT EXISTS plpgsql WITH SCHEMA pg_catalog;


--
-- Name: EXTENSION plpgsql; Type: COMMENT; Schema: -; Owner: 
--

COMMENT ON EXTENSION plpgsql IS 'PL/pgSQL procedural language';


--
-- Name: public; Type: ACL; Schema: -; Owner: postgres
--

REVOKE ALL ON SCHEMA public FROM PUBLIC;
REVOKE ALL ON SCHEMA public FROM postgres;
GRANT ALL ON SCHEMA public TO postgres;
GRANT ALL ON SCHEMA public TO PUBLIC;


--
-- PostgreSQL database dump complete
--

--
-- PostgreSQL database cluster dump complete
--

